timestamp,asset_id,asset_type,p_mw,q_mvar,available_pv_mw,quality,provenance
2024-01-15T00:00:00+05:30,Load_1,load,0.03433681457300753,0.01030104437190226,0.0,good,synthetic_demo_v1
2024-01-15T00:00:00+05:30,Load_2,load,0.07507383945767697,0.02252215183730309,0.0,good,synthetic_demo_v1
2024-01-15T00:00:00+05:30,Load_3,load,0.05960973653920636,0.017882920961761906,0.0,good,synthetic_demo_v1
2024-01-15T00:00:00+05:30,Load_4,load,0.05018257028966726,0.015054771086900176,0.0,good,synthetic_demo_v1
2024-01-15T00:00:00+05:30,Load_5,load,0.01888677342959068,0.005666032028877204,0.0,good,synthetic_demo_v1
2024-01-15T00:00:00+05:30,Load_6,load,0.018885068074874903,0.005665520422462471,0.0,good,synthetic_demo_v1
2024-01-15T00:00:00+05:30,Load_7,load,0.011962510298737978,0.0035887530896213933,0.0,good,synthetic_demo_v1
2024-01-15T00:00:00+05:30,Load_8,load,0.06909676997447053,0.02072903099234116,0.0,good,synthetic_demo_v1
2024-01-15T00:00:00+05:30,Load_9,load,0.05035625322433956,0.015106875967301866,0.0,good,synthetic_demo_v1
2024-01-15T00:00:00+05:30,Load_10,load,0.0579184334190659,0.01737553002571977,0.0,good,synthetic_demo_v1
2024-01-15T00:00:00+05:30,Load_11,load,0.009311224401354486,0.0027933673204063457,0.0,good,synthetic_demo_v1
2024-01-15T00:00:00+05:30,Load_12,load,0.07643101484292854,0.022929304452878562,0.0,good,synthetic_demo_v1
2024-01-15T00:00:00+05:30,Load_13,load,0.06671172277649157,0.02001351683294747,0.0,good,synthetic_demo_v1
2024-01-15T00:00:00+05:30,Load_14,load,0.022868778259101715,0.0068606334777305145,0.0,good,synthetic_demo_v1
2024-01-15T00:00:00+05:30,Load_15,load,0.020711348355519483,0.0062134045066558445,0.0,good,synthetic_demo_v1
2024-01-15T00:00:00+05:30,Load_16,load,0.02082302615969582,0.006246907847908746,0.0,good,synthetic_demo_v1
2024-01-15T00:00:00+05:30,Load_17,load,0.029366570537091193,0.008809971161127358,0.0,good,synthetic_demo_v1
2024-01-15T00:00:00+05:30,Load_18,load,0.04495750151819698,0.013487250455459095,0.0,good,synthetic_demo_v1
2024-01-15T00:00:00+05:30,Load_19,load,0.03839549141400526,0.011518647424201577,0.0,good,synthetic_demo_v1
2024-01-15T00:00:00+05:30,Load_20,load,0.02844651007193149,0.008533953021579447,0.0,good,synthetic_demo_v1
2024-01-15T00:00:00+05:30,Load_21,load,0.05111544968883521,0.015334634906650563,0.0,good,synthetic_demo_v1
2024-01-15T00:00:00+05:30,Load_22,load,0.01771842819638478,0.005315528458915434,0.0,good,synthetic_demo_v1
2024-01-15T00:00:00+05:30,Load_23,load,0.028511238910395156,0.008553371673118546,0.0,good,synthetic_demo_v1
2024-01-15T00:00:00+05:30,Load_24,load,0.03375858906076623,0.010127576718229869,0.0,good,synthetic_demo_v1
2024-01-15T00:00:00+05:30,Load_25,load,0.04010118969793024,0.012030356909379071,0.0,good,synthetic_demo_v1
2024-01-15T00:00:00+05:30,Load_26,load,0.0633698446833737,0.019010953405012108,0.0,good,synthetic_demo_v1
2024-01-15T00:00:00+05:30,Load_27,load,0.021973306344139656,0.006591991903241896,0.0,good,synthetic_demo_v1
2024-01-15T00:00:00+05:30,Load_28,load,0.04421356902549578,0.013264070707648734,0.0,good,synthetic_demo_v1
2024-01-15T00:00:00+05:30,Load_29,load,0.049741109113741515,0.014922332734122454,0.0,good,synthetic_demo_v1
2024-01-15T00:00:00+05:30,Load_30,load,0.011140012613767899,0.0033420037841303697,0.0,good,synthetic_demo_v1
2024-01-15T00:00:00+05:30,Load_31,load,0.05081085977247099,0.015243257931741297,0.0,good,synthetic_demo_v1
2024-01-15T00:00:00+05:30,Load_32,load,0.019912349105602134,0.00597370473168064,0.0,good,synthetic_demo_v1
2024-01-15T00:00:00+05:30,PV_5,pv,0.0,0.0,0.0,good,synthetic_demo_v1
2024-01-15T00:00:00+05:30,PV_10,pv,0.0,0.0,0.0,good,synthetic_demo_v1
2024-01-15T00:00:00+05:30,PV_17,pv,0.0,0.0,0.0,good,synthetic_demo_v1
2024-01-15T00:00:00+05:30,PV_24,pv,0.0,0.0,0.0,good,synthetic_demo_v1
2024-01-15T00:00:00+05:30,PV_30,pv,0.0,0.0,0.0,good,synthetic_demo_v1
2024-01-15T00:00:00+05:30,Battery_18,battery,0.0,0.0,0.0,good,synthetic_demo_v1
2024-01-15T01:00:00+05:30,Load_1,load,0.034660899871756176,0.010398269961526853,0.0,good,synthetic_demo_v1
2024-01-15T01:00:00+05:30,Load_2,load,0.07578241793216293,0.02273472537964888,0.0,good,synthetic_demo_v1
2024-01-15T01:00:00+05:30,Load_3,load,0.06017235830581086,0.018051707491743257,0.0,good,synthetic_demo_v1
2024-01-15T01:00:00+05:30,Load_4,load,0.050656214495938115,0.015196864348781433,0.0,good,synthetic_demo_v1
2024-01-15T01:00:00+05:30,Load_5,load,0.01906503474140551,0.005719510422421653,0.0,good,synthetic_demo_v1
2024-01-15T01:00:00+05:30,Load_6,load,0.019063313290834615,0.005718993987250384,0.0,good,synthetic_demo_v1
2024-01-15T01:00:00+05:30,Load_7,load,0.012075417502628635,0.0036226252507885904,0.0,good,synthetic_demo_v1
2024-01-15T01:00:00+05:30,Load_8,load,0.06974893435308899,0.020924680305926695,0.0,good,synthetic_demo_v1
2024-01-15T01:00:00+05:30,Load_9,load,0.05083153672320266,0.015249461016960798,0.0,good,synthetic_demo_v1
2024-01-15T01:00:00+05:30,Load_10,load,0.05846509195542376,0.017539527586627128,0.0,good,synthetic_demo_v1
2024-01-15T01:00:00+05:30,Load_11,load,0.00939910765375731,0.0028197322961271932,0.0,good,synthetic_demo_v1
2024-01-15T01:00:00+05:30,Load_12,load,0.0771524029095579,0.023145720872867367,0.0,good,synthetic_demo_v1
2024-01-15T01:00:00+05:30,Load_13,load,0.06734137607645295,0.020202412822935886,0.0,good,synthetic_demo_v1
2024-01-15T01:00:00+05:30,Load_14,load,0.023084623407415027,0.006925387022224508,0.0,good,synthetic_demo_v1
2024-01-15T01:00:00+05:30,Load_15,load,0.020906830772940997,0.006272049231882299,0.0,good,synthetic_demo_v1
2024-01-15T01:00:00+05:30,Load_16,load,0.02101956263920726,0.006305868791762178,0.0,good,synthetic_demo_v1
2024-01-15T01:00:00+05:30,Load_17,load,0.029643744582036467,0.00889312337461094,0.0,good,synthetic_demo_v1
2024-01-15T01:00:00+05:30,Load_18,load,0.0453818293276255,0.01361454879828765,0.0,good,synthetic_demo_v1
2024-01-15T01:00:00+05:30,Load_19,load,0.03875788421194671,0.011627365263584013,0.0,good,synthetic_demo_v1
2024-01-15T01:00:00+05:30,Load_20,load,0.02871500019920921,0.008614500059762763,0.0,good,synthetic_demo_v1
2024-01-15T01:00:00+05:30,Load_21,load,0.051597898803264715,0.015479369640979413,0.0,good,synthetic_demo_v1
2024-01-15T01:00:00+05:30,Load_22,load,0.017885662174457282,0.005365698652337185,0.0,good,synthetic_demo_v1
2024-01-15T01:00:00+05:30,Load_23,load,0.02878033997567665,0.008634101992702994,0.0,good,synthetic_demo_v1
2024-01-15T01:00:00+05:30,Load_24,load,0.03407721682391616,0.010223165047174847,0.0,good,synthetic_demo_v1
2024-01-15T01:00:00+05:30,Load_25,load,0.04047968159372905,0.012143904478118714,0.0,good,synthetic_demo_v1
2024-01-15T01:00:00+05:30,Load_26,load,0.06396795593222586,0.019190386779667758,0.0,good,synthetic_demo_v1
2024-01-15T01:00:00+05:30,Load_27,load,0.022180699651864654,0.006654209895559396,0.0,good,synthetic_demo_v1
2024-01-15T01:00:00+05:30,Load_28,load,0.04463087528714405,0.013389262586143215,0.0,good,synthetic_demo_v1
2024-01-15T01:00:00+05:30,Load_29,load,0.05021058662374584,0.015063175987123752,0.0,good,synthetic_demo_v1
2024-01-15T01:00:00+05:30,Load_30,load,0.011245156738547452,0.0033735470215642354,0.0,good,synthetic_demo_v1
2024-01-15T01:00:00+05:30,Load_31,load,0.051290434039152726,0.015387130211745818,0.0,good,synthetic_demo_v1
2024-01-15T01:00:00+05:30,Load_32,load,0.020100290232026523,0.0060300870696079565,0.0,good,synthetic_demo_v1
2024-01-15T01:00:00+05:30,PV_5,pv,0.0,0.0,0.0,good,synthetic_demo_v1
2024-01-15T01:00:00+05:30,PV_10,pv,0.0,0.0,0.0,good,synthetic_demo_v1
2024-01-15T01:00:00+05:30,PV_17,pv,0.0,0.0,0.0,good,synthetic_demo_v1
2024-01-15T01:00:00+05:30,PV_24,pv,0.0,0.0,0.0,good,synthetic_demo_v1
2024-01-15T01:00:00+05:30,PV_30,pv,0.0,0.0,0.0,good,synthetic_demo_v1
2024-01-15T01:00:00+05:30,Battery_18,battery,0.0,0.0,0.0,good,synthetic_demo_v1
2024-01-15T02:00:00+05:30,Load_1,load,0.016786806275182947,0.005036041882554884,0.0,good,synthetic_demo_v1
2024-01-15T02:00:00+05:30,Load_2,load,0.036702589188366434,0.01101077675650993,0.0,good,synthetic_demo_v1
2024-01-15T02:00:00+05:30,Load_3,load,0.029142397506639328,0.008742719251991798,0.0,good,synthetic_demo_v1
2024-01-15T02:00:00+05:30,Load_4,load,0.024533582870719106,0.007360074861215732,0.0,good,synthetic_demo_v1
2024-01-15T02:00:00+05:30,Load_5,load,0.009233489205927859,0.002770046761778358,0.0,good,synthetic_demo_v1
2024-01-15T02:00:00+05:30,Load_6,load,0.009232655480971125,0.0027697966442913374,0.0,good,synthetic_demo_v1
2024-01-15T02:00:00+05:30,Load_7,load,0.005848310201367825,0.0017544930604103475,0.0,good,synthetic_demo_v1
2024-01-15T02:00:00+05:30,Load_8,load,0.033780480403506424,0.010134144121051927,0.0,good,synthetic_demo_v1
2024-01-15T02:00:00+05:30,Load_9,load,0.024618494118716503,0.007385548235614951,0.0,good,synthetic_demo_v1
2024-01-15T02:00:00+05:30,Load_10,load,0.02831554218579867,0.008494662655739602,0.0,good,synthetic_demo_v1
2024-01-15T02:00:00+05:30,Load_11,load,0.004552132227581978,0.0013656396682745933,0.0,good,synthetic_demo_v1
2024-01-15T02:00:00+05:30,Load_12,load,0.037366093958886834,0.01120982818766605,0.0,good,synthetic_demo_v1
2024-01-15T02:00:00+05:30,Load_13,load,0.03261446294476655,0.009784338883429963,0.0,good,synthetic_demo_v1
2024-01-15T02:00:00+05:30,Load_14,load,0.011180237746556673,0.003354071323967002,0.0,good,synthetic_demo_v1
2024-01-15T02:00:00+05:30,Load_15,load,0.010125499318019055,0.0030376497954057165,0.0,good,synthetic_demo_v1
2024-01-15T02:00:00+05:30,Load_16,load,0.010180097092660031,0.0030540291277980094,0.0,good,synthetic_demo_v1
2024-01-15T02:00:00+05:30,Load_17,load,0.01435692089388437,0.004307076268165311,0.0,good,synthetic_demo_v1
2024-01-15T02:00:00+05:30,Load_18,load,0.021979117107603998,0.006593735132281199,0.0,good,synthetic_demo_v1
2024-01-15T02:00:00+05:30,Load_19,load,0.018771038729784598,0.0056313116189353795,0.0,good,synthetic_demo_v1
2024-01-15T02:00:00+05:30,Load_20,load,0.013907115721734477,0.004172134716520343,0.0,good,synthetic_demo_v1
2024-01-15T02:00:00+05:30,Load_21,load,0.024989655047089596,0.0074968965141268785,0.0,good,synthetic_demo_v1
2024-01-15T02:00:00+05:30,Load_22,load,0.00866230095401067,0.002598690286203201,0.0,good,synthetic_demo_v1
2024-01-15T02:00:00+05:30,Load_23,load,0.013938760779239646,0.004181628233771894,0.0,good,synthetic_demo_v1
2024-01-15T02:00:00+05:30,Load_24,load,0.016504119608464787,0.004951235882539436,0.0,good,synthetic_demo_v1
2024-01-15T02:00:00+05:30,Load_25,load,0.019604931652358416,0.005881479495707525,0.0,good,synthetic_demo_v1
2024-01-15T02:00:00+05:30,Load_26,load,0.030980663745799858,0.009294199123739957,0.0,good,synthetic_demo_v1
2024-01-15T02:00:00+05:30,Load_27,load,0.01074245358549614,0.003222736075648842,0.0,good,synthetic_demo_v1
2024-01-15T02:00:00+05:30,Load_28,load,0.021615418529501006,0.006484625558850302,0.0,good,synthetic_demo_v1
2024-01-15T02:00:00+05:30,Load_29,load,0.024317758446396838,0.007295327533919051,0.0,good,synthetic_demo_v1
2024-01-15T02:00:00+05:30,Load_30,load,0.00544620215870061,0.001633860647610183,0.0,good,synthetic_demo_v1
2024-01-15T02:00:00+05:30,Load_31,load,0.024840745138498373,0.007452223541549512,0.0,good,synthetic_demo_v1
2024-01-15T02:00:00+05:30,Load_32,load,0.009734879343826027,0.002920463803147808,0.0,good,synthetic_demo_v1
2024-01-15T02:00:00+05:30,PV_5,pv,0.0,0.0,0.0,good,synthetic_demo_v1
2024-01-15T02:00:00+05:30,PV_10,pv,0.0,0.0,0.0,good,synthetic_demo_v1
2024-01-15T02:00:00+05:30,PV_17,pv,0.0,0.0,0.0,good,synthetic_demo_v1
2024-01-15T02:00:00+05:30,PV_24,pv,0.0,0.0,0.0,good,synthetic_demo_v1
2024-01-15T02:00:00+05:30,PV_30,pv,0.0,0.0,0.0,good,synthetic_demo_v1
2024-01-15T02:00:00+05:30,Battery_18,battery,0.0,0.0,0.0,good,synthetic_demo_v1
2024-01-15T03:00:00+05:30,Load_1,load,0.01758669865194252,0.005276009595582756,0.0,good,synthetic_demo_v1
2024-01-15T03:00:00+05:30,Load_2,load,0.03845146987584506,0.011535440962753517,0.0,good,synthetic_demo_v1
2024-01-15T03:00:00+05:30,Load_3,load,0.030531034584111282,0.009159310375233385,0.0,good,synthetic_demo_v1
2024-01-15T03:00:00+05:30,Load_4,load,0.025702609640385184,0.007710782892115554,0.0,good,synthetic_demo_v1
2024-01-15T03:00:00+05:30,Load_5,load,0.009673465548398218,0.0029020396645194654,0.0,good,synthetic_demo_v1
2024-01-15T03:00:00+05:30,Load_6,load,0.009672592096394763,0.0029017776289184285,0.0,good,synthetic_demo_v1
2024-01-15T03:00:00+05:30,Load_7,load,0.006126982550968664,0.0018380947652905993,0.0,good,synthetic_demo_v1
2024-01-15T03:00:00+05:30,Load_8,load,0.03539012242326258,0.010617036726978774,0.0,good,synthetic_demo_v1
2024-01-15T03:00:00+05:30,Load_9,load,0.025791566914699967,0.00773747007440999,0.0,good,synthetic_demo_v1
2024-01-15T03:00:00+05:30,Load_10,load,0.029664779555131898,0.00889943386653957,0.0,good,synthetic_demo_v1
2024-01-15T03:00:00+05:30,Load_11,load,0.004769041615058941,0.0014307124845176823,0.0,good,synthetic_demo_v1
2024-01-15T03:00:00+05:30,Load_12,load,0.039146590690488606,0.011743977207146582,0.0,good,synthetic_demo_v1
2024-01-15T03:00:00+05:30,Load_13,load,0.03416854415914226,0.010250563247742676,0.0,good,synthetic_demo_v1
2024-01-15T03:00:00+05:30,Load_14,load,0.011712976779653831,0.003513893033896149,0.0,good,synthetic_demo_v1
2024-01-15T03:00:00+05:30,Load_15,load,0.010607979998536672,0.0031823939995610016,0.0,good,synthetic_demo_v1
2024-01-15T03:00:00+05:30,Load_16,load,0.010665179360579528,0.0031995538081738585,0.0,good,synthetic_demo_v1
2024-01-15T03:00:00+05:30,Load_17,load,0.015041029079116473,0.004512308723734941,0.0,good,synthetic_demo_v1
2024-01-15T03:00:00+05:30,Load_18,load,0.023026423422699165,0.006907927026809749,0.0,good,synthetic_demo_v1
2024-01-15T03:00:00+05:30,Load_19,load,0.019665479908033655,0.0058996439724100964,0.0,good,synthetic_demo_v1
2024-01-15T03:00:00+05:30,Load_20,load,0.014569790662171133,0.004370937198651339,0.0,good,synthetic_demo_v1
2024-01-15T03:00:00+05:30,Load_21,load,0.026180413684697118,0.007854124105409135,0.0,good,synthetic_demo_v1
2024-01-15T03:00:00+05:30,Load_22,load,0.009075060140286247,0.002722518042085874,0.0,good,synthetic_demo_v1
2024-01-15T03:00:00+05:30,Load_23,load,0.0146029436086604,0.00438088308259812,0.0,good,synthetic_demo_v1
2024-01-15T03:00:00+05:30,Load_24,load,0.01729054194774297,0.005187162584322891,0.0,good,synthetic_demo_v1
2024-01-15T03:00:00+05:30,Load_25,load,0.02053910788091223,0.006161732364273669,0.0,good,synthetic_demo_v1
2024-01-15T03:00:00+05:30,Load_26,load,0.032456894325398104,0.00973706829761943,0.0,good,synthetic_demo_v1
2024-01-15T03:00:00+05:30,Load_27,load,0.011254332175733711,0.0033762996527201133,0.0,good,synthetic_demo_v1
2024-01-15T03:00:00+05:30,Load_28,load,0.02264539458443269,0.006793618375329807,0.0,good,synthetic_demo_v1
2024-01-15T03:00:00+05:30,Load_29,load,0.025476501168644725,0.007642950350593417,0.0,good,synthetic_demo_v1
2024-01-15T03:00:00+05:30,Load_30,load,0.005705714034731278,0.0017117142104193836,0.0,good,synthetic_demo_v1
2024-01-15T03:00:00+05:30,Load_31,load,0.026024408209578617,0.007807322462873585,0.0,good,synthetic_demo_v1
2024-01-15T03:00:00+05:30,Load_32,load,0.010198746957960136,0.0030596240873880408,0.0,good,synthetic_demo_v1
2024-01-15T03:00:00+05:30,PV_5,pv,0.0,0.0,0.0,good,synthetic_demo_v1
2024-01-15T03:00:00+05:30,PV_10,pv,0.0,0.0,0.0,good,synthetic_demo_v1
2024-01-15T03:00:00+05:30,PV_17,pv,0.0,0.0,0.0,good,synthetic_demo_v1
2024-01-15T03:00:00+05:30,PV_24,pv,0.0,0.0,0.0,good,synthetic_demo_v1
2024-01-15T03:00:00+05:30,PV_30,pv,0.0,0.0,0.0,good,synthetic_demo_v1
2024-01-15T03:00:00+05:30,Battery_18,battery,0.0,0.0,0.0,good,synthetic_demo_v1
2024-01-15T04:00:00+05:30,Load_1,load,0.016707954573511055,0.005012386372053317,0.0,good,synthetic_demo_v1
2024-01-15T04:00:00+05:30,Load_2,load,0.0365301882226422,0.01095905646679266,0.0,good,synthetic_demo_v1
2024-01-15T04:00:00+05:30,Load_3,load,0.029005508595399885,0.008701652578619965,0.0,good,synthetic_demo_v1
2024-01-15T04:00:00+05:30,Load_4,load,0.024418342679955452,0.007325502803986635,0.0,good,synthetic_demo_v1
2024-01-15T04:00:00+05:30,Load_5,load,0.009190117267018143,0.002757035180105443,0.0,good,synthetic_demo_v1
2024-01-15T04:00:00+05:30,Load_6,load,0.009189287458269798,0.002756786237480939,0.0,good,synthetic_demo_v1
2024-01-15T04:00:00+05:30,Load_7,load,0.005820839269510781,0.0017462517808532344,0.0,good,synthetic_demo_v1
2024-01-15T04:00:00+05:30,Load_8,load,0.03362180529166884,0.010086541587500652,0.0,good,synthetic_demo_v1
2024-01-15T04:00:00+05:30,Load_9,load,0.024502855079220936,0.007350856523766281,0.0,good,synthetic_demo_v1
2024-01-15T04:00:00+05:30,Load_10,load,0.028182537214602135,0.008454761164380641,0.0,good,synthetic_demo_v1
2024-01-15T04:00:00+05:30,Load_11,load,0.004530749758129705,0.0013592249274389115,0.0,good,synthetic_demo_v1
2024-01-15T04:00:00+05:30,Load_12,load,0.03719057635028454,0.011157172905085362,0.0,good,synthetic_demo_v1
2024-01-15T04:00:00+05:30,Load_13,load,0.032461264899816704,0.00973837946994501,0.0,good,synthetic_demo_v1
2024-01-15T04:00:00+05:30,Load_14,load,0.011127721457456725,0.0033383164372370175,0.0,good,synthetic_demo_v1
2024-01-15T04:00:00+05:30,Load_15,load,0.010077937391204914,0.003023381217361474,0.0,good,synthetic_demo_v1
2024-01-15T04:00:00+05:30,Load_16,load,0.010132278706852597,0.003039683612055779,0.0,good,synthetic_demo_v1
2024-01-15T04:00:00+05:30,Load_17,load,0.014289482953355732,0.004286844886006719,0.0,good,synthetic_demo_v1
2024-01-15T04:00:00+05:30,Load_18,load,0.021875875862261068,0.0065627627586783205,0.0,good,synthetic_demo_v1
2024-01-15T04:00:00+05:30,Load_19,load,0.01868286660688468,0.005604859982065404,0.0,good,synthetic_demo_v1
2024-01-15T04:00:00+05:30,Load_20,load,0.013841790625225328,0.004152537187567598,0.0,good,synthetic_demo_v1
2024-01-15T04:00:00+05:30,Load_21,load,0.024872272574667207,0.007461681772400162,0.0,good,synthetic_demo_v1
2024-01-15T04:00:00+05:30,Load_22,load,0.008621612024894499,0.0025864836074683496,0.0,good,synthetic_demo_v1
2024-01-15T04:00:00+05:30,Load_23,load,0.013873287038218081,0.004161986111465424,0.0,good,synthetic_demo_v1
2024-01-15T04:00:00+05:30,Load_24,load,0.016426595754648242,0.004927978726394473,0.0,good,synthetic_demo_v1
2024-01-15T04:00:00+05:30,Load_25,load,0.01951284253209288,0.005853852759627864,0.0,good,synthetic_demo_v1
2024-01-15T04:00:00+05:30,Load_26,load,0.030835140052058747,0.009250542015617624,0.0,good,synthetic_demo_v1
2024-01-15T04:00:00+05:30,Load_27,load,0.010691993674810213,0.003207598102443064,0.0,good,synthetic_demo_v1
2024-01-15T04:00:00+05:30,Load_28,load,0.02151388566461526,0.006454165699384578,0.0,good,synthetic_demo_v1
2024-01-15T04:00:00+05:30,Load_29,load,0.024203532035314747,0.007261059610594424,0.0,good,synthetic_demo_v1
2024-01-15T04:00:00+05:30,Load_30,load,0.005420620025874215,0.0016261860077622645,0.0,good,synthetic_demo_v1
2024-01-15T04:00:00+05:30,Load_31,load,0.02472406213204323,0.007417218639612968,0.0,good,synthetic_demo_v1
2024-01-15T04:00:00+05:30,Load_32,load,0.009689152253797826,0.0029067456761393477,0.0,good,synthetic_demo_v1
2024-01-15T04:00:00+05:30,PV_5,pv,0.0,0.0,0.0,good,synthetic_demo_v1
2024-01-15T04:00:00+05:30,PV_10,pv,0.0,0.0,0.0,good,synthetic_demo_v1
2024-01-15T04:00:00+05:30,PV_17,pv,0.0,0.0,0.0,good,synthetic_demo_v1
2024-01-15T04:00:00+05:30,PV_24,pv,0.0,0.0,0.0,good,synthetic_demo_v1
2024-01-15T04:00:00+05:30,PV_30,pv,0.0,0.0,0.0,good,synthetic_demo_v1
2024-01-15T04:00:00+05:30,Battery_18,battery,0.0,0.0,0.0,good,synthetic_demo_v1
2024-01-15T05:00:00+05:30,Load_1,load,0.017105883595304853,0.005131765078591455,0.0,good,synthetic_demo_v1
2024-01-15T05:00:00+05:30,Load_2,load,0.03740021824345788,0.011220065473037362,0.0,good,synthetic_demo_v1
2024-01-15T05:00:00+05:30,Load_3,load,0.029696325272642835,0.00890889758179285,0.0,good,synthetic_demo_v1
2024-01-15T05:00:00+05:30,Load_4,load,0.024999908016017917,0.007499972404805375,0.0,good,synthetic_demo_v1
2024-01-15T05:00:00+05:30,Load_5,load,0.00940899590701832,0.0028226987721054956,0.0,good,synthetic_demo_v1
2024-01-15T05:00:00+05:30,Load_6,load,0.00940814633493018,0.0028224439004790537,0.0,good,synthetic_demo_v1
2024-01-15T05:00:00+05:30,Load_7,load,0.00595947268908014,0.0017878418067240418,0.0,good,synthetic_demo_v1
2024-01-15T05:00:00+05:30,Load_8,load,0.03442256711034571,0.010326770133103713,0.0,good,synthetic_demo_v1
2024-01-15T05:00:00+05:30,Load_9,load,0.025086433225183096,0.007525929967554928,0.0,good,synthetic_demo_v1
2024-01-15T05:00:00+05:30,Load_10,load,0.028853753395860715,0.008656126018758214,0.0,good,synthetic_demo_v1
2024-01-15T05:00:00+05:30,Load_11,load,0.004638657450319831,0.0013915972350959493,0.0,good,synthetic_demo_v1
2024-01-15T05:00:00+05:30,Load_12,load,0.03807633466390116,0.011422900399170348,0.0,good,synthetic_demo_v1
2024-01-15T05:00:00+05:30,Load_13,load,0.033234386428902765,0.00997031592867083,0.0,good,synthetic_demo_v1
2024-01-15T05:00:00+05:30,Load_14,load,0.011392747514050144,0.0034178242542150434,0.0,good,synthetic_demo_v1
2024-01-15T05:00:00+05:30,Load_15,load,0.010317961012895824,0.003095388303868747,0.0,good,synthetic_demo_v1
2024-01-15T05:00:00+05:30,Load_16,load,0.010373596561567873,0.0031120789684703615,0.0,good,synthetic_demo_v1
2024-01-15T05:00:00+05:30,Load_17,load,0.014629811863669084,0.004388943559100725,0.0,good,synthetic_demo_v1
2024-01-15T05:00:00+05:30,Load_18,load,0.022396887925374594,0.006719066377612378,0.0,good,synthetic_demo_v1
2024-01-15T05:00:00+05:30,Load_19,load,0.01912783159649318,0.005738349478947954,0.0,good,synthetic_demo_v1
2024-01-15T05:00:00+05:30,Load_20,load,0.014171456963443829,0.004251437089033148,0.0,good,synthetic_demo_v1
2024-01-15T05:00:00+05:30,Load_21,load,0.025464649041330424,0.0076393947123991265,0.0,good,synthetic_demo_v1
2024-01-15T05:00:00+05:30,Load_22,load,0.008826950722953393,0.002648085216886018,0.0,good,synthetic_demo_v1
2024-01-15T05:00:00+05:30,Load_23,load,0.01420370351833798,0.004261111055501394,0.0,good,synthetic_demo_v1
2024-01-15T05:00:00+05:30,Load_24,load,0.016817823726408027,0.0050453471179224075,0.0,good,synthetic_demo_v1
2024-01-15T05:00:00+05:30,Load_25,load,0.01997757484310373,0.005993272452931119,0.0,good,synthetic_demo_v1
2024-01-15T05:00:00+05:30,Load_26,load,0.03156953258729126,0.009470859776187378,0.0,good,synthetic_demo_v1
2024-01-15T05:00:00+05:30,Load_27,load,0.010946642115786229,0.003283992634735869,0.0,good,synthetic_demo_v1
2024-01-15T05:00:00+05:30,Load_28,load,0.022026276301053582,0.006607882890316074,0.0,good,synthetic_demo_v1
2024-01-15T05:00:00+05:30,Load_29,load,0.02477998128195306,0.007433994384585918,0.0,good,synthetic_demo_v1
2024-01-15T05:00:00+05:30,Load_30,load,0.005549721527492598,0.0016649164582477794,0.0,good,synthetic_demo_v1
2024-01-15T05:00:00+05:30,Load_31,load,0.025312908709024647,0.007593872612707393,0.0,good,synthetic_demo_v1
2024-01-15T05:00:00+05:30,Load_32,load,0.009919916280681023,0.0029759748842043067,0.0,good,synthetic_demo_v1
2024-01-15T05:00:00+05:30,PV_5,pv,0.0,0.0,0.0,good,synthetic_demo_v1
2024-01-15T05:00:00+05:30,PV_10,pv,0.0,0.0,0.0,good,synthetic_demo_v1
2024-01-15T05:00:00+05:30,PV_17,pv,0.0,0.0,0.0,good,synthetic_demo_v1
2024-01-15T05:00:00+05:30,PV_24,pv,0.0,0.0,0.0,good,synthetic_demo_v1
2024-01-15T05:00:00+05:30,PV_30,pv,0.0,0.0,0.0,good,synthetic_demo_v1
2024-01-15T05:00:00+05:30,Battery_18,battery,0.0,0.0,0.0,good,synthetic_demo_v1
2024-01-15T06:00:00+05:30,Load_1,load,0.03604841391917351,0.010814524175752053,0.0,good,synthetic_demo_v1
2024-01-15T06:00:00+05:30,Load_2,load,0.07881607169814059,0.023644821509442176,0.0,good,synthetic_demo_v1
2024-01-15T06:00:00+05:30,Load_3,load,0.06258112416949158,0.018774337250847473,0.0,good,synthetic_demo_v1
2024-01-15T06:00:00+05:30,Load_4,load,0.05268403862809151,0.015805211588427452,0.0,good,synthetic_demo_v1
2024-01-15T06:00:00+05:30,Load_5,load,0.01982822910785516,0.005948468732356548,0.0,good,synthetic_demo_v1
2024-01-15T06:00:00+05:30,Load_6,load,0.01982643874571942,0.005947931623715826,0.0,good,synthetic_demo_v1
2024-01-15T06:00:00+05:30,Load_7,load,0.01255880978255554,0.003767642934766662,0.0,good,synthetic_demo_v1
2024-01-15T06:00:00+05:30,Load_8,load,0.07254106111740767,0.0217623183352223,0.0,good,synthetic_demo_v1
2024-01-15T06:00:00+05:30,Load_9,load,0.05286637919746645,0.015859913759239935,0.0,good,synthetic_demo_v1
2024-01-15T06:00:00+05:30,Load_10,load,0.06080551406425075,0.018241654219275222,0.0,good,synthetic_demo_v1
2024-01-15T06:00:00+05:30,Load_11,load,0.009775364298882759,0.0029326092896648274,0.0,good,synthetic_demo_v1
2024-01-15T06:00:00+05:30,Load_12,load,0.0802408986850598,0.02407226960551794,0.0,good,synthetic_demo_v1
2024-01-15T06:00:00+05:30,Load_13,load,0.0700371256277977,0.02101113768833931,0.0,good,synthetic_demo_v1
2024-01-15T06:00:00+05:30,Load_14,load,0.024008726341142594,0.007202617902342778,0.0,good,synthetic_demo_v1
2024-01-15T06:00:00+05:30,Load_15,load,0.021743754265745943,0.006523126279723783,0.0,good,synthetic_demo_v1
2024-01-15T06:00:00+05:30,Load_16,load,0.021860998912944456,0.006558299673883336,0.0,good,synthetic_demo_v1
2024-01-15T06:00:00+05:30,Load_17,load,0.030830416370068815,0.009249124911020644,0.0,good,synthetic_demo_v1
2024-01-15T06:00:00+05:30,Load_18,load,0.04719851400466952,0.014159554201400856,0.0,good,synthetic_demo_v1
2024-01-15T06:00:00+05:30,Load_19,load,0.040309405060834747,0.012092821518250424,0.0,good,synthetic_demo_v1
2024-01-15T06:00:00+05:30,Load_20,load,0.029864493325337204,0.00895934799760116,0.0,good,synthetic_demo_v1
2024-01-15T06:00:00+05:30,Load_21,load,0.05366341959677089,0.016099025879031264,0.0,good,synthetic_demo_v1
2024-01-15T06:00:00+05:30,Load_22,load,0.018601644956388528,0.005580493486916558,0.0,good,synthetic_demo_v1
2024-01-15T06:00:00+05:30,Load_23,load,0.029932448725116186,0.008979734617534856,0.0,good,synthetic_demo_v1
2024-01-15T06:00:00+05:30,Load_24,load,0.035441365395217354,0.010632409618565207,0.0,good,synthetic_demo_v1
2024-01-15T06:00:00+05:30,Load_25,load,0.04210012789068302,0.012630038367204907,0.0,good,synthetic_demo_v1
2024-01-15T06:00:00+05:30,Load_26,load,0.06652866375484245,0.019958599126452734,0.0,good,synthetic_demo_v1
2024-01-15T06:00:00+05:30,Load_27,load,0.02306861752077103,0.006920585256231309,0.0,good,synthetic_demo_v1
2024-01-15T06:00:00+05:30,Load_28,load,0.046417498445762755,0.013925249533728826,0.0,good,synthetic_demo_v1
2024-01-15T06:00:00+05:30,Load_29,load,0.05222057178071754,0.015666171534215262,0.0,good,synthetic_demo_v1
2024-01-15T06:00:00+05:30,Load_30,load,0.011695312764440432,0.0035085938293321294,0.0,good,synthetic_demo_v1
2024-01-15T06:00:00+05:30,Load_31,load,0.05334364667906595,0.016003094003719784,0.0,good,synthetic_demo_v1
2024-01-15T06:00:00+05:30,Load_32,load,0.0209049270174906,0.0062714781052471795,0.0,good,synthetic_demo_v1
2024-01-15T06:00:00+05:30,PV_5,pv,0.0,0.0,0.04453605740455503,good,synthetic_demo_v1
2024-01-15T06:00:00+05:30,PV_10,pv,0.0,0.0,0.05525478170495966,good,synthetic_demo_v1
2024-01-15T06:00:00+05:30,PV_17,pv,0.0,0.0,0.04633716759901437,good,synthetic_demo_v1
2024-01-15T06:00:00+05:30,PV_24,pv,0.0,0.0,0.049187903335944305,good,synthetic_demo_v1
2024-01-15T06:00:00+05:30,PV_30,pv,0.0,0.0,0.03668273458911177,good,synthetic_demo_v1
2024-01-15T06:00:00+05:30,Battery_18,battery,0.0,0.0,0.0,good,synthetic_demo_v1
2024-01-15T07:00:00+05:30,Load_1,load,0.05391571140183745,0.016174713420551233,0.0,good,synthetic_demo_v1
2024-01-15T07:00:00+05:30,Load_2,load,0.11788104145251403,0.035364312435754205,0.0,good,synthetic_demo_v1
2024-01-15T07:00:00+05:30,Load_3,load,0.09359928671175836,0.028079786013527508,0.0,good,synthetic_demo_v1
2024-01-15T07:00:00+05:30,Load_4,load,0.07879673786825411,0.023639021360476232,0.0,good,synthetic_demo_v1
2024-01-15T07:00:00+05:30,Load_5,load,0.02965603647876506,0.008896810943629518,0.0,good,synthetic_demo_v1
2024-01-15T07:00:00+05:30,Load_6,load,0.02965335872854748,0.008896007618564244,0.0,good,synthetic_demo_v1
2024-01-15T07:00:00+05:30,Load_7,load,0.01878354940400556,0.005635064821201669,0.0,good,synthetic_demo_v1
2024-01-15T07:00:00+05:30,Load_8,load,0.10849583908902462,0.03254875172670738,0.0,good,synthetic_demo_v1
2024-01-15T07:00:00+05:30,Load_9,load,0.07906945504070195,0.023720836512210585,0.0,good,synthetic_demo_v1
2024-01-15T07:00:00+05:30,Load_10,load,0.09094360032813548,0.027283080098440642,0.0,good,synthetic_demo_v1
2024-01-15T07:00:00+05:30,Load_11,load,0.014620496800999661,0.004386149040299898,0.0,good,synthetic_demo_v1
2024-01-15T07:00:00+05:30,Load_12,load,0.12001208002737425,0.036003624008212276,0.0,good,synthetic_demo_v1
2024-01-15T07:00:00+05:30,Load_13,load,0.10475083484197714,0.03142525045259314,0.0,good,synthetic_demo_v1
2024-01-15T07:00:00+05:30,Load_14,load,0.035908585699140655,0.010772575709742197,0.0,good,synthetic_demo_v1
2024-01-15T07:00:00+05:30,Load_15,load,0.032520986427114026,0.009756295928134208,0.0,good,synthetic_demo_v1
2024-01-15T07:00:00+05:30,Load_16,load,0.032696343062108814,0.009808902918632643,0.0,good,synthetic_demo_v1
2024-01-15T07:00:00+05:30,Load_17,load,0.04611142767984578,0.013833428303953734,0.0,good,synthetic_demo_v1
2024-01-15T07:00:00+05:30,Load_18,load,0.0705923280113537,0.021177698403406112,0.0,good,synthetic_demo_v1
2024-01-15T07:00:00+05:30,Load_19,load,0.060288651115487424,0.018086595334646228,0.0,good,synthetic_demo_v1
2024-01-15T07:00:00+05:30,Load_20,load,0.04466674752740128,0.013400024258220384,0.0,good,synthetic_demo_v1
2024-01-15T07:00:00+05:30,Load_21,load,0.08026154632773765,0.024078463898321294,0.0,good,synthetic_demo_v1
2024-01-15T07:00:00+05:30,Load_22,load,0.027821499256993752,0.008346449777098126,0.0,good,synthetic_demo_v1
2024-01-15T07:00:00+05:30,Load_23,load,0.044768384834687404,0.013430515450406222,0.0,good,synthetic_demo_v1
2024-01-15T07:00:00+05:30,Load_24,load,0.053007780942042004,0.0159023342826126,0.0,good,synthetic_demo_v1
2024-01-15T07:00:00+05:30,Load_25,load,0.06296694080421708,0.018890082241265125,0.0,good,synthetic_demo_v1
2024-01-15T07:00:00+05:30,Load_26,load,0.09950341346497188,0.029851024039491563,0.0,good,synthetic_demo_v1
2024-01-15T07:00:00+05:30,Load_27,load,0.03450251452055502,0.010350754356166506,0.0,good,synthetic_demo_v1
2024-01-15T07:00:00+05:30,Load_28,load,0.06942420423290462,0.020827261269871385,0.0,good,synthetic_demo_v1
2024-01-15T07:00:00+05:30,Load_29,load,0.07810355494921191,0.023431066484763573,0.0,good,synthetic_demo_v1
2024-01-15T07:00:00+05:30,Load_30,load,0.01749206245732803,0.005247618737198408,0.0,good,synthetic_demo_v1
2024-01-15T07:00:00+05:30,Load_31,load,0.07978327884047012,0.023934983652141036,0.0,good,synthetic_demo_v1
2024-01-15T07:00:00+05:30,Load_32,load,0.03126639675406111,0.009379919026218332,0.0,good,synthetic_demo_v1
2024-01-15T07:00:00+05:30,PV_5,pv,0.0,0.0,0.08260996696010697,good,synthetic_demo_v1
2024-01-15T07:00:00+05:30,PV_10,pv,0.0,0.0,0.11910422651694205,good,synthetic_demo_v1
2024-01-15T07:00:00+05:30,PV_17,pv,0.0,0.0,0.08036462256136934,good,synthetic_demo_v1
2024-01-15T07:00:00+05:30,PV_24,pv,0.0,0.0,0.1034371596781039,good,synthetic_demo_v1
2024-01-15T07:00:00+05:30,PV_30,pv,0.0,0.0,0.05942437561703799,good,synthetic_demo_v1
2024-01-15T07:00:00+05:30,Battery_18,battery,0.0,0.0,0.0,good,synthetic_demo_v1
2024-01-15T08:00:00+05:30,Load_1,load,0.05372885033017594,0.01611865509905278,0.0,good,synthetic_demo_v1
2024-01-15T08:00:00+05:30,Load_2,load,0.11747248934104841,0.035241746802314525,0.0,good,synthetic_demo_v1
2024-01-15T08:00:00+05:30,Load_3,load,0.09327489030546118,0.027982467091638354,0.0,good,synthetic_demo_v1
2024-01-15T08:00:00+05:30,Load_4,load,0.07852364413548754,0.02355709324064626,0.0,good,synthetic_demo_v1
2024-01-15T08:00:00+05:30,Load_5,load,0.029553254588040232,0.00886597637641207,0.0,good,synthetic_demo_v1
2024-01-15T08:00:00+05:30,Load_6,load,0.029550586118369315,0.008865175835510794,0.0,good,synthetic_demo_v1
2024-01-15T08:00:00+05:30,Load_7,load,0.018718449378799927,0.005615534813639978,0.0,good,synthetic_demo_v1
2024-01-15T08:00:00+05:30,Load_8,load,0.10811981421175111,0.032435944263525335,0.0,good,synthetic_demo_v1
2024-01-15T08:00:00+05:30,Load_9,load,0.07879541612476373,0.02363862483742912,0.0,good,synthetic_demo_v1
2024-01-15T08:00:00+05:30,Load_10,load,0.09062840799966158,0.027188522399898475,0.0,good,synthetic_demo_v1
2024-01-15T08:00:00+05:30,Load_11,load,0.014569825083434873,0.004370947525030462,0.0,good,synthetic_demo_v1
2024-01-15T08:00:00+05:30,Load_12,load,0.11959614216245204,0.03587884264873561,0.0,good,synthetic_demo_v1
2024-01-15T08:00:00+05:30,Load_13,load,0.10438778940035949,0.03131633682010784,0.0,good,synthetic_demo_v1
2024-01-15T08:00:00+05:30,Load_14,load,0.03578413372343396,0.010735240117030188,0.0,good,synthetic_demo_v1
2024-01-15T08:00:00+05:30,Load_15,load,0.03240827519290684,0.00972248255787205,0.0,good,synthetic_demo_v1
2024-01-15T08:00:00+05:30,Load_16,load,0.03258302407687903,0.00977490722306371,0.0,good,synthetic_demo_v1
2024-01-15T08:00:00+05:30,Load_17,load,0.0459516146945755,0.01378548440837265,0.0,good,synthetic_demo_v1
2024-01-15T08:00:00+05:30,Load_18,load,0.07034766912212995,0.021104300736638982,0.0,good,synthetic_demo_v1
2024-01-15T08:00:00+05:30,Load_19,load,0.0600797027094745,0.01802391081284235,0.0,good,synthetic_demo_v1
2024-01-15T08:00:00+05:30,Load_20,load,0.04451194151457884,0.01335358245437365,0.0,good,synthetic_demo_v1
2024-01-15T08:00:00+05:30,Load_21,load,0.07998337586183706,0.023995012758551117,0.0,good,synthetic_demo_v1
2024-01-15T08:00:00+05:30,Load_22,load,0.02772507550534101,0.008317522651602302,0.0,good,synthetic_demo_v1
2024-01-15T08:00:00+05:30,Load_23,load,0.044613226567287084,0.013383967970186124,0.0,good,synthetic_demo_v1
2024-01-15T08:00:00+05:30,Load_24,load,0.05282406657575265,0.015847219972725795,0.0,good,synthetic_demo_v1
2024-01-15T08:00:00+05:30,Load_25,load,0.06274870998184641,0.018824612994553923,0.0,good,synthetic_demo_v1
2024-01-15T08:00:00+05:30,Load_26,load,0.0991585545362736,0.02974756636088208,0.0,good,synthetic_demo_v1
2024-01-15T08:00:00+05:30,Load_27,load,0.03438293570631521,0.010314880711894563,0.0,good,synthetic_demo_v1
2024-01-15T08:00:00+05:30,Load_28,load,0.06918359382705237,0.02075507814811571,0.0,good,synthetic_demo_v1
2024-01-15T08:00:00+05:30,Load_29,load,0.0778328636497944,0.023349859094938318,0.0,good,synthetic_demo_v1
2024-01-15T08:00:00+05:30,Load_30,load,0.01743143846756027,0.005229431540268081,0.0,good,synthetic_demo_v1
2024-01-15T08:00:00+05:30,Load_31,load,0.07950676595401879,0.023852029786205636,0.0,good,synthetic_demo_v1
2024-01-15T08:00:00+05:30,Load_32,load,0.031158033676721486,0.009347410103016445,0.0,good,synthetic_demo_v1
2024-01-15T08:00:00+05:30,PV_5,pv,0.0,0.0,0.15683373446779833,good,synthetic_demo_v1
2024-01-15T08:00:00+05:30,PV_10,pv,0.0,0.0,0.21859875945921955,good,synthetic_demo_v1
2024-01-15T08:00:00+05:30,PV_17,pv,0.0,0.0,0.14334281835513846,good,synthetic_demo_v1
2024-01-15T08:00:00+05:30,PV_24,pv,0.0,0.0,0.20770661180610092,good,synthetic_demo_v1
2024-01-15T08:00:00+05:30,PV_30,pv,0.0,0.0,0.12054158003987607,good,synthetic_demo_v1
2024-01-15T08:00:00+05:30,Battery_18,battery,0.0,0.0,0.0,good,synthetic_demo_v1
2024-01-15T09:00:00+05:30,Load_1,load,0.054584390062616804,0.01637531701878504,0.0,good,synthetic_demo_v1
2024-01-15T09:00:00+05:30,Load_2,load,0.1193430371283618,0.03580291113850854,0.0,good,synthetic_demo_v1
2024-01-15T09:00:00+05:30,Load_3,load,0.09476013285587859,0.028428039856763575,0.0,good,synthetic_demo_v1
2024-01-15T09:00:00+05:30,Load_4,load,0.07977399840663088,0.023932199521989262,0.0,good,synthetic_demo_v1
2024-01-15T09:00:00+05:30,Load_5,load,0.030023839448271427,0.009007151834481428,0.0,good,synthetic_demo_v1
2024-01-15T09:00:00+05:30,Load_6,load,0.03002112848780061,0.009006338546340182,0.0,good,synthetic_demo_v1
2024-01-15T09:00:00+05:30,Load_7,load,0.019016508560688882,0.005704952568206664,0.0,good,synthetic_demo_v1
2024-01-15T09:00:00+05:30,Load_8,load,0.10984143669862434,0.0329524310095873,0.0,good,synthetic_demo_v1
2024-01-15T09:00:00+05:30,Load_9,load,0.08005009789842316,0.024015029369526947,0.0,good,synthetic_demo_v1
2024-01-15T09:00:00+05:30,Load_10,load,0.09207150986123305,0.027621452958369916,0.0,good,synthetic_demo_v1
2024-01-15T09:00:00+05:30,Load_11,load,0.01480182454325937,0.0044405473629778106,0.0,good,synthetic_demo_v1
2024-01-15T09:00:00+05:30,Load_12,load,0.12150050547634855,0.03645015164290456,0.0,good,synthetic_demo_v1
2024-01-15T09:00:00+05:30,Load_13,load,0.1060499857969855,0.03181499573909565,0.0,good,synthetic_demo_v1
2024-01-15T09:00:00+05:30,Load_14,load,0.03635393464050627,0.01090618039215188,0.0,good,synthetic_demo_v1
2024-01-15T09:00:00+05:30,Load_15,load,0.032924321356504666,0.009877296406951399,0.0,good,synthetic_demo_v1
2024-01-15T09:00:00+05:30,Load_16,load,0.03310185281655134,0.009930555844965402,0.0,good,synthetic_demo_v1
2024-01-15T09:00:00+05:30,Load_17,load,0.046683315296755394,0.014004994589026617,0.0,good,synthetic_demo_v1
2024-01-15T09:00:00+05:30,Load_18,load,0.07146783502273518,0.021440350506820555,0.0,good,synthetic_demo_v1
2024-01-15T09:00:00+05:30,Load_19,load,0.061036368866768435,0.01831091066003053,0.0,good,synthetic_demo_v1
2024-01-15T09:00:00+05:30,Load_20,load,0.045220717792124054,0.013566215337637216,0.0,good,synthetic_demo_v1
2024-01-15T09:00:00+05:30,Load_21,load,0.0812569738555414,0.02437709215666242,0.0,good,synthetic_demo_v1
2024-01-15T09:00:00+05:30,Load_22,load,0.028166549751188034,0.00844996492535641,0.0,good,synthetic_demo_v1
2024-01-15T09:00:00+05:30,Load_23,load,0.045323615635472,0.0135970846906416,0.0,good,synthetic_demo_v1
2024-01-15T09:00:00+05:30,Load_24,load,0.053665199179687706,0.016099559753906312,0.0,good,synthetic_demo_v1
2024-01-15T09:00:00+05:30,Load_25,load,0.06374787549942175,0.019124362649826525,0.0,good,synthetic_demo_v1
2024-01-15T09:00:00+05:30,Load_26,load,0.10073748434206438,0.030221245302619312,0.0,good,synthetic_demo_v1
2024-01-15T09:00:00+05:30,Load_27,load,0.034930424949690876,0.010479127484907263,0.0,good,synthetic_demo_v1
2024-01-15T09:00:00+05:30,Load_28,load,0.07028522382636117,0.02108556714790835,0.0,good,synthetic_demo_v1
2024-01-15T09:00:00+05:30,Load_29,load,0.07907221842721558,0.023721665528164675,0.0,good,synthetic_demo_v1
2024-01-15T09:00:00+05:30,Load_30,load,0.01770900420944662,0.005312701262833986,0.0,good,synthetic_demo_v1
2024-01-15T09:00:00+05:30,Load_31,load,0.08077277475289563,0.024231832425868686,0.0,good,synthetic_demo_v1
2024-01-15T09:00:00+05:30,Load_32,load,0.03165417188982958,0.009496251566948874,0.0,good,synthetic_demo_v1
2024-01-15T09:00:00+05:30,PV_5,pv,0.0,0.0,0.2198466612181155,good,synthetic_demo_v1
2024-01-15T09:00:00+05:30,PV_10,pv,0.0,0.0,0.37723629951759385,good,synthetic_demo_v1
2024-01-15T09:00:00+05:30,PV_17,pv,0.0,0.0,0.2576656925931927,good,synthetic_demo_v1
2024-01-15T09:00:00+05:30,PV_24,pv,0.0,0.0,0.30368688455411025,good,synthetic_demo_v1
2024-01-15T09:00:00+05:30,PV_30,pv,0.0,0.0,0.16775148208222015,good,synthetic_demo_v1
2024-01-15T09:00:00+05:30,Battery_18,battery,0.0,0.0,0.0,good,synthetic_demo_v1
2024-01-15T10:00:00+05:30,Load_1,load,0.03505820151103907,0.01051746045331172,0.0,good,synthetic_demo_v1
2024-01-15T10:00:00+05:30,Load_2,load,0.07665107624699809,0.022995322874099427,0.0,good,synthetic_demo_v1
2024-01-15T10:00:00+05:30,Load_3,load,0.06086208582826035,0.018258625748478106,0.0,good,synthetic_demo_v1
2024-01-15T10:00:00+05:30,Load_4,load,0.051236862924962365,0.015371058877488708,0.0,good,synthetic_demo_v1
2024-01-15T10:00:00+05:30,Load_5,load,0.019283568293153197,0.005785070487945959,0.0,good,synthetic_demo_v1
2024-01-15T10:00:00+05:30,Load_6,load,0.019281827110401766,0.00578454813312053,0.0,good,synthetic_demo_v1
2024-01-15T10:00:00+05:30,Load_7,load,0.01221383235009568,0.003664149705028704,0.0,good,synthetic_demo_v1
2024-01-15T10:00:00+05:30,Load_8,load,0.0705484336753584,0.02116453010260752,0.0,good,synthetic_demo_v1
2024-01-15T10:00:00+05:30,Load_9,load,0.051414194788692,0.015424258436607599,0.0,good,synthetic_demo_v1
2024-01-15T10:00:00+05:30,Load_10,load,0.059135249884405945,0.017740574965321783,0.0,good,synthetic_demo_v1
2024-01-15T10:00:00+05:30,Load_11,load,0.009506845216614906,0.0028520535649844718,0.0,good,synthetic_demo_v1
2024-01-15T10:00:00+05:30,Load_12,load,0.07803676471966657,0.02341102941589997,0.0,good,synthetic_demo_v1
2024-01-15T10:00:00+05:30,Load_13,load,0.06811327868734107,0.02043398360620232,0.0,good,synthetic_demo_v1
2024-01-15T10:00:00+05:30,Load_14,load,0.023349231618855833,0.007004769485656749,0.0,good,synthetic_demo_v1
2024-01-15T10:00:00+05:30,Load_15,load,0.02114647596879663,0.006343942790638989,0.0,good,synthetic_demo_v1
2024-01-15T10:00:00+05:30,Load_16,load,0.021260500027574705,0.006378150008272411,0.0,good,synthetic_demo_v1
2024-01-15T10:00:00+05:30,Load_17,load,0.029983536923276963,0.008995061076983089,0.0,good,synthetic_demo_v1
2024-01-15T10:00:00+05:30,Load_18,load,0.04590201995314975,0.013770605985944925,0.0,good,synthetic_demo_v1
2024-01-15T10:00:00+05:30,Load_19,load,0.03920214766123732,0.011760644298371196,0.0,good,synthetic_demo_v1
2024-01-15T10:00:00+05:30,Load_20,load,0.029044146779170072,0.008713244033751021,0.0,good,synthetic_demo_v1
2024-01-15T10:00:00+05:30,Load_21,load,0.05218934131785431,0.015656802395356294,0.0,good,synthetic_demo_v1
2024-01-15T10:00:00+05:30,Load_22,load,0.018090677131595262,0.005427203139478578,0.0,good,synthetic_demo_v1
2024-01-15T10:00:00+05:30,Load_23,load,0.02911023551485083,0.00873307065445525,0.0,good,synthetic_demo_v1
2024-01-15T10:00:00+05:30,Load_24,load,0.034467827978168754,0.010340348393450625,0.0,good,synthetic_demo_v1
2024-01-15T10:00:00+05:30,Load_25,load,0.0409436811988848,0.01228310435966544,0.0,good,synthetic_demo_v1
2024-01-15T10:00:00+05:30,Load_26,load,0.0647011906101333,0.01941035718303999,0.0,good,synthetic_demo_v1
2024-01-15T10:00:00+05:30,Load_27,load,0.022434946609235437,0.006730483982770631,0.0,good,synthetic_demo_v1
2024-01-15T10:00:00+05:30,Load_28,load,0.045142458078699384,0.013542737423609815,0.0,good,synthetic_demo_v1
2024-01-15T10:00:00+05:30,Load_29,load,0.05078612702947043,0.015235838108841129,0.0,good,synthetic_demo_v1
2024-01-15T10:00:00+05:30,Load_30,load,0.011374054696267774,0.003412216408880332,0.0,good,synthetic_demo_v1
2024-01-15T10:00:00+05:30,Load_31,load,0.05187835222935215,0.015563505668805645,0.0,good,synthetic_demo_v1
2024-01-15T10:00:00+05:30,Load_32,load,0.020330690431928818,0.006099207129578645,0.0,good,synthetic_demo_v1
2024-01-15T10:00:00+05:30,PV_5,pv,0.0,0.0,0.2806477641494795,good,synthetic_demo_v1
2024-01-15T10:00:00+05:30,PV_10,pv,0.0,0.0,0.4819743803396281,good,synthetic_demo_v1
2024-01-15T10:00:00+05:30,PV_17,pv,0.0,0.0,0.41223172815167003,good,synthetic_demo_v1
2024-01-15T10:00:00+05:30,PV_24,pv,0.0,0.0,0.38325166027666724,good,synthetic_demo_v1
2024-01-15T10:00:00+05:30,PV_30,pv,0.0,0.0,0.23266108409920175,good,synthetic_demo_v1
2024-01-15T10:00:00+05:30,Battery_18,battery,0.0,0.0,0.0,good,synthetic_demo_v1
2024-01-15T11:00:00+05:30,Load_1,load,0.0346532278559661,0.010395968356789829,0.0,good,synthetic_demo_v1
2024-01-15T11:00:00+05:30,Load_2,load,0.07576564387525338,0.022729693162576014,0.0,good,synthetic_demo_v1
2024-01-15T11:00:00+05:30,Load_3,load,0.06015903945705748,0.018047711837117245,0.0,good,synthetic_demo_v1
2024-01-15T11:00:00+05:30,Load_4,load,0.050645001997736507,0.015193500599320951,0.0,good,synthetic_demo_v1
2024-01-15T11:00:00+05:30,Load_5,load,0.019060814791891346,0.005718244437567404,0.0,good,synthetic_demo_v1
2024-01-15T11:00:00+05:30,Load_6,load,0.019059093722354873,0.005717728116706461,0.0,good,synthetic_demo_v1
2024-01-15T11:00:00+05:30,Load_7,load,0.012072744669721969,0.0036218234009165904,0.0,good,synthetic_demo_v1
2024-01-15T11:00:00+05:30,Load_8,load,0.06973349577741214,0.02092004873322364,0.0,good,synthetic_demo_v1
2024-01-15T11:00:00+05:30,Load_9,load,0.050820285418308186,0.015246085625492456,0.0,good,synthetic_demo_v1
2024-01-15T11:00:00+05:30,Load_10,load,0.058452151001486916,0.017535645300446073,0.0,good,synthetic_demo_v1
2024-01-15T11:00:00+05:30,Load_11,load,0.009397027208569823,0.002819108162570947,0.0,good,synthetic_demo_v1
2024-01-15T11:00:00+05:30,Load_12,load,0.07713532561336668,0.023140597684010004,0.0,good,synthetic_demo_v1
2024-01-15T11:00:00+05:30,Load_13,load,0.06732647040168699,0.020197941120506095,0.0,good,synthetic_demo_v1
2024-01-15T11:00:00+05:30,Load_14,load,0.023079513742174228,0.006923854122652268,0.0,good,synthetic_demo_v1
2024-01-15T11:00:00+05:30,Load_15,load,0.02090220315114226,0.006270660945342677,0.0,good,synthetic_demo_v1
2024-01-15T11:00:00+05:30,Load_16,load,0.021014910064777133,0.00630447301943314,0.0,good,synthetic_demo_v1
2024-01-15T11:00:00+05:30,Load_17,load,0.029637183088325924,0.008891154926497776,0.0,good,synthetic_demo_v1
2024-01-15T11:00:00+05:30,Load_18,load,0.0453717842880428,0.01361153528641284,0.0,good,synthetic_demo_v1
2024-01-15T11:00:00+05:30,Load_19,load,0.03874930534928694,0.011624791604786081,0.0,good,synthetic_demo_v1
2024-01-15T11:00:00+05:30,Load_20,load,0.028708644278394823,0.008612593283518447,0.0,good,synthetic_demo_v1
2024-01-15T11:00:00+05:30,Load_21,load,0.05158647786797977,0.01547594336039393,0.0,good,synthetic_demo_v1
2024-01-15T11:00:00+05:30,Load_22,load,0.01788170327312679,0.005364510981938037,0.0,good,synthetic_demo_v1
2024-01-15T11:00:00+05:30,Load_23,load,0.0287739695922315,0.008632190877669449,0.0,good,synthetic_demo_v1
2024-01-15T11:00:00+05:30,Load_24,load,0.034069674003431916,0.010220902201029574,0.0,good,synthetic_demo_v1
2024-01-15T11:00:00+05:30,Load_25,load,0.04047072161988205,0.012141216485964614,0.0,good,synthetic_demo_v1
2024-01-15T11:00:00+05:30,Load_26,load,0.06395379694703544,0.019186139084110633,0.0,good,synthetic_demo_v1
2024-01-15T11:00:00+05:30,Load_27,load,0.022175790065599048,0.006652737019679714,0.0,good,synthetic_demo_v1
2024-01-15T11:00:00+05:30,Load_28,load,0.04462099646745978,0.013386298940237934,0.0,good,synthetic_demo_v1
2024-01-15T11:00:00+05:30,Load_29,load,0.050199472763031563,0.015059841828909468,0.0,good,synthetic_demo_v1
2024-01-15T11:00:00+05:30,Load_30,load,0.011242667679683451,0.0033728003039050353,0.0,good,synthetic_demo_v1
2024-01-15T11:00:00+05:30,Load_31,load,0.05127908115964631,0.015383724347893892,0.0,good,synthetic_demo_v1
2024-01-15T11:00:00+05:30,Load_32,load,0.0200958411339184,0.00602875234017552,0.0,good,synthetic_demo_v1
2024-01-15T11:00:00+05:30,PV_5,pv,0.0,0.0,0.40888964683088413,good,synthetic_demo_v1
2024-01-15T11:00:00+05:30,PV_10,pv,0.0,0.0,0.5426575468145881,good,synthetic_demo_v1
2024-01-15T11:00:00+05:30,PV_17,pv,0.0,0.0,0.3828769148428573,good,synthetic_demo_v1
2024-01-15T11:00:00+05:30,PV_24,pv,0.0,0.0,0.4861214818067669,good,synthetic_demo_v1
2024-01-15T11:00:00+05:30,PV_30,pv,0.0,0.0,0.26417240711956996,good,synthetic_demo_v1
2024-01-15T11:00:00+05:30,Battery_18,battery,0.0,0.0,0.0,good,synthetic_demo_v1
2024-01-15T12:00:00+05:30,Load_1,load,0.035927151472046295,0.010778145441613889,0.0,good,synthetic_demo_v1
2024-01-15T12:00:00+05:30,Load_2,load,0.07855094409090384,0.02356528322727115,0.0,good,synthetic_demo_v1
2024-01-15T12:00:00+05:30,Load_3,load,0.06237060893634485,0.018711182680903455,0.0,good,synthetic_demo_v1
2024-01-15T12:00:00+05:30,Load_4,load,0.052506815977937986,0.015752044793381395,0.0,good,synthetic_demo_v1
2024-01-15T12:00:00+05:30,Load_5,load,0.019761529374845863,0.005928458812453759,0.0,good,synthetic_demo_v1
2024-01-15T12:00:00+05:30,Load_6,load,0.019759745035268957,0.005927923510580687,0.0,good,synthetic_demo_v1
2024-01-15T12:00:00+05:30,Load_7,load,0.01251656348537718,0.0037549690456131542,0.0,good,synthetic_demo_v1
2024-01-15T12:00:00+05:30,Load_8,load,0.0722970418768379,0.02168911256305137,0.0,good,synthetic_demo_v1
2024-01-15T12:00:00+05:30,Load_9,load,0.05268854317598118,0.015806562952794354,0.0,good,synthetic_demo_v1
2024-01-15T12:00:00+05:30,Load_10,load,0.06060097176591852,0.018180291529775554,0.0,good,synthetic_demo_v1
2024-01-15T12:00:00+05:30,Load_11,load,0.009742481171233915,0.0029227443513701744,0.0,good,synthetic_demo_v1
2024-01-15T12:00:00+05:30,Load_12,load,0.07997097813443436,0.023991293440330307,0.0,good,synthetic_demo_v1
2024-01-15T12:00:00+05:30,Load_13,load,0.06980152931938798,0.02094045879581639,0.0,good,synthetic_demo_v1
2024-01-15T12:00:00+05:30,Load_14,load,0.023927963927709864,0.0071783891783129584,0.0,good,synthetic_demo_v1
2024-01-15T12:00:00+05:30,Load_15,load,0.021670610940829924,0.0065011832822489775,0.0,good,synthetic_demo_v1
2024-01-15T12:00:00+05:30,Load_16,load,0.021787461191402176,0.006536238357420653,0.0,good,synthetic_demo_v1
2024-01-15T12:00:00+05:30,Load_17,load,0.030726706627294334,0.0092180119881883,0.0,good,synthetic_demo_v1
2024-01-15T12:00:00+05:30,Load_18,load,0.04703974398716453,0.014111923196149359,0.0,good,synthetic_demo_v1
2024-01-15T12:00:00+05:30,Load_19,load,0.04017380916163989,0.012052142748491966,0.0,good,synthetic_demo_v1
2024-01-15T12:00:00+05:30,Load_20,load,0.02976403282932302,0.008929209848796905,0.0,good,synthetic_demo_v1
2024-01-15T12:00:00+05:30,Load_21,load,0.05348290242905001,0.016044870728715,0.0,good,synthetic_demo_v1
2024-01-15T12:00:00+05:30,Load_22,load,0.018539071302161717,0.005561721390648515,0.0,good,synthetic_demo_v1
2024-01-15T12:00:00+05:30,Load_23,load,0.029831759635464257,0.008949527890639276,0.0,good,synthetic_demo_v1
2024-01-15T12:00:00+05:30,Load_24,load,0.03532214498493828,0.010596643495481483,0.0,good,synthetic_demo_v1
2024-01-15T12:00:00+05:30,Load_25,load,0.041958508219319963,0.012587552465795989,0.0,good,synthetic_demo_v1
2024-01-15T12:00:00+05:30,Load_26,load,0.06630486948225381,0.01989146084467614,0.0,good,synthetic_demo_v1
2024-01-15T12:00:00+05:30,Load_27,load,0.022991017518211067,0.00689730525546332,0.0,good,synthetic_demo_v1
2024-01-15T12:00:00+05:30,Load_28,load,0.04626135566889392,0.013878406700668177,0.0,good,synthetic_demo_v1
2024-01-15T12:00:00+05:30,Load_29,load,0.05204490817624633,0.015613472452873898,0.0,good,synthetic_demo_v1
2024-01-15T12:00:00+05:30,Load_30,load,0.011655971165419903,0.003496791349625971,0.0,good,synthetic_demo_v1
2024-01-15T12:00:00+05:30,Load_31,load,0.05316420518825594,0.01594926155647678,0.0,good,synthetic_demo_v1
2024-01-15T12:00:00+05:30,Load_32,load,0.020834605404649587,0.006250381621394876,0.0,good,synthetic_demo_v1
2024-01-15T12:00:00+05:30,PV_5,pv,0.0,0.0,0.4640605591253113,good,synthetic_demo_v1
2024-01-15T12:00:00+05:30,PV_10,pv,0.0,0.0,0.5964351981393308,good,synthetic_demo_v1
2024-01-15T12:00:00+05:30,PV_17,pv,0.0,0.0,0.5726516355888797,good,synthetic_demo_v1
2024-01-15T12:00:00+05:30,PV_24,pv,0.0,0.0,0.594941150245464,good,synthetic_demo_v1
2024-01-15T12:00:00+05:30,PV_30,pv,0.0,0.0,0.37169437997240984,good,synthetic_demo_v1
2024-01-15T12:00:00+05:30,Battery_18,battery,0.0,0.0,0.0,good,synthetic_demo_v1
2024-01-15T13:00:00+05:30,Load_1,load,0.035311750659444016,0.010593525197833204,0.0,good,synthetic_demo_v1
2024-01-15T13:00:00+05:30,Load_2,load,0.07720543483554775,0.023161630450664324,0.0,good,synthetic_demo_v1
2024-01-15T13:00:00+05:30,Load_3,load,0.061302254729310376,0.018390676418793113,0.0,good,synthetic_demo_v1
2024-01-15T13:00:00+05:30,Load_4,load,0.051607419953036804,0.01548222598591104,0.0,good,synthetic_demo_v1
2024-01-15T13:00:00+05:30,Load_5,load,0.019423031588707538,0.005826909476612261,0.0,good,synthetic_demo_v1
2024-01-15T13:00:00+05:30,Load_6,load,0.01942127781331345,0.005826383343994035,0.0,good,synthetic_demo_v1
2024-01-15T13:00:00+05:30,Load_7,load,0.012302165654647897,0.003690649696394369,0.0,good,synthetic_demo_v1
2024-01-15T13:00:00+05:30,Load_8,load,0.07105865651933567,0.0213175969558007,0.0,good,synthetic_demo_v1
2024-01-15T13:00:00+05:30,Load_9,load,0.051786034322459706,0.015535810296737911,0.0,good,synthetic_demo_v1
2024-01-15T13:00:00+05:30,Load_10,load,0.0595629299022809,0.01786887897068427,0.0,good,synthetic_demo_v1
2024-01-15T13:00:00+05:30,Load_11,load,0.009575600954353804,0.0028726802863061414,0.0,good,synthetic_demo_v1
2024-01-15T13:00:00+05:30,Load_12,load,0.07860114493274506,0.023580343479823518,0.0,good,synthetic_demo_v1
2024-01-15T13:00:00+05:30,Load_13,load,0.06860588991843365,0.020581766975530096,0.0,good,synthetic_demo_v1
2024-01-15T13:00:00+05:30,Load_14,load,0.02351809874659502,0.007055429623978505,0.0,good,synthetic_demo_v1
2024-01-15T13:00:00+05:30,Load_15,load,0.02129941225025322,0.006389823675075966,0.0,good,synthetic_demo_v1
2024-01-15T13:00:00+05:30,Load_16,load,0.021414260957808323,0.006424278287342496,0.0,good,synthetic_demo_v1
2024-01-15T13:00:00+05:30,Load_17,load,0.030200384905358174,0.009060115471607452,0.0,good,synthetic_demo_v1
2024-01-15T13:00:00+05:30,Load_18,load,0.04623399414371179,0.013870198243113538,0.0,good,synthetic_demo_v1
2024-01-15T13:00:00+05:30,Load_19,load,0.039485666801602294,0.011845700040480687,0.0,good,synthetic_demo_v1
2024-01-15T13:00:00+05:30,Load_20,load,0.029254200871068888,0.008776260261320666,0.0,good,synthetic_demo_v1
2024-01-15T13:00:00+05:30,Load_21,load,0.05256678689340076,0.015770036068020226,0.0,good,synthetic_demo_v1
2024-01-15T13:00:00+05:30,Load_22,load,0.018221513158062294,0.005466453947418688,0.0,good,synthetic_demo_v1
2024-01-15T13:00:00+05:30,Load_23,load,0.029320767576010154,0.008796230272803046,0.0,good,synthetic_demo_v1
2024-01-15T13:00:00+05:30,Load_24,load,0.03471710740650683,0.01041513222195205,0.0,good,synthetic_demo_v1
2024-01-15T13:00:00+05:30,Load_25,load,0.041239795518875584,0.012371938655662674,0.0,good,synthetic_demo_v1
2024-01-15T13:00:00+05:30,Load_26,load,0.0651691248187612,0.019550737445628363,0.0,good,synthetic_demo_v1
2024-01-15T13:00:00+05:30,Load_27,load,0.022597201413021965,0.006779160423906589,0.0,good,synthetic_demo_v1
2024-01-15T13:00:00+05:30,Load_28,load,0.04546893893936636,0.013640681681809909,0.0,good,synthetic_demo_v1
2024-01-15T13:00:00+05:30,Load_29,load,0.05115342422967202,0.015346027268901606,0.0,good,synthetic_demo_v1
2024-01-15T13:00:00+05:30,Load_30,load,0.011456314531565998,0.003436894359469799,0.0,good,synthetic_demo_v1
2024-01-15T13:00:00+05:30,Load_31,load,0.05225354865876004,0.015676064597628013,0.0,good,synthetic_demo_v1
2024-01-15T13:00:00+05:30,Load_32,load,0.020477726760756952,0.006143318028227086,0.0,good,synthetic_demo_v1
2024-01-15T13:00:00+05:30,PV_5,pv,0.0,0.0,0.4777322334458991,good,synthetic_demo_v1
2024-01-15T13:00:00+05:30,PV_10,pv,0.0,0.0,0.6275441350165647,good,synthetic_demo_v1
2024-01-15T13:00:00+05:30,PV_17,pv,0.0,0.0,0.4337431074449455,good,synthetic_demo_v1
2024-01-15T13:00:00+05:30,PV_24,pv,0.0,0.0,0.5304476558900783,good,synthetic_demo_v1
2024-01-15T13:00:00+05:30,PV_30,pv,0.0,0.0,0.326684001579493,good,synthetic_demo_v1
2024-01-15T13:00:00+05:30,Battery_18,battery,0.0,0.0,0.0,good,synthetic_demo_v1
2024-01-15T14:00:00+05:30,Load_1,load,0.03527752069883775,0.010583256209651325,0.0,good,synthetic_demo_v1
2024-01-15T14:00:00+05:30,Load_2,load,0.07713059462106793,0.02313917838632038,0.0,good,synthetic_demo_v1
2024-01-15T14:00:00+05:30,Load_3,load,0.061242830494451644,0.018372849148335493,0.0,good,synthetic_demo_v1
2024-01-15T14:00:00+05:30,Load_4,load,0.05155739354769031,0.015467218064307092,0.0,good,synthetic_demo_v1
2024-01-15T14:00:00+05:30,Load_5,load,0.019404203589706643,0.005821261076911993,0.0,good,synthetic_demo_v1
2024-01-15T14:00:00+05:30,Load_6,load,0.019402451514360316,0.005820735454308094,0.0,good,synthetic_demo_v1
2024-01-15T14:00:00+05:30,Load_7,load,0.012290240370914684,0.003687072111274405,0.0,good,synthetic_demo_v1
2024-01-15T14:00:00+05:30,Load_8,load,0.07098977477408182,0.021296932432224545,0.0,good,synthetic_demo_v1
2024-01-15T14:00:00+05:30,Load_9,load,0.051735834774668706,0.015520750432400612,0.0,good,synthetic_demo_v1
2024-01-15T14:00:00+05:30,Load_10,load,0.05950519170731538,0.017851557512194614,0.0,good,synthetic_demo_v1
2024-01-15T14:00:00+05:30,Load_11,load,0.009566318705886147,0.002869895611765844,0.0,good,synthetic_demo_v1
2024-01-15T14:00:00+05:30,Load_12,load,0.07852495176632282,0.023557485529896845,0.0,good,synthetic_demo_v1
2024-01-15T14:00:00+05:30,Load_13,load,0.06853938579826373,0.020561815739479117,0.0,good,synthetic_demo_v1
2024-01-15T14:00:00+05:30,Load_14,load,0.02349530113450849,0.007048590340352547,0.0,good,synthetic_demo_v1
2024-01-15T14:00:00+05:30,Load_15,load,0.021278765354286654,0.006383629606285996,0.0,good,synthetic_demo_v1
2024-01-15T14:00:00+05:30,Load_16,load,0.02139350273157175,0.006418050819471524,0.0,good,synthetic_demo_v1
2024-01-15T14:00:00+05:30,Load_17,load,0.030171109721706862,0.009051332916512058,0.0,good,synthetic_demo_v1
2024-01-15T14:00:00+05:30,Load_18,load,0.046189176547057564,0.013856752964117269,0.0,good,synthetic_demo_v1
2024-01-15T14:00:00+05:30,Load_19,load,0.039447390794497286,0.011834217238349185,0.0,good,synthetic_demo_v1
2024-01-15T14:00:00+05:30,Load_20,load,0.029225842884713523,0.008767752865414057,0.0,good,synthetic_demo_v1
2024-01-15T14:00:00+05:30,Load_21,load,0.05251583051171601,0.015754749153514803,0.0,good,synthetic_demo_v1
2024-01-15T14:00:00+05:30,Load_22,load,0.018203849868479106,0.0054611549605437315,0.0,good,synthetic_demo_v1
2024-01-15T14:00:00+05:30,Load_23,load,0.029292345062248322,0.008787703518674497,0.0,good,synthetic_demo_v1
2024-01-15T14:00:00+05:30,Load_24,load,0.03468345387201206,0.010405036161603619,0.0,good,synthetic_demo_v1
2024-01-15T14:00:00+05:30,Load_25,load,0.04119981912151041,0.012359945736453123,0.0,good,synthetic_demo_v1
2024-01-15T14:00:00+05:30,Load_26,load,0.06510595217697392,0.019531785653092174,0.0,good,synthetic_demo_v1
2024-01-15T14:00:00+05:30,Load_27,load,0.022575296486199176,0.006772588945859753,0.0,good,synthetic_demo_v1
2024-01-15T14:00:00+05:30,Load_28,load,0.04542486296013458,0.013627458888040374,0.0,good,synthetic_demo_v1
2024-01-15T14:00:00+05:30,Load_29,load,0.05110383791170257,0.015331151373510769,0.0,good,synthetic_demo_v1
2024-01-15T14:00:00+05:30,Load_30,load,0.011445209185957662,0.0034335627557872984,0.0,good,synthetic_demo_v1
2024-01-15T14:00:00+05:30,Load_31,load,0.05220289591912736,0.015660868775738208,0.0,good,synthetic_demo_v1
2024-01-15T14:00:00+05:30,Load_32,load,0.020457876377605835,0.00613736291328175,0.0,good,synthetic_demo_v1
2024-01-15T14:00:00+05:30,PV_5,pv,0.0,0.0,0.3097942009536293,good,synthetic_demo_v1
2024-01-15T14:00:00+05:30,PV_10,pv,0.0,0.0,0.6023741644541268,good,synthetic_demo_v1
2024-01-15T14:00:00+05:30,PV_17,pv,0.0,0.0,0.4369542042145648,good,synthetic_demo_v1
2024-01-15T14:00:00+05:30,PV_24,pv,0.0,0.0,0.4735854677703076,good,synthetic_demo_v1
2024-01-15T14:00:00+05:30,PV_30,pv,0.0,0.0,0.2597928305715835,good,synthetic_demo_v1
2024-01-15T14:00:00+05:30,Battery_18,battery,0.0,0.0,0.0,good,synthetic_demo_v1
2024-01-15T15:00:00+05:30,Load_1,load,0.035240737275296134,0.01057222118258884,0.0,good,synthetic_demo_v1
2024-01-15T15:00:00+05:30,Load_2,load,0.07705017152801148,0.023115051458403445,0.0,good,synthetic_demo_v1
2024-01-15T15:00:00+05:30,Load_3,load,0.06117897337160574,0.01835369201148172,0.0,good,synthetic_demo_v1
2024-01-15T15:00:00+05:30,Load_4,load,0.05150363530714511,0.015451090592143531,0.0,good,synthetic_demo_v1
2024-01-15T15:00:00+05:30,Load_5,load,0.019383971072653612,0.005815191321796084,0.0,good,synthetic_demo_v1
2024-01-15T15:00:00+05:30,Load_6,load,0.019382220824174033,0.00581466624725221,0.0,good,synthetic_demo_v1
2024-01-15T15:00:00+05:30,Load_7,load,0.012277425493110459,0.0036832276479331376,0.0,good,synthetic_demo_v1
2024-01-15T15:00:00+05:30,Load_8,load,0.07091575463601908,0.021274726390805725,0.0,good,synthetic_demo_v1
2024-01-15T15:00:00+05:30,Load_9,load,0.051681890475718625,0.015504567142715586,0.0,good,synthetic_demo_v1
2024-01-15T15:00:00+05:30,Load_10,load,0.059443146398400926,0.017832943919520276,0.0,good,synthetic_demo_v1
2024-01-15T15:00:00+05:30,Load_11,load,0.009556344026664875,0.0028669032079994623,0.0,good,synthetic_demo_v1
2024-01-15T15:00:00+05:30,Load_12,load,0.07844307479475036,0.02353292243842511,0.0,good,synthetic_demo_v1
2024-01-15T15:00:00+05:30,Load_13,load,0.06846792064971707,0.02054037619491512,0.0,good,synthetic_demo_v1
2024-01-15T15:00:00+05:30,Load_14,load,0.023470802881917375,0.0070412408645752125,0.0,good,synthetic_demo_v1
2024-01-15T15:00:00+05:30,Load_15,load,0.021256578255449656,0.006376973476634897,0.0,good,synthetic_demo_v1
2024-01-15T15:00:00+05:30,Load_16,load,0.021371195997526238,0.0064113587992578715,0.0,good,synthetic_demo_v1
2024-01-15T15:00:00+05:30,Load_17,load,0.03013965068814585,0.009041895206443754,0.0,good,synthetic_demo_v1
2024-01-15T15:00:00+05:30,Load_18,load,0.046141015678314176,0.013842304703494252,0.0,good,synthetic_demo_v1
2024-01-15T15:00:00+05:30,Load_19,load,0.03940625950027758,0.011821877850083274,0.0,good,synthetic_demo_v1
2024-01-15T15:00:00+05:30,Load_20,load,0.029195369468898204,0.008758610840669461,0.0,good,synthetic_demo_v1
2024-01-15T15:00:00+05:30,Load_21,load,0.052461072921100645,0.015738321876330192,0.0,good,synthetic_demo_v1
2024-01-15T15:00:00+05:30,Load_22,load,0.018184868945031664,0.005455460683509499,0.0,good,synthetic_demo_v1
2024-01-15T15:00:00+05:30,Load_23,load,0.029261802305455685,0.008778540691636706,0.0,good,synthetic_demo_v1
2024-01-15T15:00:00+05:30,Load_24,load,0.03464728987441848,0.010394186962325544,0.0,good,synthetic_demo_v1
2024-01-15T15:00:00+05:30,Load_25,load,0.04115686059249354,0.01234705817774806,0.0,good,synthetic_demo_v1
2024-01-15T15:00:00+05:30,Load_26,load,0.06503806702613096,0.019511420107839288,0.0,good,synthetic_demo_v1
2024-01-15T15:00:00+05:30,Load_27,load,0.022551757510789923,0.006765527253236977,0.0,good,synthetic_demo_v1
2024-01-15T15:00:00+05:30,Load_28,load,0.045377499031477385,0.013613249709443215,0.0,good,synthetic_demo_v1
2024-01-15T15:00:00+05:30,Load_29,load,0.05105055258786828,0.015315165776360483,0.0,good,synthetic_demo_v1
2024-01-15T15:00:00+05:30,Load_30,load,0.011433275411455664,0.0034299826234366992,0.0,good,synthetic_demo_v1
2024-01-15T15:00:00+05:30,Load_31,load,0.05214846462144392,0.015644539386433176,0.0,good,synthetic_demo_v1
2024-01-15T15:00:00+05:30,Load_32,load,0.0204365452092966,0.00613096356278898,0.0,good,synthetic_demo_v1
2024-01-15T15:00:00+05:30,PV_5,pv,0.0,0.0,0.28311317416785237,good,synthetic_demo_v1
2024-01-15T15:00:00+05:30,PV_10,pv,0.0,0.0,0.5556363600271477,good,synthetic_demo_v1
2024-01-15T15:00:00+05:30,PV_17,pv,0.0,0.0,0.3379026198562264,good,synthetic_demo_v1
2024-01-15T15:00:00+05:30,PV_24,pv,0.0,0.0,0.4232441810292545,good,synthetic_demo_v1
2024-01-15T15:00:00+05:30,PV_30,pv,0.0,0.0,0.2574759741927128,good,synthetic_demo_v1
2024-01-15T15:00:00+05:30,Battery_18,battery,0.0,0.0,0.0,good,synthetic_demo_v1
2024-01-15T16:00:00+05:30,Load_1,load,0.035237060631316625,0.010571118189394987,0.0,good,synthetic_demo_v1
2024-01-15T16:00:00+05:30,Load_2,load,0.07704213293202368,0.023112639879607103,0.0,good,synthetic_demo_v1
2024-01-15T16:00:00+05:30,Load_3,load,0.06117259060775032,0.018351777182325096,0.0,good,synthetic_demo_v1
2024-01-15T16:00:00+05:30,Load_4,load,0.0514982619652313,0.015449478589569389,0.0,good,synthetic_demo_v1
2024-01-15T16:00:00+05:30,Load_5,load,0.01938194875512982,0.005814584626538946,0.0,good,synthetic_demo_v1
2024-01-15T16:00:00+05:30,Load_6,load,0.019380198689252566,0.005814059606775769,0.0,good,synthetic_demo_v1
2024-01-15T16:00:00+05:30,Load_7,load,0.012276144597022205,0.0036828433791066613,0.0,good,synthetic_demo_v1
2024-01-15T16:00:00+05:30,Load_8,load,0.07090835603989161,0.021272506811967483,0.0,good,synthetic_demo_v1
2024-01-15T16:00:00+05:30,Load_9,load,0.05167649853655507,0.015502949560966522,0.0,good,synthetic_demo_v1
2024-01-15T16:00:00+05:30,Load_10,load,0.05943694473228307,0.01783108341968492,0.0,good,synthetic_demo_v1
2024-01-15T16:00:00+05:30,Load_11,load,0.009555347019296464,0.0028666041057889393,0.0,good,synthetic_demo_v1
2024-01-15T16:00:00+05:30,Load_12,load,0.07843489087803986,0.023530467263411955,0.0,good,synthetic_demo_v1
2024-01-15T16:00:00+05:30,Load_13,load,0.0684607774345715,0.02053823323037145,0.0,good,synthetic_demo_v1
2024-01-15T16:00:00+05:30,Load_14,load,0.023468354187798524,0.0070405062563395565,0.0,good,synthetic_demo_v1
2024-01-15T16:00:00+05:30,Load_15,load,0.02125436056999497,0.006376308170998491,0.0,good,synthetic_demo_v1
2024-01-15T16:00:00+05:30,Load_16,load,0.02136896635407453,0.006410689906222359,0.0,good,synthetic_demo_v1
2024-01-15T16:00:00+05:30,Load_17,load,0.03013650623732516,0.009040951871197548,0.0,good,synthetic_demo_v1
2024-01-15T16:00:00+05:30,Load_18,load,0.04613620181513711,0.013840860544541133,0.0,good,synthetic_demo_v1
2024-01-15T16:00:00+05:30,Load_19,load,0.03940214826998139,0.011820644480994416,0.0,good,synthetic_demo_v1
2024-01-15T16:00:00+05:30,Load_20,load,0.029192323534343863,0.008757697060303158,0.0,good,synthetic_demo_v1
2024-01-15T16:00:00+05:30,Load_21,load,0.0524555996903221,0.015736679907096627,0.0,good,synthetic_demo_v1
2024-01-15T16:00:00+05:30,Load_22,load,0.018182971729079494,0.005454891518723848,0.0,good,synthetic_demo_v1
2024-01-15T16:00:00+05:30,Load_23,load,0.029258749440005245,0.008777624832001573,0.0,good,synthetic_demo_v1
2024-01-15T16:00:00+05:30,Load_24,load,0.03464367514443347,0.01039310254333004,0.0,good,synthetic_demo_v1
2024-01-15T16:00:00+05:30,Load_25,load,0.041152566723085225,0.012345770016925568,0.0,good,synthetic_demo_v1
2024-01-15T16:00:00+05:30,Load_26,load,0.0650312816454591,0.01950938449363773,0.0,good,synthetic_demo_v1
2024-01-15T16:00:00+05:30,Load_27,load,0.02254940470009724,0.006764821410029172,0.0,good,synthetic_demo_v1
2024-01-15T16:00:00+05:30,Load_28,load,0.045372764825512404,0.01361182944765372,0.0,good,synthetic_demo_v1
2024-01-15T16:00:00+05:30,Load_29,load,0.051045226515789924,0.015313567954736977,0.0,good,synthetic_demo_v1
2024-01-15T16:00:00+05:30,Load_30,load,0.011432082585015083,0.003429624775504525,0.0,good,synthetic_demo_v1
2024-01-15T16:00:00+05:30,Load_31,load,0.05214302400489288,0.015642907201467864,0.0,good,synthetic_demo_v1
2024-01-15T16:00:00+05:30,Load_32,load,0.020434413077374425,0.006130323923212327,0.0,good,synthetic_demo_v1
2024-01-15T16:00:00+05:30,PV_5,pv,0.0,0.0,0.2503156675132067,good,synthetic_demo_v1
2024-01-15T16:00:00+05:30,PV_10,pv,0.0,0.0,0.3141446678872108,good,synthetic_demo_v1
2024-01-15T16:00:00+05:30,PV_17,pv,0.0,0.0,0.2579803921867084,good,synthetic_demo_v1
2024-01-15T16:00:00+05:30,PV_24,pv,0.0,0.0,0.2800969871103628,good,synthetic_demo_v1
2024-01-15T16:00:00+05:30,PV_30,pv,0.0,0.0,0.15908095914550396,good,synthetic_demo_v1
2024-01-15T16:00:00+05:30,Battery_18,battery,0.0,0.0,0.0,good,synthetic_demo_v1
2024-01-15T17:00:00+05:30,Load_1,load,0.034888794295806505,0.01046663828874195,0.0,good,synthetic_demo_v1
2024-01-15T17:00:00+05:30,Load_2,load,0.0762806851598371,0.02288420554795113,0.0,good,synthetic_demo_v1
2024-01-15T17:00:00+05:30,Load_3,load,0.06056798983847707,0.01817039695154312,0.0,good,synthetic_demo_v1
2024-01-15T17:00:00+05:30,Load_4,load,0.05098927765557433,0.0152967832966723,0.0,good,synthetic_demo_v1
2024-01-15T17:00:00+05:30,Load_5,load,0.0191903867988526,0.005757116039655779,0.0,good,synthetic_demo_v1
2024-01-15T17:00:00+05:30,Load_6,load,0.019188654029793497,0.005756596208938049,0.0,good,synthetic_demo_v1
2024-01-15T17:00:00+05:30,Load_7,load,0.012154813026896926,0.0036464439080690775,0.0,good,synthetic_demo_v1
2024-01-15T17:00:00+05:30,Load_8,load,0.0702075315990155,0.021062259479704647,0.0,good,synthetic_demo_v1
2024-01-15T17:00:00+05:30,Load_9,load,0.05116575262146233,0.015349725786438697,0.0,good,synthetic_demo_v1
2024-01-15T17:00:00+05:30,Load_10,load,0.05884949826072826,0.017654849478218475,0.0,good,synthetic_demo_v1
2024-01-15T17:00:00+05:30,Load_11,load,0.009460906517412479,0.0028382719552237437,0.0,good,synthetic_demo_v1
2024-01-15T17:00:00+05:30,Load_12,load,0.07765967774922529,0.023297903324767586,0.0,good,synthetic_demo_v1
2024-01-15T17:00:00+05:30,Load_13,load,0.06778414369565736,0.020335243108697207,0.0,good,synthetic_demo_v1
2024-01-15T17:00:00+05:30,Load_14,load,0.023236404145229584,0.006970921243568875,0.0,good,synthetic_demo_v1
2024-01-15T17:00:00+05:30,Load_15,load,0.021044292586550734,0.00631328777596522,0.0,good,synthetic_demo_v1
2024-01-15T17:00:00+05:30,Load_16,load,0.02115776566160932,0.006347329698482796,0.0,good,synthetic_demo_v1
2024-01-15T17:00:00+05:30,Load_17,load,0.02983865135373639,0.008951595406120918,0.0,good,synthetic_demo_v1
2024-01-15T17:00:00+05:30,Load_18,load,0.04568021355582603,0.013704064066747809,0.0,good,synthetic_demo_v1
2024-01-15T17:00:00+05:30,Load_19,load,0.039012716190705815,0.011703814857211744,0.0,good,synthetic_demo_v1
2024-01-15T17:00:00+05:30,Load_20,load,0.028903800503189095,0.008671140150956729,0.0,good,synthetic_demo_v1
2024-01-15T17:00:00+05:30,Load_21,load,0.051937153510253985,0.015581146053076195,0.0,good,synthetic_demo_v1
2024-01-15T17:00:00+05:30,Load_22,load,0.018003259891051136,0.005400977967315341,0.0,good,synthetic_demo_v1
2024-01-15T17:00:00+05:30,Load_23,load,0.02896956988681563,0.008690870966044689,0.0,good,synthetic_demo_v1
2024-01-15T17:00:00+05:30,Load_24,load,0.03430127354864224,0.010290382064592672,0.0,good,synthetic_demo_v1
2024-01-15T17:00:00+05:30,Load_25,load,0.040745834340965154,0.012223750302289546,0.0,good,synthetic_demo_v1
2024-01-15T17:00:00+05:30,Load_26,load,0.06438854341058878,0.019316563023176633,0.0,good,synthetic_demo_v1
2024-01-15T17:00:00+05:30,Load_27,load,0.022326537116872713,0.006697961135061814,0.0,good,synthetic_demo_v1
2024-01-15T17:00:00+05:30,Load_28,load,0.044924322014033964,0.013477296604210189,0.0,good,synthetic_demo_v1
2024-01-15T17:00:00+05:30,Load_29,load,0.05054071979288413,0.015162215937865238,0.0,good,synthetic_demo_v1
2024-01-15T17:00:00+05:30,Load_30,load,0.011319093322068619,0.0033957279966205854,0.0,good,synthetic_demo_v1
2024-01-15T17:00:00+05:30,Load_31,load,0.051627667174123024,0.015488300152236907,0.0,good,synthetic_demo_v1
2024-01-15T17:00:00+05:30,Load_32,load,0.020232449064677166,0.006069734719403149,0.0,good,synthetic_demo_v1
2024-01-15T17:00:00+05:30,PV_5,pv,0.0,0.0,0.11542467934621739,good,synthetic_demo_v1
2024-01-15T17:00:00+05:30,PV_10,pv,0.0,0.0,0.2293005573303293,good,synthetic_demo_v1
2024-01-15T17:00:00+05:30,PV_17,pv,0.0,0.0,0.1657293136230032,good,synthetic_demo_v1
2024-01-15T17:00:00+05:30,PV_24,pv,0.0,0.0,0.16258937676365687,good,synthetic_demo_v1
2024-01-15T17:00:00+05:30,PV_30,pv,0.0,0.0,0.10175828231654946,good,synthetic_demo_v1
2024-01-15T17:00:00+05:30,Battery_18,battery,0.0,0.0,0.0,good,synthetic_demo_v1
2024-01-15T18:00:00+05:30,Load_1,load,0.05214765093669524,0.01564429528100857,0.0,good,synthetic_demo_v1
2024-01-15T18:00:00+05:30,Load_2,load,0.11401536290422214,0.03420460887126664,0.0,good,synthetic_demo_v1
2024-01-15T18:00:00+05:30,Load_3,load,0.09052988089112163,0.027158964267336487,0.0,good,synthetic_demo_v1
2024-01-15T18:00:00+05:30,Load_4,load,0.07621275272951242,0.022863825818853725,0.0,good,synthetic_demo_v1
2024-01-15T18:00:00+05:30,Load_5,load,0.02868352467677606,0.008605057403032818,0.0,good,synthetic_demo_v1
2024-01-15T18:00:00+05:30,Load_6,load,0.028680934738147576,0.008604280421444272,0.0,good,synthetic_demo_v1
2024-01-15T18:00:00+05:30,Load_7,load,0.01816757958309848,0.005450273874929543,0.0,good,synthetic_demo_v1
2024-01-15T18:00:00+05:30,Load_8,load,0.10493792992417962,0.031481378977253886,0.0,good,synthetic_demo_v1
2024-01-15T18:00:00+05:30,Load_9,load,0.07647652667487054,0.02294295800246116,0.0,good,synthetic_demo_v1
2024-01-15T18:00:00+05:30,Load_10,load,0.08796128255624402,0.026388384766873208,0.0,good,synthetic_demo_v1
2024-01-15T18:00:00+05:30,Load_11,load,0.0141410461603149,0.00424231384809447,0.0,good,synthetic_demo_v1
2024-01-15T18:00:00+05:30,Load_12,load,0.11607651823065737,0.03482295546919721,0.0,good,synthetic_demo_v1
2024-01-15T18:00:00+05:30,Load_13,load,0.10131573577791417,0.03039472073337425,0.0,good,synthetic_demo_v1
2024-01-15T18:00:00+05:30,Load_14,load,0.0347310337558743,0.010419310126762291,0.0,good,synthetic_demo_v1
2024-01-15T18:00:00+05:30,Load_15,load,0.03145452418643872,0.009436357255931617,0.0,good,synthetic_demo_v1
2024-01-15T18:00:00+05:30,Load_16,load,0.03162413034303726,0.009487239102911178,0.0,good,synthetic_demo_v1
2024-01-15T18:00:00+05:30,Load_17,load,0.044599293458628377,0.013379788037588512,0.0,good,synthetic_demo_v1
2024-01-15T18:00:00+05:30,Load_18,load,0.06827739047173753,0.020483217141521258,0.0,good,synthetic_demo_v1
2024-01-15T18:00:00+05:30,Load_19,load,0.0583116025379477,0.01749348076138431,0.0,good,synthetic_demo_v1
2024-01-15T18:00:00+05:30,Load_20,load,0.0432019887705133,0.01296059663115399,0.0,good,synthetic_demo_v1
2024-01-15T18:00:00+05:30,Load_21,load,0.07762952565614513,0.023288857696843537,0.0,good,synthetic_demo_v1
2024-01-15T18:00:00+05:30,Load_22,load,0.026909147520583248,0.008072744256174973,0.0,good,synthetic_demo_v1
2024-01-15T18:00:00+05:30,Load_23,load,0.04330029308079124,0.012990087924237372,0.0,good,synthetic_demo_v1
2024-01-15T18:00:00+05:30,Load_24,load,0.05126949428326022,0.015380848284978064,0.0,good,synthetic_demo_v1
2024-01-15T18:00:00+05:30,Load_25,load,0.06090206294668237,0.018270618884004712,0.0,good,synthetic_demo_v1
2024-01-15T18:00:00+05:30,Load_26,load,0.09624039333744519,0.028872118001233557,0.0,good,synthetic_demo_v1
2024-01-15T18:00:00+05:30,Load_27,load,0.03337107193571862,0.010011321580715587,0.0,good,synthetic_demo_v1
2024-01-15T18:00:00+05:30,Load_28,load,0.06714757303141083,0.02014427190942325,0.0,good,synthetic_demo_v1
2024-01-15T18:00:00+05:30,Load_29,load,0.07554230139060529,0.022662690417181587,0.0,good,synthetic_demo_v1
2024-01-15T18:00:00+05:30,Load_30,load,0.01691844442873338,0.005075533328620014,0.0,good,synthetic_demo_v1
2024-01-15T18:00:00+05:30,Load_31,load,0.07716694201712915,0.023150082605138744,0.0,good,synthetic_demo_v1
2024-01-15T18:00:00+05:30,Load_32,load,0.03024107633166523,0.009072322899499568,0.0,good,synthetic_demo_v1
2024-01-15T18:00:00+05:30,PV_5,pv,0.0,0.0,0.06924310754597301,good,synthetic_demo_v1
2024-01-15T18:00:00+05:30,PV_10,pv,0.0,0.0,0.12619240189831765,good,synthetic_demo_v1
2024-01-15T18:00:00+05:30,PV_17,pv,0.0,0.0,0.11128115683662,good,synthetic_demo_v1
2024-01-15T18:00:00+05:30,PV_24,pv,0.0,0.0,0.10074095422150668,good,synthetic_demo_v1
2024-01-15T18:00:00+05:30,PV_30,pv,0.0,0.0,0.0671796098453164,good,synthetic_demo_v1
2024-01-15T18:00:00+05:30,Battery_18,battery,0.0,0.0,0.0,good,synthetic_demo_v1
2024-01-15T19:00:00+05:30,Load_1,load,0.05292482058964705,0.015877446176894114,0.0,good,synthetic_demo_v1
2024-01-15T19:00:00+05:30,Load_2,load,0.11571456274214036,0.0347143688226421,0.0,good,synthetic_demo_v1
2024-01-15T19:00:00+05:30,Load_3,load,0.09187907064080626,0.027563721192241878,0.0,good,synthetic_demo_v1
2024-01-15T19:00:00+05:30,Load_4,load,0.07734857069111534,0.0232045712073346,0.0,good,synthetic_demo_v1
2024-01-15T19:00:00+05:30,Load_5,load,0.029111002511694187,0.008733300753508255,0.0,good,synthetic_demo_v1
2024-01-15T19:00:00+05:30,Load_6,load,0.02910837397455419,0.008732512192366256,0.0,good,synthetic_demo_v1
2024-01-15T19:00:00+05:30,Load_7,load,0.0184383356241848,0.00553150068725544,0.0,good,synthetic_demo_v1
2024-01-15T19:00:00+05:30,Load_8,load,0.106501846478727,0.0319505539436181,0.0,good,synthetic_demo_v1
2024-01-15T19:00:00+05:30,Load_9,load,0.07761627572640539,0.023284882717921618,0.0,good,synthetic_demo_v1
2024-01-15T19:00:00+05:30,Load_10,load,0.08927219183421743,0.02678165755026523,0.0,good,synthetic_demo_v1
2024-01-15T19:00:00+05:30,Load_11,load,0.01435179375372287,0.004305538126116861,0.0,good,synthetic_demo_v1
2024-01-15T19:00:00+05:30,Load_12,load,0.11780643598857683,0.03534193079657305,0.0,good,synthetic_demo_v1
2024-01-15T19:00:00+05:30,Load_13,load,0.10282566985545613,0.030847700956636838,0.0,good,synthetic_demo_v1
2024-01-15T19:00:00+05:30,Load_14,load,0.03524863915066912,0.010574591745200736,0.0,good,synthetic_demo_v1
2024-01-15T19:00:00+05:30,Load_15,load,0.031923298929052046,0.009576989678715614,0.0,good,synthetic_demo_v1
2024-01-15T19:00:00+05:30,Load_16,load,0.032095432769170255,0.009628629830751077,0.0,good,synthetic_demo_v1
2024-01-15T19:00:00+05:30,Load_17,load,0.045263968027789994,0.013579190408336998,0.0,good,synthetic_demo_v1
2024-01-15T19:00:00+05:30,Load_18,load,0.06929494571927479,0.020788483715782437,0.0,good,synthetic_demo_v1
2024-01-15T19:00:00+05:30,Load_19,load,0.05918063512318331,0.017754190536954994,0.0,good,synthetic_demo_v1
2024-01-15T19:00:00+05:30,Load_20,load,0.04384583895391594,0.01315375168617478,0.0,good,synthetic_demo_v1
2024-01-15T19:00:00+05:30,Load_21,load,0.0787864581435977,0.023635937443079312,0.0,good,synthetic_demo_v1
2024-01-15T19:00:00+05:30,Load_22,load,0.02731018136322341,0.008193054408967022,0.0,good,synthetic_demo_v1
2024-01-15T19:00:00+05:30,Load_23,load,0.043945608318234276,0.013183682495470283,0.0,good,synthetic_demo_v1
2024-01-15T19:00:00+05:30,Load_24,load,0.052033576545134415,0.015610072963540323,0.0,good,synthetic_demo_v1
2024-01-15T19:00:00+05:30,Load_25,load,0.06180970181965443,0.018542910545896327,0.0,good,synthetic_demo_v1
2024-01-15T19:00:00+05:30,Load_26,load,0.09767468830081383,0.029302406490244147,0.0,good,synthetic_demo_v1
2024-01-15T19:00:00+05:30,Load_27,load,0.03386840947497607,0.01016052284249282,0.0,good,synthetic_demo_v1
2024-01-15T19:00:00+05:30,Load_28,load,0.0681482903234079,0.02044448709702237,0.0,good,synthetic_demo_v1
2024-01-15T19:00:00+05:30,Load_29,load,0.07666812744605289,0.023000438233815867,0.0,good,synthetic_demo_v1
2024-01-15T19:00:00+05:30,Load_30,load,0.017170584292159344,0.005151175287647803,0.0,good,synthetic_demo_v1
2024-01-15T19:00:00+05:30,Load_31,load,0.07831698050341893,0.023495094151025676,0.0,good,synthetic_demo_v1
2024-01-15T19:00:00+05:30,Load_32,load,0.030691766753485002,0.009207530026045501,0.0,good,synthetic_demo_v1
2024-01-15T19:00:00+05:30,PV_5,pv,0.0,0.0,0.04439761605421856,good,synthetic_demo_v1
2024-01-15T19:00:00+05:30,PV_10,pv,0.0,0.0,0.059009609408081115,good,synthetic_demo_v1
2024-01-15T19:00:00+05:30,PV_17,pv,0.0,0.0,0.05270212874881148,good,synthetic_demo_v1
2024-01-15T19:00:00+05:30,PV_24,pv,0.0,0.0,0.05424715246838324,good,synthetic_demo_v1
2024-01-15T19:00:00+05:30,PV_30,pv,0.0,0.0,0.034034070601894124,good,synthetic_demo_v1
2024-01-15T19:00:00+05:30,Battery_18,battery,0.0,0.0,0.0,good,synthetic_demo_v1
2024-01-15T20:00:00+05:30,Load_1,load,0.05337375833241638,0.016012127499724912,0.0,good,synthetic_demo_v1
2024-01-15T20:00:00+05:30,Load_2,load,0.11669611797509583,0.03500883539252875,0.0,good,synthetic_demo_v1
2024-01-15T20:00:00+05:30,Load_3,load,0.0926584399824814,0.02779753199474442,0.0,good,synthetic_demo_v1
2024-01-15T20:00:00+05:30,Load_4,load,0.07800468425646384,0.023401405276939152,0.0,good,synthetic_demo_v1
2024-01-15T20:00:00+05:30,Load_5,load,0.02935793821429549,0.008807381464288647,0.0,good,synthetic_demo_v1
2024-01-15T20:00:00+05:30,Load_6,load,0.029355287380442584,0.008806586214132776,0.0,good,synthetic_demo_v1
2024-01-15T20:00:00+05:30,Load_7,load,0.018594739834597262,0.005578421950379178,0.0,good,synthetic_demo_v1
2024-01-15T20:00:00+05:30,Load_8,load,0.10740525433209777,0.03222157629962933,0.0,good,synthetic_demo_v1
2024-01-15T20:00:00+05:30,Load_9,load,0.07827466011464819,0.023482398034394458,0.0,good,synthetic_demo_v1
2024-01-15T20:00:00+05:30,Load_10,load,0.09002944818100539,0.027008834454301616,0.0,good,synthetic_demo_v1
2024-01-15T20:00:00+05:30,Load_11,load,0.014473533644774059,0.004342060093432218,0.0,good,synthetic_demo_v1
2024-01-15T20:00:00+05:30,Load_12,load,0.11880573565302874,0.03564172069590862,0.0,good,synthetic_demo_v1
2024-01-15T20:00:00+05:30,Load_13,load,0.10369789433556487,0.03110936830066946,0.0,good,synthetic_demo_v1
2024-01-15T20:00:00+05:30,Load_14,load,0.035547637698414555,0.010664291309524366,0.0,good,synthetic_demo_v1
2024-01-15T20:00:00+05:30,Load_15,load,0.032194090092881954,0.009658227027864586,0.0,good,synthetic_demo_v1
2024-01-15T20:00:00+05:30,Load_16,load,0.03236768406790049,0.009710305220370146,0.0,good,synthetic_demo_v1
2024-01-15T20:00:00+05:30,Load_17,load,0.04564792216138519,0.013694376648415557,0.0,good,synthetic_demo_v1
2024-01-15T20:00:00+05:30,Load_18,load,0.06988274396157285,0.020964823188471853,0.0,good,synthetic_demo_v1
2024-01-15T20:00:00+05:30,Load_19,load,0.05968263816167929,0.017904791448503786,0.0,good,synthetic_demo_v1
2024-01-15T20:00:00+05:30,Load_20,load,0.04421776372853953,0.013265329118561858,0.0,good,synthetic_demo_v1
2024-01-15T20:00:00+05:30,Load_21,load,0.07945476866946648,0.023836430600839943,0.0,good,synthetic_demo_v1
2024-01-15T20:00:00+05:30,Load_22,load,0.027541841499983986,0.008262552449995195,0.0,good,synthetic_demo_v1
2024-01-15T20:00:00+05:30,Load_23,load,0.04431837939205578,0.013295513817616735,0.0,good,synthetic_demo_v1
2024-01-15T20:00:00+05:30,Load_24,load,0.05247495426058306,0.015742486278174917,0.0,good,synthetic_demo_v1
2024-01-15T20:00:00+05:30,Load_25,load,0.06233400606305113,0.018700201818915338,0.0,good,synthetic_demo_v1
2024-01-15T20:00:00+05:30,Load_26,load,0.09850321929256636,0.029550965787769907,0.0,good,synthetic_demo_v1
2024-01-15T20:00:00+05:30,Load_27,load,0.034155700147508974,0.010246710044252693,0.0,good,synthetic_demo_v1
2024-01-15T20:00:00+05:30,Load_28,load,0.0687263619973507,0.02061790859920521,0.0,good,synthetic_demo_v1
2024-01-15T20:00:00+05:30,Load_29,load,0.0773184691136204,0.023195540734086122,0.0,good,synthetic_demo_v1
2024-01-15T20:00:00+05:30,Load_30,load,0.01731623473118342,0.005194870419355025,0.0,good,synthetic_demo_v1
2024-01-15T20:00:00+05:30,Load_31,load,0.07898130865901767,0.0236943925977053,0.0,good,synthetic_demo_v1
2024-01-15T20:00:00+05:30,Load_32,load,0.03095211137694146,0.009285633413082438,0.0,good,synthetic_demo_v1
2024-01-15T20:00:00+05:30,PV_5,pv,0.0,0.0,0.0,good,synthetic_demo_v1
2024-01-15T20:00:00+05:30,PV_10,pv,0.0,0.0,0.0,good,synthetic_demo_v1
2024-01-15T20:00:00+05:30,PV_17,pv,0.0,0.0,0.0,good,synthetic_demo_v1
2024-01-15T20:00:00+05:30,PV_24,pv,0.0,0.0,0.0,good,synthetic_demo_v1
2024-01-15T20:00:00+05:30,PV_30,pv,0.0,0.0,0.0,good,synthetic_demo_v1
2024-01-15T20:00:00+05:30,Battery_18,battery,0.0,0.0,0.0,good,synthetic_demo_v1
2024-01-15T21:00:00+05:30,Load_1,load,0.05589703663456996,0.016769110990370987,0.0,good,synthetic_demo_v1
2024-01-15T21:00:00+05:30,Load_2,load,0.12221300102084673,0.036663900306254014,0.0,good,synthetic_demo_v1
2024-01-15T21:00:00+05:30,Load_3,load,0.09703892654411811,0.02911167796323543,0.0,good,synthetic_demo_v1
2024-01-15T21:00:00+05:30,Load_4,load,0.08169240521523197,0.02450772156456959,0.0,good,synthetic_demo_v1
2024-01-15T21:00:00+05:30,Load_5,load,0.030745853377225026,0.009223756013167507,0.0,good,synthetic_demo_v1
2024-01-15T21:00:00+05:30,Load_6,load,0.030743077223519207,0.009222923167055763,0.0,good,synthetic_demo_v1
2024-01-15T21:00:00+05:30,Load_7,load,0.019473817962590616,0.005842145388777185,0.0,good,synthetic_demo_v1
2024-01-15T21:00:00+05:30,Load_8,load,0.11248290590209917,0.03374487177062975,0.0,good,synthetic_demo_v1
2024-01-15T21:00:00+05:30,Load_9,load,0.081975144353469,0.0245925433060407,0.0,good,synthetic_demo_v1
2024-01-15T21:00:00+05:30,Load_10,load,0.09428564748657352,0.028285694245972055,0.0,good,synthetic_demo_v1
2024-01-15T21:00:00+05:30,Load_11,load,0.015157779134362667,0.0045473337403088,0.0,good,synthetic_demo_v1
2024-01-15T21:00:00+05:30,Load_12,load,0.12442235221350452,0.03732670566405136,0.0,good,synthetic_demo_v1
2024-01-15T21:00:00+05:30,Load_13,load,0.10860027810862265,0.032580083432586796,0.0,good,synthetic_demo_v1
2024-01-15T21:00:00+05:30,Load_14,load,0.037228174833135105,0.011168452449940532,0.0,good,synthetic_demo_v1
2024-01-15T21:00:00+05:30,Load_15,load,0.033716086136012555,0.010114825840803766,0.0,good,synthetic_demo_v1
2024-01-15T21:00:00+05:30,Load_16,load,0.03389788687638235,0.010169366062914706,0.0,good,synthetic_demo_v1
2024-01-15T21:00:00+05:30,Load_17,load,0.04780595665486892,0.014341786996460675,0.0,good,synthetic_demo_v1
2024-01-15T21:00:00+05:30,Load_18,load,0.07318649503780342,0.021955948511341025,0.0,good,synthetic_demo_v1
2024-01-15T21:00:00+05:30,Load_19,load,0.06250417276208581,0.01875125182862574,0.0,good,synthetic_demo_v1
2024-01-15T21:00:00+05:30,Load_20,load,0.04630818657437112,0.013892455972311335,0.0,good,synthetic_demo_v1
2024-01-15T21:00:00+05:30,Load_21,load,0.08321104328924592,0.024963312986773775,0.0,good,synthetic_demo_v1
2024-01-15T21:00:00+05:30,Load_22,load,0.02884389953804526,0.008653169861413578,0.0,good,synthetic_demo_v1
2024-01-15T21:00:00+05:30,Load_23,load,0.04641355890724212,0.013924067672172637,0.0,good,synthetic_demo_v1
2024-01-15T21:00:00+05:30,Load_24,load,0.0549557410297586,0.01648672230892758,0.0,good,synthetic_demo_v1
2024-01-15T21:00:00+05:30,Load_25,load,0.06528088576385122,0.019584265729155365,0.0,good,synthetic_demo_v1
2024-01-15T21:00:00+05:30,Load_26,load,0.1031600215058415,0.030948006451752448,0.0,good,synthetic_demo_v1
2024-01-15T21:00:00+05:30,Load_27,load,0.035770432551030386,0.010731129765309115,0.0,good,synthetic_demo_v1
2024-01-15T21:00:00+05:30,Load_28,load,0.07197544438225265,0.021592633314675792,0.0,good,synthetic_demo_v1
2024-01-15T21:00:00+05:30,Load_29,load,0.08097374881596131,0.02429212464478839,0.0,good,synthetic_demo_v1
2024-01-15T21:00:00+05:30,Load_30,load,0.018134870718929785,0.005440461215678935,0.0,good,synthetic_demo_v1
2024-01-15T21:00:00+05:30,Load_31,load,0.08271520015629219,0.024814560046887656,0.0,good,synthetic_demo_v1
2024-01-15T21:00:00+05:30,Load_32,load,0.03241539208797663,0.009724617626392987,0.0,good,synthetic_demo_v1
2024-01-15T21:00:00+05:30,PV_5,pv,0.0,0.0,0.0,good,synthetic_demo_v1
2024-01-15T21:00:00+05:30,PV_10,pv,0.0,0.0,0.0,good,synthetic_demo_v1
2024-01-15T21:00:00+05:30,PV_17,pv,0.0,0.0,0.0,good,synthetic_demo_v1
2024-01-15T21:00:00+05:30,PV_24,pv,0.0,0.0,0.0,good,synthetic_demo_v1
2024-01-15T21:00:00+05:30,PV_30,pv,0.0,0.0,0.0,good,synthetic_demo_v1
2024-01-15T21:00:00+05:30,Battery_18,battery,0.0,0.0,0.0,good,synthetic_demo_v1
2024-01-15T22:00:00+05:30,Load_1,load,0.05077878733479501,0.015233636200438503,0.0,good,synthetic_demo_v1
2024-01-15T22:00:00+05:30,Load_2,load,0.11102248637894013,0.03330674591368204,0.0,good,synthetic_demo_v1
2024-01-15T22:00:00+05:30,Load_3,load,0.08815349275838184,0.026446047827514554,0.0,good,synthetic_demo_v1
2024-01-15T22:00:00+05:30,Load_4,load,0.07421218585184622,0.022263655755553866,0.0,good,synthetic_demo_v1
2024-01-15T22:00:00+05:30,Load_5,load,0.02793058888390765,0.008379176665172294,0.0,good,synthetic_demo_v1
2024-01-15T22:00:00+05:30,Load_6,load,0.027928066930560498,0.008378420079168149,0.0,good,synthetic_demo_v1
2024-01-15T22:00:00+05:30,Load_7,load,0.01769068488162633,0.005307205464487898,0.0,good,synthetic_demo_v1
2024-01-15T22:00:00+05:30,Load_8,load,0.10218333388482312,0.030655000165446936,0.0,good,synthetic_demo_v1
2024-01-15T22:00:00+05:30,Load_9,load,0.07446903579302687,0.02234071073790806,0.0,good,synthetic_demo_v1
2024-01-15T22:00:00+05:30,Load_10,load,0.08565231952713516,0.025695695858140546,0.0,good,synthetic_demo_v1
2024-01-15T22:00:00+05:30,Load_11,load,0.013769847016461906,0.004130954104938572,0.0,good,synthetic_demo_v1
2024-01-15T22:00:00+05:30,Load_12,load,0.11302953686165682,0.033908861058497046,0.0,good,synthetic_demo_v1
2024-01-15T22:00:00+05:30,Load_13,load,0.09865622148503668,0.029596866445511003,0.0,good,synthetic_demo_v1
2024-01-15T22:00:00+05:30,Load_14,load,0.033819352268581654,0.010145805680574495,0.0,good,synthetic_demo_v1
2024-01-15T22:00:00+05:30,Load_15,load,0.030628850306589843,0.009188655091976953,0.0,good,synthetic_demo_v1
2024-01-15T22:00:00+05:30,Load_16,load,0.030794004341371656,0.009238201302411497,0.0,good,synthetic_demo_v1
2024-01-15T22:00:00+05:30,Load_17,load,0.04342857246948746,0.013028571740846238,0.0,good,synthetic_demo_v1
2024-01-15T22:00:00+05:30,Load_18,load,0.06648512499149663,0.019945537497448988,0.0,good,synthetic_demo_v1
2024-01-15T22:00:00+05:30,Load_19,load,0.056780936652737105,0.01703428099582113,0.0,good,synthetic_demo_v1
2024-01-15T22:00:00+05:30,Load_20,load,0.04206794670159157,0.012620384010477471,0.0,good,synthetic_demo_v1
2024-01-15T22:00:00+05:30,Load_21,load,0.07559176882156639,0.022677530646469917,0.0,good,synthetic_demo_v1
2024-01-15T22:00:00+05:30,Load_22,load,0.026202788711750115,0.007860836613525034,0.0,good,synthetic_demo_v1
2024-01-15T22:00:00+05:30,Load_23,load,0.04216367054678945,0.012649101164036834,0.0,good,synthetic_demo_v1
2024-01-15T22:00:00+05:30,Load_24,load,0.04992368208747439,0.014977104626242316,0.0,good,synthetic_demo_v1
2024-01-15T22:00:00+05:30,Load_25,load,0.05930339808353153,0.017791019425059458,0.0,good,synthetic_demo_v1
2024-01-15T22:00:00+05:30,Load_26,load,0.09371410559282337,0.028114231677847008,0.0,good,synthetic_demo_v1
2024-01-15T22:00:00+05:30,Load_27,load,0.03249508912712283,0.009748526738136849,0.0,good,synthetic_demo_v1
2024-01-15T22:00:00+05:30,Load_28,load,0.06538496499389411,0.019615489498168232,0.0,good,synthetic_demo_v1
2024-01-15T22:00:00+05:30,Load_29,load,0.07355933370328017,0.02206780011098405,0.0,good,synthetic_demo_v1
2024-01-15T22:00:00+05:30,Load_30,load,0.016474339231983888,0.004942301769595166,0.0,good,synthetic_demo_v1
2024-01-15T22:00:00+05:30,Load_31,load,0.07514132789454049,0.022542398368362148,0.0,good,synthetic_demo_v1
2024-01-15T22:00:00+05:30,Load_32,load,0.029447255173297892,0.008834176551989367,0.0,good,synthetic_demo_v1
2024-01-15T22:00:00+05:30,PV_5,pv,0.0,0.0,0.0,good,synthetic_demo_v1
2024-01-15T22:00:00+05:30,PV_10,pv,0.0,0.0,0.0,good,synthetic_demo_v1
2024-01-15T22:00:00+05:30,PV_17,pv,0.0,0.0,0.0,good,synthetic_demo_v1
2024-01-15T22:00:00+05:30,PV_24,pv,0.0,0.0,0.0,good,synthetic_demo_v1
2024-01-15T22:00:00+05:30,PV_30,pv,0.0,0.0,0.0,good,synthetic_demo_v1
2024-01-15T22:00:00+05:30,Battery_18,battery,0.0,0.0,0.0,good,synthetic_demo_v1
2024-01-15T23:00:00+05:30,Load_1,load,0.03546369016931403,0.010639107050794207,0.0,good,synthetic_demo_v1
2024-01-15T23:00:00+05:30,Load_2,load,0.07753763461916502,0.023261290385749506,0.0,good,synthetic_demo_v1
2024-01-15T23:00:00+05:30,Load_3,load,0.06156602626041703,0.01846980787812511,0.0,good,synthetic_demo_v1
2024-01-15T23:00:00+05:30,Load_4,load,0.051829476519105785,0.015548842955731735,0.0,good,synthetic_demo_v1
2024-01-15T23:00:00+05:30,Load_5,load,0.01950660506905518,0.005851981520716554,0.0,good,synthetic_demo_v1
2024-01-15T23:00:00+05:30,Load_6,load,0.019504843747510908,0.005851453124253272,0.0,good,synthetic_demo_v1
2024-01-15T23:00:00+05:30,Load_7,load,0.012355099451047114,0.003706529835314134,0.0,good,synthetic_demo_v1
2024-01-15T23:00:00+05:30,Load_8,load,0.07136440792621704,0.021409322377865112,0.0,good,synthetic_demo_v1
2024-01-15T23:00:00+05:30,Load_9,load,0.05200885943098946,0.015602657829296837,0.0,good,synthetic_demo_v1
2024-01-15T23:00:00+05:30,Load_10,load,0.05981921746114635,0.017945765238343906,0.0,good,synthetic_demo_v1
2024-01-15T23:00:00+05:30,Load_11,load,0.009616802879734022,0.002885040863920207,0.0,good,synthetic_demo_v1
2024-01-15T23:00:00+05:30,Load_12,load,0.07893935018208206,0.023681805054624618,0.0,good,synthetic_demo_v1
2024-01-15T23:00:00+05:30,Load_13,load,0.06890108755360427,0.02067032626608128,0.0,good,synthetic_demo_v1
2024-01-15T23:00:00+05:30,Load_14,load,0.023619292494565614,0.007085787748369684,0.0,good,synthetic_demo_v1
2024-01-15T23:00:00+05:30,Load_15,load,0.021391059427110403,0.006417317828133121,0.0,good,synthetic_demo_v1
2024-01-15T23:00:00+05:30,Load_16,load,0.02150640230603932,0.006451920691811796,0.0,good,synthetic_demo_v1
2024-01-15T23:00:00+05:30,Load_17,load,0.0303303312148646,0.00909909936445938,0.0,good,synthetic_demo_v1
2024-01-15T23:00:00+05:30,Load_18,load,0.0464329299166016,0.01392987897498048,0.0,good,synthetic_demo_v1
2024-01-15T23:00:00+05:30,Load_19,load,0.03965556585074846,0.011896669755224538,0.0,good,synthetic_demo_v1
2024-01-15T23:00:00+05:30,Load_20,load,0.029380075936988347,0.008814022781096503,0.0,good,synthetic_demo_v1
2024-01-15T23:00:00+05:30,Load_21,load,0.05279297142650571,0.015837891427951712,0.0,good,synthetic_demo_v1
2024-01-15T23:00:00+05:30,Load_22,load,0.018299916741193214,0.005489975022357964,0.0,good,synthetic_demo_v1
2024-01-15T23:00:00+05:30,Load_23,load,0.029446929065353365,0.008834078719606009,0.0,good,synthetic_demo_v1
2024-01-15T23:00:00+05:30,Load_24,load,0.03486648828355034,0.0104599464850651,0.0,good,synthetic_demo_v1
2024-01-15T23:00:00+05:30,Load_25,load,0.041417242238487646,0.012425172671546294,0.0,good,synthetic_demo_v1
2024-01-15T23:00:00+05:30,Load_26,load,0.06544953473043949,0.019634860419131848,0.0,good,synthetic_demo_v1
2024-01-15T23:00:00+05:30,Load_27,load,0.022694432721099583,0.0068083298163298745,0.0,good,synthetic_demo_v1
2024-01-15T23:00:00+05:30,Load_28,load,0.04566458283035847,0.013699374849107541,0.0,good,synthetic_demo_v1
2024-01-15T23:00:00+05:30,Load_29,load,0.05137352734153942,0.015412058202461824,0.0,good,synthetic_demo_v1
2024-01-15T23:00:00+05:30,Load_30,load,0.011505608797138677,0.003451682639141603,0.0,good,synthetic_demo_v1
2024-01-15T23:00:00+05:30,Load_31,load,0.0524783853894209,0.01574351561682627,0.0,good,synthetic_demo_v1
2024-01-15T23:00:00+05:30,Load_32,load,0.020565838386750475,0.006169751516025142,0.0,good,synthetic_demo_v1
2024-01-15T23:00:00+05:30,PV_5,pv,0.0,0.0,0.0,good,synthetic_demo_v1
2024-01-15T23:00:00+05:30,PV_10,pv,0.0,0.0,0.0,good,synthetic_demo_v1
2024-01-15T23:00:00+05:30,PV_17,pv,0.0,0.0,0.0,good,synthetic_demo_v1
2024-01-15T23:00:00+05:30,PV_24,pv,0.0,0.0,0.0,good,synthetic_demo_v1
2024-01-15T23:00:00+05:30,PV_30,pv,0.0,0.0,0.0,good,synthetic_demo_v1
2024-01-15T23:00:00+05:30,Battery_18,battery,0.0,0.0,0.0,good,synthetic_demo_v1
2024-01-16T00:00:00+05:30,Load_1,load,0.03520549554254473,0.010561648662763419,0.0,good,synthetic_demo_v1
2024-01-16T00:00:00+05:30,Load_2,load,0.0769731191799795,0.023091935753993847,0.0,good,synthetic_demo_v1
2024-01-16T00:00:00+05:30,Load_3,load,0.061117792670057854,0.018335337801017357,0.0,good,synthetic_demo_v1
2024-01-16T00:00:00+05:30,Load_4,load,0.05145213021696947,0.01543563906509084,0.0,good,synthetic_demo_v1
2024-01-16T00:00:00+05:30,Load_5,load,0.019364586554024878,0.005809375966207463,0.0,good,synthetic_demo_v1
2024-01-16T00:00:00+05:30,Load_6,load,0.01936283805584322,0.005808851416752966,0.0,good,synthetic_demo_v1
2024-01-16T00:00:00+05:30,Load_7,load,0.01226514772080611,0.003679544316241833,0.0,good,synthetic_demo_v1
2024-01-16T00:00:00+05:30,Load_8,load,0.07084483687816336,0.021253451063449006,0.0,good,synthetic_demo_v1
2024-01-16T00:00:00+05:30,Load_9,load,0.051630207125339084,0.015489062137601725,0.0,good,synthetic_demo_v1
2024-01-16T00:00:00+05:30,Load_10,load,0.05938370157285968,0.017815110471857902,0.0,good,synthetic_demo_v1
2024-01-16T00:00:00+05:30,Load_11,load,0.009546787412691753,0.002864036223807526,0.0,good,synthetic_demo_v1
2024-01-16T00:00:00+05:30,Load_12,load,0.07836462950410508,0.023509388851231525,0.0,good,synthetic_demo_v1
2024-01-16T00:00:00+05:30,Load_13,load,0.06839945079499378,0.020519835238498135,0.0,good,synthetic_demo_v1
2024-01-16T00:00:00+05:30,Load_14,load,0.02344733141603504,0.007034199424810512,0.0,good,synthetic_demo_v1
2024-01-16T00:00:00+05:30,Load_15,load,0.02123532107674094,0.006370596323022283,0.0,good,synthetic_demo_v1
2024-01-16T00:00:00+05:30,Load_16,load,0.021349824197837736,0.00640494725935132,0.0,good,synthetic_demo_v1
2024-01-16T00:00:00+05:30,Load_17,load,0.030109510186076476,0.009032853055822942,0.0,good,synthetic_demo_v1
2024-01-16T00:00:00+05:30,Load_18,load,0.04609487335925,0.013828462007774999,0.0,good,synthetic_demo_v1
2024-01-16T00:00:00+05:30,Load_19,load,0.03936685212763403,0.011810055638290209,0.0,good,synthetic_demo_v1
2024-01-16T00:00:00+05:30,Load_20,load,0.029166173274722023,0.008749851982416606,0.0,good,synthetic_demo_v1
2024-01-16T00:00:00+05:30,Load_21,load,0.052408610366265464,0.01572258310987964,0.0,good,synthetic_demo_v1
2024-01-16T00:00:00+05:30,Load_22,load,0.01816668356240264,0.005450005068720792,0.0,good,synthetic_demo_v1
2024-01-16T00:00:00+05:30,Load_23,load,0.02923253967656636,0.008769761902969908,0.0,good,synthetic_demo_v1
2024-01-16T00:00:00+05:30,Load_24,load,0.034612641605831586,0.010383792481749475,0.0,good,synthetic_demo_v1
2024-01-16T00:00:00+05:30,Load_25,load,0.041115702569306994,0.012334710770792097,0.0,good,synthetic_demo_v1
2024-01-16T00:00:00+05:30,Load_26,load,0.06497302712191734,0.0194919081365752,0.0,good,synthetic_demo_v1
2024-01-16T00:00:00+05:30,Load_27,load,0.0225292051162398,0.0067587615348719396,0.0,good,synthetic_demo_v1
2024-01-16T00:00:00+05:30,Load_28,load,0.04533212025062778,0.013599636075188333,0.0,good,synthetic_demo_v1
2024-01-16T00:00:00+05:30,Load_29,load,0.050999500593210546,0.015299850177963164,0.0,good,synthetic_demo_v1
2024-01-16T00:00:00+05:30,Load_30,load,0.01142184181307842,0.0034265525439235263,0.0,good,synthetic_demo_v1
2024-01-16T00:00:00+05:30,Load_31,load,0.052096314683738924,0.015628894405121677,0.0,good,synthetic_demo_v1
2024-01-16T00:00:00+05:30,Load_32,load,0.020416108086798234,0.00612483242603947,0.0,good,synthetic_demo_v1
2024-01-16T00:00:00+05:30,PV_5,pv,0.0,0.0,0.0,good,synthetic_demo_v1
2024-01-16T00:00:00+05:30,PV_10,pv,0.0,0.0,0.0,good,synthetic_demo_v1
2024-01-16T00:00:00+05:30,PV_17,pv,0.0,0.0,0.0,good,synthetic_demo_v1
2024-01-16T00:00:00+05:30,PV_24,pv,0.0,0.0,0.0,good,synthetic_demo_v1
2024-01-16T00:00:00+05:30,PV_30,pv,0.0,0.0,0.0,good,synthetic_demo_v1
2024-01-16T00:00:00+05:30,Battery_18,battery,0.0,0.0,0.0,good,synthetic_demo_v1
2024-01-16T01:00:00+05:30,Load_1,load,0.03633809000752302,0.010901427002256906,0.0,good,synthetic_demo_v1
2024-01-16T01:00:00+05:30,Load_2,load,0.07944941804729712,0.023834825414189135,0.0,good,synthetic_demo_v1
2024-01-16T01:00:00+05:30,Load_3,load,0.06308401051823857,0.01892520315547157,0.0,good,synthetic_demo_v1
2024-01-16T01:00:00+05:30,Load_4,load,0.0531073944590154,0.01593221833770462,0.0,good,synthetic_demo_v1
2024-01-16T01:00:00+05:30,Load_5,load,0.01998756382531984,0.005996269147595952,0.0,good,synthetic_demo_v1
2024-01-16T01:00:00+05:30,Load_6,load,0.019985759076279273,0.005995727722883782,0.0,good,synthetic_demo_v1
2024-01-16T01:00:00+05:30,Load_7,load,0.012659729254360685,0.003797918776308205,0.0,good,synthetic_demo_v1
2024-01-16T01:00:00+05:30,Load_8,load,0.07312398304224822,0.021937194912674467,0.0,good,synthetic_demo_v1
2024-01-16T01:00:00+05:30,Load_9,load,0.053291200271854376,0.015987360081556313,0.0,good,synthetic_demo_v1
2024-01-16T01:00:00+05:30,Load_10,load,0.06129413205181898,0.018388239615545695,0.0,good,synthetic_demo_v1
2024-01-16T01:00:00+05:30,Load_11,load,0.009853916695075305,0.0029561750085225916,0.0,good,synthetic_demo_v1
2024-01-16T01:00:00+05:30,Load_12,load,0.08088569458950248,0.024265708376850745,0.0,good,synthetic_demo_v1
2024-01-16T01:00:00+05:30,Load_13,load,0.07059992654981864,0.02117997796494559,0.0,good,synthetic_demo_v1
2024-01-16T01:00:00+05:30,Load_14,load,0.024201654494607257,0.007260496348382177,0.0,good,synthetic_demo_v1
2024-01-16T01:00:00+05:30,Load_15,load,0.02191848166695302,0.006575544500085906,0.0,good,synthetic_demo_v1
2024-01-16T01:00:00+05:30,Load_16,load,0.022036668462975518,0.006611000538892655,0.0,good,synthetic_demo_v1
2024-01-16T01:00:00+05:30,Load_17,load,0.031078161927925885,0.009323448578377766,0.0,good,synthetic_demo_v1
2024-01-16T01:00:00+05:30,Load_18,load,0.04757778952407067,0.014273336857221201,0.0,good,synthetic_demo_v1
2024-01-16T01:00:00+05:30,Load_19,load,0.040633321414211616,0.012189996424263485,0.0,good,synthetic_demo_v1
2024-01-16T01:00:00+05:30,Load_20,load,0.030104476965849676,0.009031343089754902,0.0,good,synthetic_demo_v1
2024-01-16T01:00:00+05:30,Load_21,load,0.054094645489568986,0.016228393646870697,0.0,good,synthetic_demo_v1
2024-01-16T01:00:00+05:30,Load_22,load,0.018751123148686107,0.005625336944605832,0.0,good,synthetic_demo_v1
2024-01-16T01:00:00+05:30,Load_23,load,0.030172978438319523,0.009051893531495856,0.0,good,synthetic_demo_v1
2024-01-16T01:00:00+05:30,Load_24,load,0.0357261633926125,0.01071784901778375,0.0,good,synthetic_demo_v1
2024-01-16T01:00:00+05:30,Load_25,load,0.04243843404733478,0.012731530214200433,0.0,good,synthetic_demo_v1
2024-01-16T01:00:00+05:30,Load_26,load,0.06706327154987146,0.02011898146496144,0.0,good,synthetic_demo_v1
2024-01-16T01:00:00+05:30,Load_27,load,0.02325399119357758,0.006976197358073273,0.0,good,synthetic_demo_v1
2024-01-16T01:00:00+05:30,Load_28,load,0.04679049791838549,0.014037149375515647,0.0,good,synthetic_demo_v1
2024-01-16T01:00:00+05:30,Load_29,load,0.05264020330732868,0.015792060992198605,0.0,good,synthetic_demo_v1
2024-01-16T01:00:00+05:30,Load_30,load,0.011789293388975629,0.0035367880166926884,0.0,good,synthetic_demo_v1
2024-01-16T01:00:00+05:30,Load_31,load,0.05377230295623079,0.016131690886869235,0.0,good,synthetic_demo_v1
2024-01-16T01:00:00+05:30,Load_32,load,0.021072913811562496,0.006321874143468749,0.0,good,synthetic_demo_v1
2024-01-16T01:00:00+05:30,PV_5,pv,0.0,0.0,0.0,good,synthetic_demo_v1
2024-01-16T01:00:00+05:30,PV_10,pv,0.0,0.0,0.0,good,synthetic_demo_v1
2024-01-16T01:00:00+05:30,PV_17,pv,0.0,0.0,0.0,good,synthetic_demo_v1
2024-01-16T01:00:00+05:30,PV_24,pv,0.0,0.0,0.0,good,synthetic_demo_v1
2024-01-16T01:00:00+05:30,PV_30,pv,0.0,0.0,0.0,good,synthetic_demo_v1
2024-01-16T01:00:00+05:30,Battery_18,battery,0.0,0.0,0.0,good,synthetic_demo_v1
2024-01-16T02:00:00+05:30,Load_1,load,0.017614828612240636,0.00528444858367219,0.0,good,synthetic_demo_v1
2024-01-16T02:00:00+05:30,Load_2,load,0.03851297308019389,0.011553891924058167,0.0,good,synthetic_demo_v1
2024-01-16T02:00:00+05:30,Load_3,load,0.030579869036085963,0.009173960710825789,0.0,good,synthetic_demo_v1
2024-01-16T02:00:00+05:30,Load_4,load,0.025743721016832304,0.007723116305049691,0.0,good,synthetic_demo_v1
2024-01-16T02:00:00+05:30,Load_5,load,0.009688938276236857,0.0029066814828710573,0.0,good,synthetic_demo_v1
2024-01-16T02:00:00+05:30,Load_6,load,0.009688063427145142,0.0029064190281435425,0.0,good,synthetic_demo_v1
2024-01-16T02:00:00+05:30,Load_7,load,0.0061367826720327145,0.0018410348016098142,0.0,good,synthetic_demo_v1
2024-01-16T02:00:00+05:30,Load_8,load,0.03544672899612849,0.010634018698838546,0.0,good,synthetic_demo_v1
2024-01-16T02:00:00+05:30,Load_9,load,0.025832820578488458,0.007749846173546537,0.0,good,synthetic_demo_v1
2024-01-16T02:00:00+05:30,Load_10,load,0.02971222843042414,0.008913668529127242,0.0,good,synthetic_demo_v1
2024-01-16T02:00:00+05:30,Load_11,load,0.004776669706831405,0.0014330009120494215,0.0,good,synthetic_demo_v1
2024-01-16T02:00:00+05:30,Load_12,load,0.03920920574199564,0.011762761722598693,0.0,good,synthetic_demo_v1
2024-01-16T02:00:00+05:30,Load_13,load,0.034223196815087724,0.010266959044526318,0.0,good,synthetic_demo_v1
2024-01-16T02:00:00+05:30,Load_14,load,0.011731711709859056,0.0035195135129577164,0.0,good,synthetic_demo_v1
2024-01-16T02:00:00+05:30,Load_15,load,0.010624947484140862,0.0031874842452422583,0.0,good,synthetic_demo_v1
2024-01-16T02:00:00+05:30,Load_16,load,0.010682238336679757,0.0032046715010039272,0.0,good,synthetic_demo_v1
2024-01-16T02:00:00+05:30,Load_17,load,0.015065087235750188,0.004519526170725056,0.0,good,synthetic_demo_v1
2024-01-16T02:00:00+05:30,Load_18,load,0.023063254233842714,0.0069189762701528145,0.0,good,synthetic_demo_v1
2024-01-16T02:00:00+05:30,Load_19,load,0.019696934883183033,0.005909080464954909,0.0,good,synthetic_demo_v1
2024-01-16T02:00:00+05:30,Load_20,load,0.014593095071997563,0.004377928521599269,0.0,good,synthetic_demo_v1
2024-01-16T02:00:00+05:30,Load_21,load,0.026222289309685867,0.00786668679290576,0.0,good,synthetic_demo_v1
2024-01-16T02:00:00+05:30,Load_22,load,0.009089575717456331,0.002726872715236899,0.0,good,synthetic_demo_v1
2024-01-16T02:00:00+05:30,Load_23,load,0.014626301046692233,0.00438789031400767,0.0,good,synthetic_demo_v1
2024-01-16T02:00:00+05:30,Load_24,load,0.017318198204789786,0.005195459461436936,0.0,good,synthetic_demo_v1
2024-01-16T02:00:00+05:30,Load_25,load,0.020571960225782823,0.006171588067734847,0.0,good,synthetic_demo_v1
2024-01-16T02:00:00+05:30,Load_26,load,0.032508809193949786,0.009752642758184936,0.0,good,synthetic_demo_v1
2024-01-16T02:00:00+05:30,Load_27,load,0.011272333502961222,0.0033817000508883665,0.0,good,synthetic_demo_v1
2024-01-16T02:00:00+05:30,Load_28,load,0.022681615939173703,0.0068044847817521105,0.0,good,synthetic_demo_v1
2024-01-16T02:00:00+05:30,Load_29,load,0.025517250884130968,0.00765517526523929,0.0,good,synthetic_demo_v1
2024-01-16T02:00:00+05:30,Load_30,load,0.005714840335945957,0.0017144521007837871,0.0,good,synthetic_demo_v1
2024-01-16T02:00:00+05:30,Load_31,load,0.026066034303492303,0.007819810291047691,0.0,good,synthetic_demo_v1
2024-01-16T02:00:00+05:30,Load_32,load,0.010215059874482776,0.003064517962344833,0.0,good,synthetic_demo_v1
2024-01-16T02:00:00+05:30,PV_5,pv,0.0,0.0,0.0,good,synthetic_demo_v1
2024-01-16T02:00:00+05:30,PV_10,pv,0.0,0.0,0.0,good,synthetic_demo_v1
2024-01-16T02:00:00+05:30,PV_17,pv,0.0,0.0,0.0,good,synthetic_demo_v1
2024-01-16T02:00:00+05:30,PV_24,pv,0.0,0.0,0.0,good,synthetic_demo_v1
2024-01-16T02:00:00+05:30,PV_30,pv,0.0,0.0,0.0,good,synthetic_demo_v1
2024-01-16T02:00:00+05:30,Battery_18,battery,0.0,0.0,0.0,good,synthetic_demo_v1
2024-01-16T03:00:00+05:30,Load_1,load,0.017665157517488903,0.005299547255246671,0.0,good,synthetic_demo_v1
2024-01-16T03:00:00+05:30,Load_2,load,0.03862301194663141,0.011586903583989424,0.0,good,synthetic_demo_v1
2024-01-16T03:00:00+05:30,Load_3,load,0.030667241520093678,0.009200172456028104,0.0,good,synthetic_demo_v1
2024-01-16T03:00:00+05:30,Load_4,load,0.025817275708979216,0.007745182712693765,0.0,good,synthetic_demo_v1
2024-01-16T03:00:00+05:30,Load_5,load,0.009716621409987143,0.002914986422996143,0.0,good,synthetic_demo_v1
2024-01-16T03:00:00+05:30,Load_6,load,0.009715744061285697,0.002914723218385709,0.0,good,synthetic_demo_v1
2024-01-16T03:00:00+05:30,Load_7,load,0.006154316623706552,0.0018462949871119654,0.0,good,synthetic_demo_v1
2024-01-16T03:00:00+05:30,Load_8,load,0.03554800702183505,0.010664402106550513,0.0,good,synthetic_demo_v1
2024-01-16T03:00:00+05:30,Load_9,load,0.025906629844976964,0.007771988953493089,0.0,good,synthetic_demo_v1
2024-01-16T03:00:00+05:30,Load_10,load,0.029797121900710336,0.008939136570213101,0.0,good,synthetic_demo_v1
2024-01-16T03:00:00+05:30,Load_11,load,0.004790317557876082,0.0014370952673628246,0.0,good,synthetic_demo_v1
2024-01-16T03:00:00+05:30,Load_12,load,0.03932123387715884,0.011796370163147652,0.0,good,synthetic_demo_v1
2024-01-16T03:00:00+05:30,Load_13,load,0.03432097897736221,0.010296293693208662,0.0,good,synthetic_demo_v1
2024-01-16T03:00:00+05:30,Load_14,load,0.011765231434634304,0.003529569430390291,0.0,good,synthetic_demo_v1
2024-01-16T03:00:00+05:30,Load_15,load,0.010655304973672468,0.0031965914921017404,0.0,good,synthetic_demo_v1
2024-01-16T03:00:00+05:30,Load_16,load,0.010712759517039842,0.0032138278551119524,0.0,good,synthetic_demo_v1
2024-01-16T03:00:00+05:30,Load_17,load,0.01510813104643581,0.004532439313930743,0.0,good,synthetic_demo_v1
2024-01-16T03:00:00+05:30,Load_18,load,0.023129150324154097,0.006938745097246229,0.0,good,synthetic_demo_v1
2024-01-16T03:00:00+05:30,Load_19,load,0.019753212760830283,0.005925963828249085,0.0,good,synthetic_demo_v1
2024-01-16T03:00:00+05:30,Load_20,load,0.014634790311578102,0.00439043709347343,0.0,good,synthetic_demo_v1
2024-01-16T03:00:00+05:30,Load_21,load,0.026297211362185584,0.007889163408655675,0.0,good,synthetic_demo_v1
2024-01-16T03:00:00+05:30,Load_22,load,0.009115546358732563,0.002734663907619769,0.0,good,synthetic_demo_v1
2024-01-16T03:00:00+05:30,Load_23,load,0.014668091162038576,0.004400427348611573,0.0,good,synthetic_demo_v1
2024-01-16T03:00:00+05:30,Load_24,load,0.017367679580720625,0.005210303874216188,0.0,good,synthetic_demo_v1
2024-01-16T03:00:00+05:30,Load_25,load,0.020630738216745225,0.006189221465023567,0.0,good,synthetic_demo_v1
2024-01-16T03:00:00+05:30,Load_26,load,0.03260169302572998,0.009780507907718995,0.0,good,synthetic_demo_v1
2024-01-16T03:00:00+05:30,Load_27,load,0.011304540697097824,0.0033913622091293473,0.0,good,synthetic_demo_v1
2024-01-16T03:00:00+05:30,Load_28,load,0.022746421616515747,0.006823926484954724,0.0,good,synthetic_demo_v1
2024-01-16T03:00:00+05:30,Load_29,load,0.02559015850816832,0.007677047552450496,0.0,good,synthetic_demo_v1
2024-01-16T03:00:00+05:30,Load_30,load,0.0057311687183621745,0.0017193506155086522,0.0,good,synthetic_demo_v1
2024-01-16T03:00:00+05:30,Load_31,load,0.02614050990581221,0.007842152971743663,0.0,good,synthetic_demo_v1
2024-01-16T03:00:00+05:30,Load_32,load,0.010244246237395838,0.0030732738712187513,0.0,good,synthetic_demo_v1
2024-01-16T03:00:00+05:30,PV_5,pv,0.0,0.0,0.0,good,synthetic_demo_v1
2024-01-16T03:00:00+05:30,PV_10,pv,0.0,0.0,0.0,good,synthetic_demo_v1
2024-01-16T03:00:00+05:30,PV_17,pv,0.0,0.0,0.0,good,synthetic_demo_v1
2024-01-16T03:00:00+05:30,PV_24,pv,0.0,0.0,0.0,good,synthetic_demo_v1
2024-01-16T03:00:00+05:30,PV_30,pv,0.0,0.0,0.0,good,synthetic_demo_v1
2024-01-16T03:00:00+05:30,Battery_18,battery,0.0,0.0,0.0,good,synthetic_demo_v1
2024-01-16T04:00:00+05:30,Load_1,load,0.018462049219560683,0.005538614765868205,0.0,good,synthetic_demo_v1
2024-01-16T04:00:00+05:30,Load_2,load,0.04036533197399707,0.01210959959219912,0.0,good,synthetic_demo_v1
2024-01-16T04:00:00+05:30,Load_3,load,0.03205066933660758,0.009615200800982273,0.0,good,synthetic_demo_v1
2024-01-16T04:00:00+05:30,Load_4,load,0.026981917052381708,0.008094575115714512,0.0,good,synthetic_demo_v1
2024-01-16T04:00:00+05:30,Load_5,load,0.01015494724807412,0.0030464841744222357,0.0,good,synthetic_demo_v1
2024-01-16T04:00:00+05:30,Load_6,load,0.01015403032135593,0.0030462090964067786,0.0,good,synthetic_demo_v1
2024-01-16T04:00:00+05:30,Load_7,load,0.006431943576339087,0.0019295830729017262,0.0,good,synthetic_demo_v1
2024-01-16T04:00:00+05:30,Load_8,load,0.0371516107141794,0.011145483214253819,0.0,good,synthetic_demo_v1
2024-01-16T04:00:00+05:30,Load_9,load,0.02707530203664401,0.008122590610993203,0.0,good,synthetic_demo_v1
2024-01-16T04:00:00+05:30,Load_10,load,0.03114129781110283,0.009342389343330848,0.0,good,synthetic_demo_v1
2024-01-16T04:00:00+05:30,Load_11,load,0.005006413242750725,0.0015019239728252176,0.0,good,synthetic_demo_v1
2024-01-16T04:00:00+05:30,Load_12,load,0.041095051345862964,0.012328515403758889,0.0,good,synthetic_demo_v1
2024-01-16T04:00:00+05:30,Load_13,load,0.035869230292243655,0.010760769087673096,0.0,good,synthetic_demo_v1
2024-01-16T04:00:00+05:30,Load_14,load,0.0122959719782118,0.00368879159346354,0.0,good,synthetic_demo_v1
2024-01-16T04:00:00+05:30,Load_15,load,0.011135975701242114,0.003340792710372634,0.0,good,synthetic_demo_v1
2024-01-16T04:00:00+05:30,Load_16,load,0.011196022072551607,0.003358806621765482,0.0,good,synthetic_demo_v1
2024-01-16T04:00:00+05:30,Load_17,load,0.01578967290377834,0.004736901871133502,0.0,good,synthetic_demo_v1
2024-01-16T04:00:00+05:30,Load_18,load,0.02417252782877254,0.007251758348631761,0.0,good,synthetic_demo_v1
2024-01-16T04:00:00+05:30,Load_19,load,0.02064429857893182,0.006193289573679546,0.0,good,synthetic_demo_v1
2024-01-16T04:00:00+05:30,Load_20,load,0.01529497932768572,0.004588493798305716,0.0,good,synthetic_demo_v1
2024-01-16T04:00:00+05:30,Load_21,load,0.02748350304972964,0.008245050914918891,0.0,good,synthetic_demo_v1
2024-01-16T04:00:00+05:30,Load_22,load,0.009526757141649897,0.002858027142494969,0.0,good,synthetic_demo_v1
2024-01-16T04:00:00+05:30,Load_23,load,0.015329782410513929,0.004598934723154179,0.0,good,synthetic_demo_v1
2024-01-16T04:00:00+05:30,Load_24,load,0.018151151776109525,0.005445345532832858,0.0,good,synthetic_demo_v1
2024-01-16T04:00:00+05:30,Load_25,load,0.021561410025149032,0.00646842300754471,0.0,good,synthetic_demo_v1
2024-01-16T04:00:00+05:30,Load_26,load,0.034072385750658976,0.010221715725197693,0.0,good,synthetic_demo_v1
2024-01-16T04:00:00+05:30,Load_27,load,0.011814499052596857,0.0035443497157790567,0.0,good,synthetic_demo_v1
2024-01-16T04:00:00+05:30,Load_28,load,0.023772533872807942,0.007131760161842382,0.0,good,synthetic_demo_v1
2024-01-16T04:00:00+05:30,Load_29,load,0.0267445543831936,0.00802336631495808,0.0,good,synthetic_demo_v1
2024-01-16T04:00:00+05:30,Load_30,load,0.005989707075029226,0.0017969121225087678,0.0,good,synthetic_demo_v1
2024-01-16T04:00:00+05:30,Load_31,load,0.027319732644768467,0.00819591979343054,0.0,good,synthetic_demo_v1
2024-01-16T04:00:00+05:30,Load_32,load,0.010706373722671796,0.0032119121168015384,0.0,good,synthetic_demo_v1
2024-01-16T04:00:00+05:30,PV_5,pv,0.0,0.0,0.0,good,synthetic_demo_v1
2024-01-16T04:00:00+05:30,PV_10,pv,0.0,0.0,0.0,good,synthetic_demo_v1
2024-01-16T04:00:00+05:30,PV_17,pv,0.0,0.0,0.0,good,synthetic_demo_v1
2024-01-16T04:00:00+05:30,PV_24,pv,0.0,0.0,0.0,good,synthetic_demo_v1
2024-01-16T04:00:00+05:30,PV_30,pv,0.0,0.0,0.0,good,synthetic_demo_v1
2024-01-16T04:00:00+05:30,Battery_18,battery,0.0,0.0,0.0,good,synthetic_demo_v1
2024-01-16T05:00:00+05:30,Load_1,load,0.017731971222607532,0.005319591366782259,0.0,good,synthetic_demo_v1
2024-01-16T05:00:00+05:30,Load_2,load,0.03876909309696595,0.011630727929089783,0.0,good,synthetic_demo_v1
2024-01-16T05:00:00+05:30,Load_3,load,0.03078323210946129,0.009234969632838387,0.0,good,synthetic_demo_v1
2024-01-16T05:00:00+05:30,Load_4,load,0.025914922607654097,0.0077744767822962284,0.0,good,synthetic_demo_v1
2024-01-16T05:00:00+05:30,Load_5,load,0.00975337191600406,0.0029260115748012175,0.0,good,synthetic_demo_v1
2024-01-16T05:00:00+05:30,Load_6,load,0.009752491248967219,0.0029257473746901654,0.0,good,synthetic_demo_v1
2024-01-16T05:00:00+05:30,Load_7,load,0.006177593670384222,0.0018532781011152666,0.0,good,synthetic_demo_v1
2024-01-16T05:00:00+05:30,Load_8,load,0.03568245779343787,0.01070473733803136,0.0,good,synthetic_demo_v1
2024-01-16T05:00:00+05:30,Load_9,load,0.0260046147016286,0.00780138441048858,0.0,good,synthetic_demo_v1
2024-01-16T05:00:00+05:30,Load_10,load,0.029909821496742067,0.00897294644902262,0.0,good,synthetic_demo_v1
2024-01-16T05:00:00+05:30,Load_11,load,0.004808435645100589,0.0014425306935301767,0.0,good,synthetic_demo_v1
2024-01-16T05:00:00+05:30,Load_12,load,0.03946995586407394,0.011840986759222181,0.0,good,synthetic_demo_v1
2024-01-16T05:00:00+05:30,Load_13,load,0.03445078884554515,0.010335236653663545,0.0,good,synthetic_demo_v1
2024-01-16T05:00:00+05:30,Load_14,load,0.011809730256846777,0.003542919077054033,0.0,good,synthetic_demo_v1
2024-01-16T05:00:00+05:30,Load_15,load,0.010695605797695984,0.0032086817393087953,0.0,good,synthetic_demo_v1
2024-01-16T05:00:00+05:30,Load_16,load,0.010753277647414261,0.003225983294224278,0.0,good,synthetic_demo_v1
2024-01-16T05:00:00+05:30,Load_17,load,0.01516527348695075,0.004549582046085225,0.0,good,synthetic_demo_v1
2024-01-16T05:00:00+05:30,Load_18,load,0.023216630111858937,0.006964989033557681,0.0,good,synthetic_demo_v1
2024-01-16T05:00:00+05:30,Load_19,load,0.019827923973070597,0.005948377191921179,0.0,good,synthetic_demo_v1
2024-01-16T05:00:00+05:30,Load_20,load,0.014690142468125967,0.00440704274043779,0.0,good,synthetic_demo_v1
2024-01-16T05:00:00+05:30,Load_21,load,0.02639667348833169,0.007919002046499507,0.0,good,synthetic_demo_v1
2024-01-16T05:00:00+05:30,Load_22,load,0.009150023460100302,0.0027450070380300906,0.0,good,synthetic_demo_v1
2024-01-16T05:00:00+05:30,Load_23,load,0.014723569270092995,0.004417070781027898,0.0,good,synthetic_demo_v1
2024-01-16T05:00:00+05:30,Load_24,load,0.017433368155586274,0.005230010446675882,0.0,good,synthetic_demo_v1
2024-01-16T05:00:00+05:30,Load_25,load,0.0207087684329054,0.00621263052987162,0.0,good,synthetic_demo_v1
2024-01-16T05:00:00+05:30,Load_26,load,0.0327250001574118,0.009817500047223541,0.0,good,synthetic_demo_v1
2024-01-16T05:00:00+05:30,Load_27,load,0.011347297080554335,0.0034041891241663002,0.0,good,synthetic_demo_v1
2024-01-16T05:00:00+05:30,Load_28,load,0.022832453835865348,0.006849736150759604,0.0,good,synthetic_demo_v1
2024-01-16T05:00:00+05:30,Load_29,load,0.025686946397141915,0.007706083919142574,0.0,good,synthetic_demo_v1
2024-01-16T05:00:00+05:30,Load_30,load,0.005752845321944942,0.0017258535965834828,0.0,good,synthetic_demo_v1
2024-01-16T05:00:00+05:30,Load_31,load,0.026239379350863488,0.007871813805259045,0.0,good,synthetic_demo_v1
2024-01-16T05:00:00+05:30,Load_32,load,0.010282992342353598,0.003084897702706079,0.0,good,synthetic_demo_v1
2024-01-16T05:00:00+05:30,PV_5,pv,0.0,0.0,0.0,good,synthetic_demo_v1
2024-01-16T05:00:00+05:30,PV_10,pv,0.0,0.0,0.0,good,synthetic_demo_v1
2024-01-16T05:00:00+05:30,PV_17,pv,0.0,0.0,0.0,good,synthetic_demo_v1
2024-01-16T05:00:00+05:30,PV_24,pv,0.0,0.0,0.0,good,synthetic_demo_v1
2024-01-16T05:00:00+05:30,PV_30,pv,0.0,0.0,0.0,good,synthetic_demo_v1
2024-01-16T05:00:00+05:30,Battery_18,battery,0.0,0.0,0.0,good,synthetic_demo_v1
2024-01-16T06:00:00+05:30,Load_1,load,0.03470947478984549,0.010412842436953647,0.0,good,synthetic_demo_v1
2024-01-16T06:00:00+05:30,Load_2,load,0.07588862188985837,0.02276658656695751,0.0,good,synthetic_demo_v1
2024-01-16T06:00:00+05:30,Load_3,load,0.06025668581567819,0.018077005744703455,0.0,good,synthetic_demo_v1
2024-01-16T06:00:00+05:30,Load_4,load,0.050727205770802856,0.015218161731240857,0.0,good,synthetic_demo_v1
2024-01-16T06:00:00+05:30,Load_5,load,0.019091753104297424,0.005727525931289227,0.0,good,synthetic_demo_v1
2024-01-16T06:00:00+05:30,Load_6,load,0.019090029241229427,0.005727008772368828,0.0,good,synthetic_demo_v1
2024-01-16T06:00:00+05:30,Load_7,load,0.012092340387442784,0.003627702116232835,0.0,good,synthetic_demo_v1
2024-01-16T06:00:00+05:30,Load_8,load,0.06984668278967184,0.02095400483690155,0.0,good,synthetic_demo_v1
2024-01-16T06:00:00+05:30,Load_9,load,0.0509027737003677,0.01527083211011031,0.0,good,synthetic_demo_v1
2024-01-16T06:00:00+05:30,Load_10,load,0.05854702684641987,0.01756410805392596,0.0,good,synthetic_demo_v1
2024-01-16T06:00:00+05:30,Load_11,load,0.00941227987046499,0.002823683961139497,0.0,good,synthetic_demo_v1
2024-01-16T06:00:00+05:30,Load_12,load,0.07726052680898325,0.023178158042694973,0.0,good,synthetic_demo_v1
2024-01-16T06:00:00+05:30,Load_13,load,0.06743575048216771,0.020230725144650314,0.0,good,synthetic_demo_v1
2024-01-16T06:00:00+05:30,Load_14,load,0.02311697495325737,0.006935092485977211,0.0,good,synthetic_demo_v1
2024-01-16T06:00:00+05:30,Load_15,load,0.02093613028899685,0.006280839086699055,0.0,good,synthetic_demo_v1
2024-01-16T06:00:00+05:30,Load_16,load,0.021049020141385523,0.006314706042415657,0.0,good,synthetic_demo_v1
2024-01-16T06:00:00+05:30,Load_17,load,0.029685288294700043,0.008905586488410012,0.0,good,synthetic_demo_v1
2024-01-16T06:00:00+05:30,Load_18,load,0.045445428906704215,0.013633628672011264,0.0,good,synthetic_demo_v1
2024-01-16T06:00:00+05:30,Load_19,load,0.03881220077781419,0.011643660233344257,0.0,good,synthetic_demo_v1
2024-01-16T06:00:00+05:30,Load_20,load,0.028755242339135532,0.00862657270174066,0.0,good,synthetic_demo_v1
2024-01-16T06:00:00+05:30,Load_21,load,0.05167020978529989,0.015501062935589966,0.0,good,synthetic_demo_v1
2024-01-16T06:00:00+05:30,Load_22,load,0.01791072772608208,0.005373218317824624,0.0,good,synthetic_demo_v1
2024-01-16T06:00:00+05:30,Load_23,load,0.028820673684901564,0.00864620210547047,0.0,good,synthetic_demo_v1
2024-01-16T06:00:00+05:30,Load_24,load,0.034124973749502574,0.010237492124850771,0.0,good,synthetic_demo_v1
2024-01-16T06:00:00+05:30,Load_25,load,0.04053641114273015,0.012160923342819045,0.0,good,synthetic_demo_v1
2024-01-16T06:00:00+05:30,Load_26,load,0.06405760271667882,0.019217280815003644,0.0,good,synthetic_demo_v1
2024-01-16T06:00:00+05:30,Load_27,load,0.02221178440940816,0.0066635353228224475,0.0,good,synthetic_demo_v1
2024-01-16T06:00:00+05:30,Load_28,load,0.044693422454682954,0.013408026736404887,0.0,good,synthetic_demo_v1
2024-01-16T06:00:00+05:30,Load_29,load,0.05028095338114364,0.015084286014343092,0.0,good,synthetic_demo_v1
2024-01-16T06:00:00+05:30,Load_30,load,0.01126091606878693,0.003378274820636079,0.0,good,synthetic_demo_v1
2024-01-16T06:00:00+05:30,Load_31,load,0.05136231413001695,0.015408694239005084,0.0,good,synthetic_demo_v1
2024-01-16T06:00:00+05:30,Load_32,load,0.020128459435803825,0.006038537830741147,0.0,good,synthetic_demo_v1
2024-01-16T06:00:00+05:30,PV_5,pv,0.0,0.0,0.037276427871616016,good,synthetic_demo_v1
2024-01-16T06:00:00+05:30,PV_10,pv,0.0,0.0,0.0591554044876891,good,synthetic_demo_v1
2024-01-16T06:00:00+05:30,PV_17,pv,0.0,0.0,0.056916065189257334,good,synthetic_demo_v1
2024-01-16T06:00:00+05:30,PV_24,pv,0.0,0.0,0.054755551327266276,good,synthetic_demo_v1
2024-01-16T06:00:00+05:30,PV_30,pv,0.0,0.0,0.03701488980140784,good,synthetic_demo_v1
2024-01-16T06:00:00+05:30,Battery_18,battery,0.0,0.0,0.0,good,synthetic_demo_v1
2024-01-16T07:00:00+05:30,Load_1,load,0.05126432145479371,0.015379296436438112,0.0,good,synthetic_demo_v1
2024-01-16T07:00:00+05:30,Load_2,load,0.11208405574783148,0.03362521672434944,0.0,good,synthetic_demo_v1
2024-01-16T07:00:00+05:30,Load_3,load,0.08899639450491338,0.026698918351474015,0.0,good,synthetic_demo_v1
2024-01-16T07:00:00+05:30,Load_4,load,0.07492178429328174,0.02247653528798452,0.0,good,synthetic_demo_v1
2024-01-16T07:00:00+05:30,Load_5,load,0.028197654219780707,0.008459296265934212,0.0,good,synthetic_demo_v1
2024-01-16T07:00:00+05:30,Load_6,load,0.028195108152143645,0.008458532445643093,0.0,good,synthetic_demo_v1
2024-01-16T07:00:00+05:30,Load_7,load,0.01785983880528234,0.005357951641584702,0.0,good,synthetic_demo_v1
2024-01-16T07:00:00+05:30,Load_8,load,0.1031603854786154,0.03094811564358462,0.0,good,synthetic_demo_v1
2024-01-16T07:00:00+05:30,Load_9,load,0.07518109016964139,0.022554327050892418,0.0,good,synthetic_demo_v1
2024-01-16T07:00:00+05:30,Load_10,load,0.08647130567805016,0.025941391703415046,0.0,good,synthetic_demo_v1
2024-01-16T07:00:00+05:30,Load_11,load,0.013901510864784517,0.004170453259435355,0.0,good,synthetic_demo_v1
2024-01-16T07:00:00+05:30,Load_12,load,0.11411029714748547,0.03423308914424564,0.0,good,synthetic_demo_v1
2024-01-16T07:00:00+05:30,Load_13,load,0.09959954770835339,0.029879864312506013,0.0,good,synthetic_demo_v1
2024-01-16T07:00:00+05:30,Load_14,load,0.03414272449356978,0.010242817348070934,0.0,good,synthetic_demo_v1
2024-01-16T07:00:00+05:30,Load_15,load,0.03092171574628875,0.009276514723886624,0.0,good,synthetic_demo_v1
2024-01-16T07:00:00+05:30,Load_16,load,0.031088448942825912,0.009326534682847774,0.0,good,synthetic_demo_v1
2024-01-16T07:00:00+05:30,Load_17,load,0.04384382566523134,0.013153147699569401,0.0,good,synthetic_demo_v1
2024-01-16T07:00:00+05:30,Load_18,load,0.06712083920111168,0.020136251760333505,0.0,good,synthetic_demo_v1
2024-01-16T07:00:00+05:30,Load_19,load,0.0573238618299104,0.01719715854897312,0.0,good,synthetic_demo_v1
2024-01-16T07:00:00+05:30,Load_20,load,0.04247018993255415,0.012741056979766244,0.0,good,synthetic_demo_v1
2024-01-16T07:00:00+05:30,Load_21,load,0.0763145584918265,0.02289436754754795,0.0,good,synthetic_demo_v1
2024-01-16T07:00:00+05:30,Load_22,load,0.026453333252618928,0.007935999975785679,0.0,good,synthetic_demo_v1
2024-01-16T07:00:00+05:30,Load_23,load,0.042566829065323476,0.012770048719597043,0.0,good,synthetic_demo_v1
2024-01-16T07:00:00+05:30,Load_24,load,0.05040103990402916,0.015120311971208746,0.0,good,synthetic_demo_v1
2024-01-16T07:00:00+05:30,Load_25,load,0.05987044240878444,0.01796113272263533,0.0,good,synthetic_demo_v1
2024-01-16T07:00:00+05:30,Load_26,load,0.09461017653462189,0.028383052960386568,0.0,good,synthetic_demo_v1
2024-01-16T07:00:00+05:30,Load_27,load,0.03280579907770894,0.009841739723312681,0.0,good,synthetic_demo_v1
2024-01-16T07:00:00+05:30,Load_28,load,0.06601015974756445,0.019803047924269335,0.0,good,synthetic_demo_v1
2024-01-16T07:00:00+05:30,Load_29,load,0.07426268973503872,0.022278806920511613,0.0,good,synthetic_demo_v1
2024-01-16T07:00:00+05:30,Load_30,load,0.016631862761421944,0.004989558828426583,0.0,good,synthetic_demo_v1
2024-01-16T07:00:00+05:30,Load_31,load,0.07585981056082129,0.02275794316824639,0.0,good,synthetic_demo_v1
2024-01-16T07:00:00+05:30,Load_32,load,0.02972882249456291,0.008918646748368873,0.0,good,synthetic_demo_v1
2024-01-16T07:00:00+05:30,PV_5,pv,0.0,0.0,0.08282903497250133,good,synthetic_demo_v1
2024-01-16T07:00:00+05:30,PV_10,pv,0.0,0.0,0.139843428485803,good,synthetic_demo_v1
2024-01-16T07:00:00+05:30,PV_17,pv,0.0,0.0,0.09508635474582075,good,synthetic_demo_v1
2024-01-16T07:00:00+05:30,PV_24,pv,0.0,0.0,0.11383915957252841,good,synthetic_demo_v1
2024-01-16T07:00:00+05:30,PV_30,pv,0.0,0.0,0.06316470974019171,good,synthetic_demo_v1
2024-01-16T07:00:00+05:30,Battery_18,battery,0.0,0.0,0.0,good,synthetic_demo_v1
2024-01-16T08:00:00+05:30,Load_1,load,0.05343482665455281,0.016030447996365844,0.0,good,synthetic_demo_v1
2024-01-16T08:00:00+05:30,Load_2,load,0.11682963744884527,0.03504889123465358,0.0,good,synthetic_demo_v1
2024-01-16T08:00:00+05:30,Load_3,load,0.0927644564152435,0.02782933692457305,0.0,good,synthetic_demo_v1
2024-01-16T08:00:00+05:30,Load_4,load,0.07809393439239498,0.023428180317718494,0.0,good,synthetic_demo_v1
2024-01-16T08:00:00+05:30,Load_5,load,0.029391528504433315,0.008817458551329994,0.0,good,synthetic_demo_v1
2024-01-16T08:00:00+05:30,Load_6,load,0.029388874637592276,0.008816662391277683,0.0,good,synthetic_demo_v1
2024-01-16T08:00:00+05:30,Load_7,load,0.018616015262780342,0.005584804578834103,0.0,good,synthetic_demo_v1
2024-01-16T08:00:00+05:30,Load_8,load,0.1075281435359992,0.03225844306079976,0.0,good,synthetic_demo_v1
2024-01-16T08:00:00+05:30,Load_9,load,0.07836421914718306,0.023509265744154916,0.0,good,synthetic_demo_v1
2024-01-16T08:00:00+05:30,Load_10,load,0.09013245661651861,0.027039736984955584,0.0,good,synthetic_demo_v1
2024-01-16T08:00:00+05:30,Load_11,load,0.014490093738023756,0.004347028121407127,0.0,good,synthetic_demo_v1
2024-01-16T08:00:00+05:30,Load_12,load,0.11894166887495643,0.035682500662486925,0.0,good,synthetic_demo_v1
2024-01-16T08:00:00+05:30,Load_13,load,0.10381654171236591,0.031144962513709774,0.0,good,synthetic_demo_v1
2024-01-16T08:00:00+05:30,Load_14,load,0.03558831001863296,0.010676493005589888,0.0,good,synthetic_demo_v1
2024-01-16T08:00:00+05:30,Load_15,load,0.03223092540532963,0.009669277621598889,0.0,good,synthetic_demo_v1
2024-01-16T08:00:00+05:30,Load_16,load,0.032404718000290225,0.009721415400087067,0.0,good,synthetic_demo_v1
2024-01-16T08:00:00+05:30,Load_17,load,0.04570015086145253,0.013710045258435758,0.0,good,synthetic_demo_v1
2024-01-16T08:00:00+05:30,Load_18,load,0.06996270126743548,0.020988810380230642,0.0,good,synthetic_demo_v1
2024-01-16T08:00:00+05:30,Load_19,load,0.05975092487573285,0.017925277462719855,0.0,good,synthetic_demo_v1
2024-01-16T08:00:00+05:30,Load_20,load,0.04426835609310021,0.013280506827930062,0.0,good,synthetic_demo_v1
2024-01-16T08:00:00+05:30,Load_21,load,0.07954567793948945,0.023863703381846835,0.0,good,synthetic_demo_v1
2024-01-16T08:00:00+05:30,Load_22,load,0.02757335387800459,0.008272006163401378,0.0,good,synthetic_demo_v1
2024-01-16T08:00:00+05:30,Load_23,load,0.044369086877416336,0.013310726063224901,0.0,good,synthetic_demo_v1
2024-01-16T08:00:00+05:30,Load_24,load,0.052534994203637504,0.01576049826109125,0.0,good,synthetic_demo_v1
2024-01-16T08:00:00+05:30,Load_25,load,0.062405326376277055,0.018721597912883116,0.0,good,synthetic_demo_v1
2024-01-16T08:00:00+05:30,Load_26,load,0.09861592311023215,0.029584776933069643,0.0,good,synthetic_demo_v1
2024-01-16T08:00:00+05:30,Load_27,load,0.03419477986317023,0.010258433958951069,0.0,good,synthetic_demo_v1
2024-01-16T08:00:00+05:30,Load_28,load,0.06880499621283127,0.020641498863849382,0.0,good,synthetic_demo_v1
2024-01-16T08:00:00+05:30,Load_29,load,0.07740693410702632,0.023222080232107895,0.0,good,synthetic_demo_v1
2024-01-16T08:00:00+05:30,Load_30,load,0.017336047340109476,0.0052008142020328425,0.0,good,synthetic_demo_v1
2024-01-16T08:00:00+05:30,Load_31,load,0.0790716762132361,0.02372150286397083,0.0,good,synthetic_demo_v1
2024-01-16T08:00:00+05:30,Load_32,load,0.030987525662302395,0.009296257698690719,0.0,good,synthetic_demo_v1
2024-01-16T08:00:00+05:30,PV_5,pv,0.0,0.0,0.1273013796102909,good,synthetic_demo_v1
2024-01-16T08:00:00+05:30,PV_10,pv,0.0,0.0,0.18369999896023767,good,synthetic_demo_v1
2024-01-16T08:00:00+05:30,PV_17,pv,0.0,0.0,0.17407378751649663,good,synthetic_demo_v1
2024-01-16T08:00:00+05:30,PV_24,pv,0.0,0.0,0.1711545870092439,good,synthetic_demo_v1
2024-01-16T08:00:00+05:30,PV_30,pv,0.0,0.0,0.12754135484335966,good,synthetic_demo_v1
2024-01-16T08:00:00+05:30,Battery_18,battery,0.0,0.0,0.0,good,synthetic_demo_v1
2024-01-16T09:00:00+05:30,Load_1,load,0.05110158686171983,0.015330476058515948,0.0,good,synthetic_demo_v1
2024-01-16T09:00:00+05:30,Load_2,load,0.11172825364834836,0.03351847609450451,0.0,good,synthetic_demo_v1
2024-01-16T09:00:00+05:30,Load_3,load,0.08871388238666424,0.02661416471599927,0.0,good,synthetic_demo_v1
2024-01-16T09:00:00+05:30,Load_4,load,0.07468395092821735,0.022405185278465203,0.0,good,synthetic_demo_v1
2024-01-16T09:00:00+05:30,Load_5,load,0.02810814296409891,0.008432442889229673,0.0,good,synthetic_demo_v1
2024-01-16T09:00:00+05:30,Load_6,load,0.02810560497875513,0.008431681493626539,0.0,good,synthetic_demo_v1
2024-01-16T09:00:00+05:30,Load_7,load,0.017803144138936165,0.005340943241680849,0.0,good,synthetic_demo_v1
2024-01-16T09:00:00+05:30,Load_8,load,0.10283291087491835,0.030849873262475503,0.0,good,synthetic_demo_v1
2024-01-16T09:00:00+05:30,Load_9,load,0.074942433658282,0.0224827300974846,0.0,good,synthetic_demo_v1
2024-01-16T09:00:00+05:30,Load_10,load,0.08619680925748419,0.025859042777245256,0.0,good,synthetic_demo_v1
2024-01-16T09:00:00+05:30,Load_11,load,0.01385738160198548,0.004157214480595644,0.0,good,synthetic_demo_v1
2024-01-16T09:00:00+05:30,Load_12,load,0.1137480629025982,0.03412441887077946,0.0,good,synthetic_demo_v1
2024-01-16T09:00:00+05:30,Load_13,load,0.09928337670663723,0.029785013011991168,0.0,good,synthetic_demo_v1
2024-01-16T09:00:00+05:30,Load_14,load,0.03403434107564443,0.01021030232269333,0.0,good,synthetic_demo_v1
2024-01-16T09:00:00+05:30,Load_15,load,0.03082355716959607,0.009247067150878821,0.0,good,synthetic_demo_v1
2024-01-16T09:00:00+05:30,Load_16,load,0.030989761084595502,0.00929692832537865,0.0,good,synthetic_demo_v1
2024-01-16T09:00:00+05:30,Load_17,load,0.04370464685771069,0.013111394057313206,0.0,good,synthetic_demo_v1
2024-01-16T09:00:00+05:30,Load_18,load,0.06690776932826059,0.020072330798478175,0.0,good,synthetic_demo_v1
2024-01-16T09:00:00+05:30,Load_19,load,0.05714189169817775,0.017142567509453324,0.0,good,synthetic_demo_v1
2024-01-16T09:00:00+05:30,Load_20,load,0.042335371624609916,0.012700611487382975,0.0,good,synthetic_demo_v1
2024-01-16T09:00:00+05:30,Load_21,load,0.07607230387361738,0.022821691162085215,0.0,good,synthetic_demo_v1
2024-01-16T09:00:00+05:30,Load_22,load,0.026369359207900348,0.007910807762370103,0.0,good,synthetic_demo_v1
2024-01-16T09:00:00+05:30,Load_23,load,0.04243170398398403,0.012729511195195208,0.0,good,synthetic_demo_v1
2024-01-16T09:00:00+05:30,Load_24,load,0.05024104573095666,0.015072313719286998,0.0,good,synthetic_demo_v1
2024-01-16T09:00:00+05:30,Load_25,load,0.05968038835547686,0.017904116506643055,0.0,good,synthetic_demo_v1
2024-01-16T09:00:00+05:30,Load_26,load,0.09430984390284042,0.028292953170852123,0.0,good,synthetic_demo_v1
2024-01-16T09:00:00+05:30,Load_27,load,0.03270165962532036,0.009810497887596107,0.0,good,synthetic_demo_v1
2024-01-16T09:00:00+05:30,Load_28,load,0.0658006156400757,0.019740184692022707,0.0,good,synthetic_demo_v1
2024-01-16T09:00:00+05:30,Load_29,load,0.07402694861428166,0.0222080845842845,0.0,good,synthetic_demo_v1
2024-01-16T09:00:00+05:30,Load_30,load,0.01657906620932231,0.004973719862796692,0.0,good,synthetic_demo_v1
2024-01-16T09:00:00+05:30,Load_31,load,0.07561899950447751,0.022685699851343253,0.0,good,synthetic_demo_v1
2024-01-16T09:00:00+05:30,Load_32,load,0.029634450664527388,0.008890335199358217,0.0,good,synthetic_demo_v1
2024-01-16T09:00:00+05:30,PV_5,pv,0.0,0.0,0.2496686679680627,good,synthetic_demo_v1
2024-01-16T09:00:00+05:30,PV_10,pv,0.0,0.0,0.3947227673641346,good,synthetic_demo_v1
2024-01-16T09:00:00+05:30,PV_17,pv,0.0,0.0,0.24639737506747217,good,synthetic_demo_v1
2024-01-16T09:00:00+05:30,PV_24,pv,0.0,0.0,0.2497479616044711,good,synthetic_demo_v1
2024-01-16T09:00:00+05:30,PV_30,pv,0.0,0.0,0.19817886288151626,good,synthetic_demo_v1
2024-01-16T09:00:00+05:30,Battery_18,battery,0.0,0.0,0.0,good,synthetic_demo_v1
2024-01-16T10:00:00+05:30,Load_1,load,0.035463317975393524,0.010638995392618056,0.0,good,synthetic_demo_v1
2024-01-16T10:00:00+05:30,Load_2,load,0.0775368208562408,0.023261046256872243,0.0,good,synthetic_demo_v1
2024-01-16T10:00:00+05:30,Load_3,load,0.061565380120644934,0.01846961403619348,0.0,good,synthetic_demo_v1
2024-01-16T10:00:00+05:30,Load_4,load,0.05182893256510745,0.015548679769532234,0.0,good,synthetic_demo_v1
2024-01-16T10:00:00+05:30,Load_5,load,0.019506400345864174,0.005851920103759252,0.0,good,synthetic_demo_v1
2024-01-16T10:00:00+05:30,Load_6,load,0.019504639042805094,0.005851391712841528,0.0,good,synthetic_demo_v1
2024-01-16T10:00:00+05:30,Load_7,load,0.012354969783410132,0.0037064909350230397,0.0,good,synthetic_demo_v1
2024-01-16T10:00:00+05:30,Load_8,load,0.0713636589517408,0.021409097685522238,0.0,good,synthetic_demo_v1
2024-01-16T10:00:00+05:30,Load_9,load,0.05200831359435486,0.015602494078306457,0.0,good,synthetic_demo_v1
2024-01-16T10:00:00+05:30,Load_10,load,0.059818589654255364,0.01794557689627661,0.0,good,synthetic_demo_v1
2024-01-16T10:00:00+05:30,Load_11,load,0.009616701950711988,0.0028850105852135963,0.0,good,synthetic_demo_v1
2024-01-16T10:00:00+05:30,Load_12,load,0.07893852170805452,0.023681556512416355,0.0,good,synthetic_demo_v1
2024-01-16T10:00:00+05:30,Load_13,load,0.06890036443184844,0.020670109329554532,0.0,good,synthetic_demo_v1
2024-01-16T10:00:00+05:30,Load_14,load,0.02361904460843106,0.007085713382529318,0.0,good,synthetic_demo_v1
2024-01-16T10:00:00+05:30,Load_15,load,0.02139083492643848,0.0064172504779315435,0.0,good,synthetic_demo_v1
2024-01-16T10:00:00+05:30,Load_16,load,0.021506176594835776,0.006451852978450733,0.0,good,synthetic_demo_v1
2024-01-16T10:00:00+05:30,Load_17,load,0.030330012895907064,0.009099003868772118,0.0,good,synthetic_demo_v1
2024-01-16T10:00:00+05:30,Load_18,load,0.04643244259973909,0.013929732779921726,0.0,good,synthetic_demo_v1
2024-01-16T10:00:00+05:30,Load_19,load,0.0396551496627981,0.01189654489883943,0.0,good,synthetic_demo_v1
2024-01-16T10:00:00+05:30,Load_20,load,0.029379767591026732,0.00881393027730802,0.0,good,synthetic_demo_v1
2024-01-16T10:00:00+05:30,Load_21,load,0.05279241736056061,0.01583772520816818,0.0,good,synthetic_demo_v1
2024-01-16T10:00:00+05:30,Load_22,load,0.018299724682281006,0.005489917404684301,0.0,good,synthetic_demo_v1
2024-01-16T10:00:00+05:30,Load_23,load,0.029446620017763468,0.00883398600532904,0.0,good,synthetic_demo_v1
2024-01-16T10:00:00+05:30,Load_24,load,0.034866122357305594,0.010459836707191679,0.0,good,synthetic_demo_v1
2024-01-16T10:00:00+05:30,Load_25,load,0.04141680756161979,0.012425042268485937,0.0,good,synthetic_demo_v1
2024-01-16T10:00:00+05:30,Load_26,load,0.06544884783297308,0.019634654349891926,0.0,good,synthetic_demo_v1
2024-01-16T10:00:00+05:30,Load_27,load,0.022694194541433347,0.006808258362430004,0.0,good,synthetic_demo_v1
2024-01-16T10:00:00+05:30,Load_28,load,0.04566410357735263,0.013699231073205788,0.0,good,synthetic_demo_v1
2024-01-16T10:00:00+05:30,Load_29,load,0.051372988172759745,0.015411896451827924,0.0,good,synthetic_demo_v1
2024-01-16T10:00:00+05:30,Load_30,load,0.011505488044965805,0.003451646413489741,0.0,good,synthetic_demo_v1
2024-01-16T10:00:00+05:30,Load_31,load,0.05247783462507837,0.01574335038752351,0.0,good,synthetic_demo_v1
2024-01-16T10:00:00+05:30,Load_32,load,0.02056562254683136,0.006169686764049408,0.0,good,synthetic_demo_v1
2024-01-16T10:00:00+05:30,PV_5,pv,0.0,0.0,0.34946795684811255,good,synthetic_demo_v1
2024-01-16T10:00:00+05:30,PV_10,pv,0.0,0.0,0.5403896746488871,good,synthetic_demo_v1
2024-01-16T10:00:00+05:30,PV_17,pv,0.0,0.0,0.33424520114989614,good,synthetic_demo_v1
2024-01-16T10:00:00+05:30,PV_24,pv,0.0,0.0,0.40340467196220936,good,synthetic_demo_v1
2024-01-16T10:00:00+05:30,PV_30,pv,0.0,0.0,0.27003602937803284,good,synthetic_demo_v1
2024-01-16T10:00:00+05:30,Battery_18,battery,0.0,0.0,0.0,good,synthetic_demo_v1
2024-01-16T11:00:00+05:30,Load_1,load,0.034890490542832074,0.010467147162849622,0.0,good,synthetic_demo_v1
2024-01-16T11:00:00+05:30,Load_2,load,0.07628439382584068,0.022885318147752205,0.0,good,synthetic_demo_v1
2024-01-16T11:00:00+05:30,Load_3,load,0.060570934574019866,0.01817128037220596,0.0,good,synthetic_demo_v1
2024-01-16T11:00:00+05:30,Load_4,load,0.05099175668680213,0.015297527006040638,0.0,good,synthetic_demo_v1
2024-01-16T11:00:00+05:30,Load_5,load,0.01919131981007251,0.005757395943021753,0.0,good,synthetic_demo_v1
2024-01-16T11:00:00+05:30,Load_6,load,0.019189586956768468,0.00575687608703054,0.0,good,synthetic_demo_v1
2024-01-16T11:00:00+05:30,Load_7,load,0.012155403977827143,0.0036466211933481427,0.0,good,synthetic_demo_v1
2024-01-16T11:00:00+05:30,Load_8,load,0.0702109449963269,0.021063283498898067,0.0,good,synthetic_demo_v1
2024-01-16T11:00:00+05:30,Load_9,load,0.05116824023266951,0.015350472069800853,0.0,good,synthetic_demo_v1
2024-01-16T11:00:00+05:30,Load_10,load,0.05885235944548388,0.017655707833645163,0.0,good,synthetic_demo_v1
2024-01-16T11:00:00+05:30,Load_11,load,0.009461366494171872,0.0028384099482515615,0.0,good,synthetic_demo_v1
2024-01-16T11:00:00+05:30,Load_12,load,0.07766345346002436,0.023299036038007308,0.0,good,synthetic_demo_v1
2024-01-16T11:00:00+05:30,Load_13,load,0.06778743927105471,0.020336231781316414,0.0,good,synthetic_demo_v1
2024-01-16T11:00:00+05:30,Load_14,load,0.023237533868460548,0.006971260160538164,0.0,good,synthetic_demo_v1
2024-01-16T11:00:00+05:30,Load_15,load,0.02104531573221758,0.006313594719665274,0.0,good,synthetic_demo_v1
2024-01-16T11:00:00+05:30,Load_16,load,0.021158794324186967,0.00634763829725609,0.0,good,synthetic_demo_v1
2024-01-16T11:00:00+05:30,Load_17,load,0.029840102069492766,0.00895203062084783,0.0,good,synthetic_demo_v1
2024-01-16T11:00:00+05:30,Load_18,load,0.045682434467380455,0.013704730340214136,0.0,good,synthetic_demo_v1
2024-01-16T11:00:00+05:30,Load_19,load,0.039014612937358535,0.01170438388120756,0.0,good,synthetic_demo_v1
2024-01-16T11:00:00+05:30,Load_20,load,0.028905205767733796,0.008671561730320139,0.0,good,synthetic_demo_v1
2024-01-16T11:00:00+05:30,Load_21,load,0.051939678625951925,0.015581903587785577,0.0,good,synthetic_demo_v1
2024-01-16T11:00:00+05:30,Load_22,load,0.018004135185731195,0.005401240555719358,0.0,good,synthetic_demo_v1
2024-01-16T11:00:00+05:30,Load_23,load,0.02897097834898076,0.008691293504694227,0.0,good,synthetic_demo_v1
2024-01-16T11:00:00+05:30,Load_24,load,0.034302941231186296,0.010290882369355889,0.0,good,synthetic_demo_v1
2024-01-16T11:00:00+05:30,Load_25,load,0.04074781534952966,0.012224344604858899,0.0,good,synthetic_demo_v1
2024-01-16T11:00:00+05:30,Load_26,load,0.06439167389639218,0.019317502168917654,0.0,good,synthetic_demo_v1
2024-01-16T11:00:00+05:30,Load_27,load,0.02232762260357239,0.006698286781071716,0.0,good,synthetic_demo_v1
2024-01-16T11:00:00+05:30,Load_28,load,0.04492650617514157,0.01347795185254247,0.0,good,synthetic_demo_v1
2024-01-16T11:00:00+05:30,Load_29,load,0.05054317701582202,0.015162953104746605,0.0,good,synthetic_demo_v1
2024-01-16T11:00:00+05:30,Load_30,load,0.01131964364141233,0.003395893092423699,0.0,good,synthetic_demo_v1
2024-01-16T11:00:00+05:30,Load_31,load,0.051630177243004706,0.015489053172901411,0.0,good,synthetic_demo_v1
2024-01-16T11:00:00+05:30,Load_32,load,0.020233432739585933,0.0060700298218757795,0.0,good,synthetic_demo_v1
2024-01-16T11:00:00+05:30,PV_5,pv,0.0,0.0,0.35082631909130557,good,synthetic_demo_v1
2024-01-16T11:00:00+05:30,PV_10,pv,0.0,0.0,0.5300967031980212,good,synthetic_demo_v1
2024-01-16T11:00:00+05:30,PV_17,pv,0.0,0.0,0.4590962691909737,good,synthetic_demo_v1
2024-01-16T11:00:00+05:30,PV_24,pv,0.0,0.0,0.6059157568591527,good,synthetic_demo_v1
2024-01-16T11:00:00+05:30,PV_30,pv,0.0,0.0,0.3208084294843566,good,synthetic_demo_v1
2024-01-16T11:00:00+05:30,Battery_18,battery,0.0,0.0,0.0,good,synthetic_demo_v1
2024-01-16T12:00:00+05:30,Load_1,load,0.03403971622285222,0.010211914866855666,0.0,good,synthetic_demo_v1
2024-01-16T12:00:00+05:30,Load_2,load,0.07442426511247158,0.022327279533741473,0.0,good,synthetic_demo_v1
2024-01-16T12:00:00+05:30,Load_3,load,0.05909396492208865,0.017728189476626594,0.0,good,synthetic_demo_v1
2024-01-16T12:00:00+05:30,Load_4,load,0.04974836697101308,0.014924510091303923,0.0,good,synthetic_demo_v1
2024-01-16T12:00:00+05:30,Load_5,load,0.01872335613839852,0.005617006841519555,0.0,good,synthetic_demo_v1
2024-01-16T12:00:00+05:30,Load_6,load,0.018721665539217832,0.00561649966176535,0.0,good,synthetic_demo_v1
2024-01-16T12:00:00+05:30,Load_7,load,0.011859005005143712,0.0035577015015431134,0.0,good,synthetic_demo_v1
2024-01-16T12:00:00+05:30,Load_8,load,0.06849891205970013,0.020549673617910037,0.0,good,synthetic_demo_v1
2024-01-16T12:00:00+05:30,Load_9,load,0.04992054711883742,0.014976164135651227,0.0,good,synthetic_demo_v1
2024-01-16T12:00:00+05:30,Load_10,load,0.05741729575599591,0.017225188726798773,0.0,good,synthetic_demo_v1
2024-01-16T12:00:00+05:30,Load_11,load,0.009230659286565331,0.002769197785969599,0.0,good,synthetic_demo_v1
2024-01-16T12:00:00+05:30,Load_12,load,0.07576969757477459,0.022730909272432376,0.0,good,synthetic_demo_v1
2024-01-16T12:00:00+05:30,Load_13,load,0.06613450141745221,0.019840350425235662,0.0,good,synthetic_demo_v1
2024-01-16T12:00:00+05:30,Load_14,load,0.022670906779893862,0.006801272033968159,0.0,good,synthetic_demo_v1
2024-01-16T12:00:00+05:30,Load_15,load,0.020532143979620446,0.006159643193886134,0.0,good,synthetic_demo_v1
2024-01-16T12:00:00+05:30,Load_16,load,0.020642855494646718,0.006192856648394015,0.0,good,synthetic_demo_v1
2024-01-16T12:00:00+05:30,Load_17,load,0.029112477087690443,0.008733743126307132,0.0,good,synthetic_demo_v1
2024-01-16T12:00:00+05:30,Load_18,load,0.04456850796436101,0.013370552389308302,0.0,good,synthetic_demo_v1
2024-01-16T12:00:00+05:30,Load_19,load,0.03806327547334923,0.011418982642004768,0.0,good,synthetic_demo_v1
2024-01-16T12:00:00+05:30,Load_20,load,0.028200377420573346,0.008460113226172003,0.0,good,synthetic_demo_v1
2024-01-16T12:00:00+05:30,Load_21,load,0.05067317465666208,0.015201952396998623,0.0,good,synthetic_demo_v1
2024-01-16T12:00:00+05:30,Load_22,load,0.017565119980408644,0.005269535994122593,0.0,good,synthetic_demo_v1
2024-01-16T12:00:00+05:30,Load_23,load,0.028264546194530327,0.008479363858359098,0.0,good,synthetic_demo_v1
2024-01-16T12:00:00+05:30,Load_24,load,0.03346649379106089,0.010039948137318266,0.0,good,synthetic_demo_v1
2024-01-16T12:00:00+05:30,Load_25,load,0.03975421524946506,0.011926264574839519,0.0,good,synthetic_demo_v1
2024-01-16T12:00:00+05:30,Load_26,load,0.06282153883324897,0.01884646164997469,0.0,good,synthetic_demo_v1
2024-01-16T12:00:00+05:30,Load_27,load,0.02178318291121548,0.0065349548733646436,0.0,good,synthetic_demo_v1
2024-01-16T12:00:00+05:30,Load_28,load,0.04383101232723179,0.013149303698169537,0.0,good,synthetic_demo_v1
2024-01-16T12:00:00+05:30,Load_29,load,0.049310725525853166,0.01479321765775595,0.0,good,synthetic_demo_v1
2024-01-16T12:00:00+05:30,Load_30,load,0.011043623958925655,0.0033130871876776965,0.0,good,synthetic_demo_v1
2024-01-16T12:00:00+05:30,Load_31,load,0.05037122019622908,0.015111366058868723,0.0,good,synthetic_demo_v1
2024-01-16T12:00:00+05:30,Load_32,load,0.0197400580488877,0.00592201741466631,0.0,good,synthetic_demo_v1
2024-01-16T12:00:00+05:30,PV_5,pv,0.0,0.0,0.4361511664333197,good,synthetic_demo_v1
2024-01-16T12:00:00+05:30,PV_10,pv,0.0,0.0,0.7866115420804025,good,synthetic_demo_v1
2024-01-16T12:00:00+05:30,PV_17,pv,0.0,0.0,0.43907432253074297,good,synthetic_demo_v1
2024-01-16T12:00:00+05:30,PV_24,pv,0.0,0.0,0.5905893695204275,good,synthetic_demo_v1
2024-01-16T12:00:00+05:30,PV_30,pv,0.0,0.0,0.3799705807972752,good,synthetic_demo_v1
2024-01-16T12:00:00+05:30,Battery_18,battery,0.0,0.0,0.0,good,synthetic_demo_v1
2024-01-16T13:00:00+05:30,Load_1,load,0.03512814721645047,0.01053844416493514,0.0,good,synthetic_demo_v1
2024-01-16T13:00:00+05:30,Load_2,load,0.07680400518709078,0.023041201556127235,0.0,good,synthetic_demo_v1
2024-01-16T13:00:00+05:30,Load_3,load,0.060983513663762014,0.018295054099128603,0.0,good,synthetic_demo_v1
2024-01-16T13:00:00+05:30,Load_4,load,0.051339087179655664,0.015401726153896698,0.0,good,synthetic_demo_v1
2024-01-16T13:00:00+05:30,Load_5,load,0.019322041538470378,0.005796612461541113,0.0,good,synthetic_demo_v1
2024-01-16T13:00:00+05:30,Load_6,load,0.019320296881831227,0.0057960890645493675,0.0,good,synthetic_demo_v1
2024-01-16T13:00:00+05:30,Load_7,load,0.012238200545915281,0.0036714601637745843,0.0,good,synthetic_demo_v1
2024-01-16T13:00:00+05:30,Load_8,load,0.07068918704394003,0.02120675611318201,0.0,good,synthetic_demo_v1
2024-01-16T13:00:00+05:30,Load_9,load,0.05151677284368782,0.015455031853106347,0.0,good,synthetic_demo_v1
2024-01-16T13:00:00+05:30,Load_10,load,0.05925323245594606,0.017775969736783817,0.0,good,synthetic_demo_v1
2024-01-16T13:00:00+05:30,Load_11,load,0.009525812618428251,0.0028577437855284754,0.0,good,synthetic_demo_v1
2024-01-16T13:00:00+05:30,Load_12,load,0.07819245828981795,0.023457737486945386,0.0,good,synthetic_demo_v1
2024-01-16T13:00:00+05:30,Load_13,load,0.06824917360266264,0.02047475208079879,0.0,good,synthetic_demo_v1
2024-01-16T13:00:00+05:30,Load_14,load,0.023395816395199272,0.0070187449185597816,0.0,good,synthetic_demo_v1
2024-01-16T13:00:00+05:30,Load_15,load,0.021188665959008673,0.006356599787702602,0.0,good,synthetic_demo_v1
2024-01-16T13:00:00+05:30,Load_16,load,0.021302917510723676,0.0063908752532171025,0.0,good,synthetic_demo_v1
2024-01-16T13:00:00+05:30,Load_17,load,0.0300433580079429,0.00901300740238287,0.0,good,synthetic_demo_v1
2024-01-16T13:00:00+05:30,Load_18,load,0.04599360049713231,0.013798080149139693,0.0,good,synthetic_demo_v1
2024-01-16T13:00:00+05:30,Load_19,load,0.03928036108216662,0.011784108324649985,0.0,good,synthetic_demo_v1
2024-01-16T13:00:00+05:30,Load_20,load,0.029102093657417706,0.008730628097225312,0.0,good,synthetic_demo_v1
2024-01-16T13:00:00+05:30,Load_21,load,0.05229346589173709,0.015688039767521127,0.0,good,synthetic_demo_v1
2024-01-16T13:00:00+05:30,Load_22,load,0.01812677040275011,0.005438031120825033,0.0,good,synthetic_demo_v1
2024-01-16T13:00:00+05:30,Load_23,load,0.02916831424878523,0.008750494274635569,0.0,good,synthetic_demo_v1
2024-01-16T13:00:00+05:30,Load_24,load,0.034536595811030135,0.010360978743309041,0.0,good,synthetic_demo_v1
2024-01-16T13:00:00+05:30,Load_25,load,0.04102536920740097,0.01230761076222029,0.0,good,synthetic_demo_v1
2024-01-16T13:00:00+05:30,Load_26,load,0.06483027796268212,0.019449083388804637,0.0,good,synthetic_demo_v1
2024-01-16T13:00:00+05:30,Load_27,load,0.022479707267193203,0.006743912180157961,0.0,good,synthetic_demo_v1
2024-01-16T13:00:00+05:30,Load_28,load,0.04523252319722307,0.01356975695916692,0.0,good,synthetic_demo_v1
2024-01-16T13:00:00+05:30,Load_29,load,0.05088745200699589,0.015266235602098766,0.0,good,synthetic_demo_v1
2024-01-16T13:00:00+05:30,Load_30,load,0.01139674742563861,0.0034190242276915827,0.0,good,synthetic_demo_v1
2024-01-16T13:00:00+05:30,Load_31,load,0.05198185633925694,0.015594556901777083,0.0,good,synthetic_demo_v1
2024-01-16T13:00:00+05:30,Load_32,load,0.02037125282310893,0.006111375846932679,0.0,good,synthetic_demo_v1
2024-01-16T13:00:00+05:30,PV_5,pv,0.0,0.0,0.45475518326383324,good,synthetic_demo_v1
2024-01-16T13:00:00+05:30,PV_10,pv,0.0,0.0,0.7172524375970893,good,synthetic_demo_v1
2024-01-16T13:00:00+05:30,PV_17,pv,0.0,0.0,0.5389100535773801,good,synthetic_demo_v1
2024-01-16T13:00:00+05:30,PV_24,pv,0.0,0.0,0.5576933608697899,good,synthetic_demo_v1
2024-01-16T13:00:00+05:30,PV_30,pv,0.0,0.0,0.3108830766360904,good,synthetic_demo_v1
2024-01-16T13:00:00+05:30,Battery_18,battery,0.0,0.0,0.0,good,synthetic_demo_v1
2024-01-16T14:00:00+05:30,Load_1,load,0.035507163980752564,0.010652149194225769,0.0,good,synthetic_demo_v1
2024-01-16T14:00:00+05:30,Load_2,load,0.07763268554282046,0.02328980566284614,0.0,good,synthetic_demo_v1
2024-01-16T14:00:00+05:30,Load_3,load,0.061641498096649726,0.018492449428994917,0.0,good,synthetic_demo_v1
2024-01-16T14:00:00+05:30,Load_4,load,0.051893012628247054,0.015567903788474115,0.0,good,synthetic_demo_v1
2024-01-16T14:00:00+05:30,Load_5,load,0.019530517596672285,0.005859155279001685,0.0,good,synthetic_demo_v1
2024-01-16T14:00:00+05:30,Load_6,load,0.01952875411597987,0.005858626234793961,0.0,good,synthetic_demo_v1
2024-01-16T14:00:00+05:30,Load_7,load,0.012370245175061587,0.003711073552518476,0.0,good,synthetic_demo_v1
2024-01-16T14:00:00+05:30,Load_8,load,0.07145189128733359,0.021435567386200078,0.0,good,synthetic_demo_v1
2024-01-16T14:00:00+05:30,Load_9,load,0.05207261543994514,0.015621784631983542,0.0,good,synthetic_demo_v1
2024-01-16T14:00:00+05:30,Load_10,load,0.05989254793995132,0.017967764381985395,0.0,good,synthetic_demo_v1
2024-01-16T14:00:00+05:30,Load_11,load,0.009628591812951044,0.002888577543885313,0.0,good,synthetic_demo_v1
2024-01-16T14:00:00+05:30,Load_12,load,0.07903611942432708,0.023710835827298122,0.0,good,synthetic_demo_v1
2024-01-16T14:00:00+05:30,Load_13,load,0.068985551208512,0.0206956653625536,0.0,good,synthetic_demo_v1
2024-01-16T14:00:00+05:30,Load_14,load,0.023648246635077162,0.007094473990523148,0.0,good,synthetic_demo_v1
2024-01-16T14:00:00+05:30,Load_15,load,0.021417282047474073,0.006425184614242222,0.0,good,synthetic_demo_v1
2024-01-16T14:00:00+05:30,Load_16,load,0.021532766321574935,0.006459829896472481,0.0,good,synthetic_demo_v1
2024-01-16T14:00:00+05:30,Load_17,load,0.03036751220459827,0.009110253661379481,0.0,good,synthetic_demo_v1
2024-01-16T14:00:00+05:30,Load_18,load,0.046489850570659186,0.013946955171197756,0.0,good,synthetic_demo_v1
2024-01-16T14:00:00+05:30,Load_19,load,0.03970417834944934,0.0119112535048348,0.0,good,synthetic_demo_v1
2024-01-16T14:00:00+05:30,Load_20,load,0.029416092038957335,0.0088248276116872,0.0,good,synthetic_demo_v1
2024-01-16T14:00:00+05:30,Load_21,load,0.052857688653453,0.0158573065960359,0.0,good,synthetic_demo_v1
2024-01-16T14:00:00+05:30,Load_22,load,0.01832235002791406,0.005496705008374218,0.0,good,synthetic_demo_v1
2024-01-16T14:00:00+05:30,Load_23,load,0.029483027120449132,0.00884490813613474,0.0,good,synthetic_demo_v1
2024-01-16T14:00:00+05:30,Load_24,load,0.034909230004164474,0.010472769001249342,0.0,good,synthetic_demo_v1
2024-01-16T14:00:00+05:30,Load_25,load,0.04146801432032075,0.012440404296096224,0.0,good,synthetic_demo_v1
2024-01-16T14:00:00+05:30,Load_26,load,0.0655297672363639,0.01965893017090917,0.0,good,synthetic_demo_v1
2024-01-16T14:00:00+05:30,Load_27,load,0.022722253105388734,0.00681667593161662,0.0,good,synthetic_demo_v1
2024-01-16T14:00:00+05:30,Load_28,load,0.04572056159212603,0.013716168477637809,0.0,good,synthetic_demo_v1
2024-01-16T14:00:00+05:30,Load_29,load,0.051436504517065024,0.015430951355119507,0.0,good,synthetic_demo_v1
2024-01-16T14:00:00+05:30,Load_30,load,0.011519713157540664,0.003455913947262199,0.0,good,synthetic_demo_v1
2024-01-16T14:00:00+05:30,Load_31,load,0.052542716975336703,0.01576281509260101,0.0,good,synthetic_demo_v1
2024-01-16T14:00:00+05:30,Load_32,load,0.020591049394850097,0.006177314818455029,0.0,good,synthetic_demo_v1
2024-01-16T14:00:00+05:30,PV_5,pv,0.0,0.0,0.4236522112241761,good,synthetic_demo_v1
2024-01-16T14:00:00+05:30,PV_10,pv,0.0,0.0,0.6876219355943488,good,synthetic_demo_v1
2024-01-16T14:00:00+05:30,PV_17,pv,0.0,0.0,0.4518751540534218,good,synthetic_demo_v1
2024-01-16T14:00:00+05:30,PV_24,pv,0.0,0.0,0.5253666633644546,good,synthetic_demo_v1
2024-01-16T14:00:00+05:30,PV_30,pv,0.0,0.0,0.3316382954580541,good,synthetic_demo_v1
2024-01-16T14:00:00+05:30,Battery_18,battery,0.0,0.0,0.0,good,synthetic_demo_v1
2024-01-16T15:00:00+05:30,Load_1,load,0.03550585343964125,0.010651756031892374,0.0,good,synthetic_demo_v1
2024-01-16T15:00:00+05:30,Load_2,load,0.07762982018229658,0.023288946054688973,0.0,good,synthetic_demo_v1
2024-01-16T15:00:00+05:30,Load_3,load,0.061639222958104097,0.01849176688743123,0.0,good,synthetic_demo_v1
2024-01-16T15:00:00+05:30,Load_4,load,0.05189109729852722,0.015567329189558166,0.0,good,synthetic_demo_v1
2024-01-16T15:00:00+05:30,Load_5,load,0.019529796740840218,0.005858939022252065,0.0,good,synthetic_demo_v1
2024-01-16T15:00:00+05:30,Load_6,load,0.01952803332523647,0.005858409997570941,0.0,good,synthetic_demo_v1
2024-01-16T15:00:00+05:30,Load_7,load,0.012369788599175443,0.003710936579752633,0.0,good,synthetic_demo_v1
2024-01-16T15:00:00+05:30,Load_8,load,0.07144925405499748,0.021434776216499245,0.0,good,synthetic_demo_v1
2024-01-16T15:00:00+05:30,Load_9,load,0.05207069348122873,0.01562120804436862,0.0,good,synthetic_demo_v1
2024-01-16T15:00:00+05:30,Load_10,load,0.059890337353761466,0.01796710120612844,0.0,good,synthetic_demo_v1
2024-01-16T15:00:00+05:30,Load_11,load,0.00962823642930447,0.002888470928791341,0.0,good,synthetic_demo_v1
2024-01-16T15:00:00+05:30,Load_12,load,0.07903320226417763,0.02370996067925329,0.0,good,synthetic_demo_v1
2024-01-16T15:00:00+05:30,Load_13,load,0.06898300500682171,0.020694901502046514,0.0,good,synthetic_demo_v1
2024-01-16T15:00:00+05:30,Load_14,load,0.023647373797149512,0.0070942121391448535,0.0,good,synthetic_demo_v1
2024-01-16T15:00:00+05:30,Load_15,load,0.021416491552670516,0.006424947465801155,0.0,good,synthetic_demo_v1
2024-01-16T15:00:00+05:30,Load_16,load,0.021531971564338902,0.00645959146930167,0.0,good,synthetic_demo_v1
2024-01-16T15:00:00+05:30,Load_17,load,0.030366391363935975,0.009109917409180792,0.0,good,synthetic_demo_v1
2024-01-16T15:00:00+05:30,Load_18,load,0.04648813466734276,0.013946440400202827,0.0,good,synthetic_demo_v1
2024-01-16T15:00:00+05:30,Load_19,load,0.03970271289988411,0.011910813869965233,0.0,good,synthetic_demo_v1
2024-01-16T15:00:00+05:30,Load_20,load,0.029415006314454747,0.008824501894336425,0.0,good,synthetic_demo_v1
2024-01-16T15:00:00+05:30,Load_21,load,0.05285573771831025,0.015856721315493073,0.0,good,synthetic_demo_v1
2024-01-16T15:00:00+05:30,Load_22,load,0.01832167376458364,0.005496502129375092,0.0,good,synthetic_demo_v1
2024-01-16T15:00:00+05:30,Load_23,load,0.029481938925426058,0.008844581677627817,0.0,good,synthetic_demo_v1
2024-01-16T15:00:00+05:30,Load_24,load,0.03490794153231948,0.010472382459695843,0.0,good,synthetic_demo_v1
2024-01-16T15:00:00+05:30,Load_25,load,0.041466483768976214,0.012439945130692864,0.0,good,synthetic_demo_v1
2024-01-16T15:00:00+05:30,Load_26,load,0.0655273485849046,0.019658204575471377,0.0,good,synthetic_demo_v1
2024-01-16T15:00:00+05:30,Load_27,load,0.02272141444514393,0.006816424333543179,0.0,good,synthetic_demo_v1
2024-01-16T15:00:00+05:30,Load_28,load,0.045718874082652405,0.013715662224795722,0.0,good,synthetic_demo_v1
2024-01-16T15:00:00+05:30,Load_29,load,0.051434606036695585,0.015430381811008675,0.0,good,synthetic_demo_v1
2024-01-16T15:00:00+05:30,Load_30,load,0.011519287974113125,0.0034557863922339374,0.0,good,synthetic_demo_v1
2024-01-16T15:00:00+05:30,Load_31,load,0.052540777665547454,0.015762233299664235,0.0,good,synthetic_demo_v1
2024-01-16T15:00:00+05:30,Load_32,load,0.02059028939563496,0.006177086818690488,0.0,good,synthetic_demo_v1
2024-01-16T15:00:00+05:30,PV_5,pv,0.0,0.0,0.31622128110326164,good,synthetic_demo_v1
2024-01-16T15:00:00+05:30,PV_10,pv,0.0,0.0,0.5147735199828767,good,synthetic_demo_v1
2024-01-16T15:00:00+05:30,PV_17,pv,0.0,0.0,0.39801447019022757,good,synthetic_demo_v1
2024-01-16T15:00:00+05:30,PV_24,pv,0.0,0.0,0.47833101198698674,good,synthetic_demo_v1
2024-01-16T15:00:00+05:30,PV_30,pv,0.0,0.0,0.22652276126176693,good,synthetic_demo_v1
2024-01-16T15:00:00+05:30,Battery_18,battery,0.0,0.0,0.0,good,synthetic_demo_v1
2024-01-16T16:00:00+05:30,Load_1,load,0.034156189762486626,0.010246856928745987,0.0,good,synthetic_demo_v1
2024-01-16T16:00:00+05:30,Load_2,load,0.07467892227634416,0.02240367668290325,0.0,good,synthetic_demo_v1
2024-01-16T16:00:00+05:30,Load_3,load,0.059296166468671654,0.017788849940601495,0.0,good,synthetic_demo_v1
2024-01-16T16:00:00+05:30,Load_4,load,0.04991859072829151,0.014975577218487452,0.0,good,synthetic_demo_v1
2024-01-16T16:00:00+05:30,Load_5,load,0.018787421759539357,0.005636226527861807,0.0,good,synthetic_demo_v1
2024-01-16T16:00:00+05:30,Load_6,load,0.01878572537564327,0.005635717612692981,0.0,good,synthetic_demo_v1
2024-01-16T16:00:00+05:30,Load_7,load,0.011899582907745732,0.003569874872323719,0.0,good,synthetic_demo_v1
2024-01-16T16:00:00+05:30,Load_8,load,0.06873329447042491,0.020619988341127472,0.0,good,synthetic_demo_v1
2024-01-16T16:00:00+05:30,Load_9,load,0.05009136002413167,0.0150274080072395,0.0,good,synthetic_demo_v1
2024-01-16T16:00:00+05:30,Load_10,load,0.05761376025144452,0.017284128075433353,0.0,good,synthetic_demo_v1
2024-01-16T16:00:00+05:30,Load_11,load,0.009262243790772909,0.0027786731372318727,0.0,good,synthetic_demo_v1
2024-01-16T16:00:00+05:30,Load_12,load,0.07602895839868351,0.02280868751960505,0.0,good,synthetic_demo_v1
2024-01-16T16:00:00+05:30,Load_13,load,0.06636079353521306,0.019908238060563917,0.0,good,synthetic_demo_v1
2024-01-16T16:00:00+05:30,Load_14,load,0.02274847971681521,0.0068245439150445624,0.0,good,synthetic_demo_v1
2024-01-16T16:00:00+05:30,Load_15,load,0.020602398721755583,0.006180719616526675,0.0,good,synthetic_demo_v1
2024-01-16T16:00:00+05:30,Load_16,load,0.020713489057861002,0.0062140467173583,0.0,good,synthetic_demo_v1
2024-01-16T16:00:00+05:30,Load_17,load,0.029212091115954655,0.008763627334786396,0.0,good,synthetic_demo_v1
2024-01-16T16:00:00+05:30,Load_18,load,0.04472100782202282,0.013416302346606845,0.0,good,synthetic_demo_v1
2024-01-16T16:00:00+05:30,Load_19,load,0.03819351640707018,0.011458054922121054,0.0,good,synthetic_demo_v1
2024-01-16T16:00:00+05:30,Load_20,load,0.02829687052162321,0.008489061156486963,0.0,good,synthetic_demo_v1
2024-01-16T16:00:00+05:30,Load_21,load,0.050846562824123115,0.015253968847236933,0.0,good,synthetic_demo_v1
2024-01-16T16:00:00+05:30,Load_22,load,0.017625222470242206,0.005287566741072661,0.0,good,synthetic_demo_v1
2024-01-16T16:00:00+05:30,Load_23,load,0.02836125886157739,0.008508377658473216,0.0,good,synthetic_demo_v1
2024-01-16T16:00:00+05:30,Load_24,load,0.03358100593815044,0.010074301781445133,0.0,good,synthetic_demo_v1
2024-01-16T16:00:00+05:30,Load_25,load,0.03989024206400075,0.011967072619200225,0.0,good,synthetic_demo_v1
2024-01-16T16:00:00+05:30,Load_26,load,0.06303649500225124,0.01891094850067537,0.0,good,synthetic_demo_v1
2024-01-16T16:00:00+05:30,Load_27,load,0.02185771832747931,0.006557315498243793,0.0,good,synthetic_demo_v1
2024-01-16T16:00:00+05:30,Load_28,load,0.04398098869948147,0.013194296609844442,0.0,good,synthetic_demo_v1
2024-01-16T16:00:00+05:30,Load_29,load,0.0494794518074219,0.014843835542226569,0.0,good,synthetic_demo_v1
2024-01-16T16:00:00+05:30,Load_30,load,0.011081411875971328,0.003324423562791398,0.0,good,synthetic_demo_v1
2024-01-16T16:00:00+05:30,Load_31,load,0.050543575167508785,0.015163072550252635,0.0,good,synthetic_demo_v1
2024-01-16T16:00:00+05:30,Load_32,load,0.019807602514255455,0.005942280754276636,0.0,good,synthetic_demo_v1
2024-01-16T16:00:00+05:30,PV_5,pv,0.0,0.0,0.2211380405948324,good,synthetic_demo_v1
2024-01-16T16:00:00+05:30,PV_10,pv,0.0,0.0,0.28791567013092234,good,synthetic_demo_v1
2024-01-16T16:00:00+05:30,PV_17,pv,0.0,0.0,0.25509575372402415,good,synthetic_demo_v1
2024-01-16T16:00:00+05:30,PV_24,pv,0.0,0.0,0.3058041163620125,good,synthetic_demo_v1
2024-01-16T16:00:00+05:30,PV_30,pv,0.0,0.0,0.1591842976524474,good,synthetic_demo_v1
2024-01-16T16:00:00+05:30,Battery_18,battery,0.0,0.0,0.0,good,synthetic_demo_v1
2024-01-16T17:00:00+05:30,Load_1,load,0.03471846426210698,0.010415539278632093,0.0,good,synthetic_demo_v1
2024-01-16T17:00:00+05:30,Load_2,load,0.0759082764270005,0.02277248292810015,0.0,good,synthetic_demo_v1
2024-01-16T17:00:00+05:30,Load_3,load,0.06027229180824906,0.018081687542474717,0.0,good,synthetic_demo_v1
2024-01-16T17:00:00+05:30,Load_4,load,0.05074034370538528,0.015222103111615582,0.0,good,synthetic_demo_v1
2024-01-16T17:00:00+05:30,Load_5,load,0.019096697713398926,0.005729009314019678,0.0,good,synthetic_demo_v1
2024-01-16T17:00:00+05:30,Load_6,load,0.019094973403864384,0.005728492021159315,0.0,good,synthetic_demo_v1
2024-01-16T17:00:00+05:30,Load_7,load,0.012095472205459264,0.003628641661637779,0.0,good,synthetic_demo_v1
2024-01-16T17:00:00+05:30,Load_8,load,0.06986477251362462,0.020959431754087387,0.0,good,synthetic_demo_v1
2024-01-16T17:00:00+05:30,Load_9,load,0.050915957105618935,0.01527478713168568,0.0,good,synthetic_demo_v1
2024-01-16T17:00:00+05:30,Load_10,load,0.05856219005119363,0.017568657015358088,0.0,good,synthetic_demo_v1
2024-01-16T17:00:00+05:30,Load_11,load,0.009414717574559483,0.0028244152723678447,0.0,good,synthetic_demo_v1
2024-01-16T17:00:00+05:30,Load_12,load,0.07728053665836479,0.023184160997509435,0.0,good,synthetic_demo_v1
2024-01-16T17:00:00+05:30,Load_13,load,0.06745321579422046,0.020235964738266138,0.0,good,synthetic_demo_v1
2024-01-16T17:00:00+05:30,Load_14,load,0.023122962062148242,0.006936888618644472,0.0,good,synthetic_demo_v1
2024-01-16T17:00:00+05:30,Load_15,load,0.020941552576819854,0.006282465773045956,0.0,good,synthetic_demo_v1
2024-01-16T17:00:00+05:30,Load_16,load,0.021054471666764055,0.0063163415000292164,0.0,good,synthetic_demo_v1
2024-01-16T17:00:00+05:30,Load_17,load,0.029692976543436594,0.008907892963030978,0.0,good,synthetic_demo_v1
2024-01-16T17:00:00+05:30,Load_18,load,0.0454571989039468,0.013637159671184038,0.0,good,synthetic_demo_v1
2024-01-16T17:00:00+05:30,Load_19,load,0.03882225282280801,0.011646675846842402,0.0,good,synthetic_demo_v1
2024-01-16T17:00:00+05:30,Load_20,load,0.02876268971351803,0.008628806914055409,0.0,good,synthetic_demo_v1
2024-01-16T17:00:00+05:30,Load_21,load,0.051683591950268455,0.015505077585080535,0.0,good,synthetic_demo_v1
2024-01-16T17:00:00+05:30,Load_22,load,0.017915366459196065,0.005374609937758819,0.0,good,synthetic_demo_v1
2024-01-16T17:00:00+05:30,Load_23,load,0.028828138005471564,0.008648441401641468,0.0,good,synthetic_demo_v1
2024-01-16T17:00:00+05:30,Load_24,load,0.034133811840738534,0.01024014355222156,0.0,good,synthetic_demo_v1
2024-01-16T17:00:00+05:30,Load_25,load,0.04054690974421444,0.012164072923264331,0.0,good,synthetic_demo_v1
2024-01-16T17:00:00+05:30,Load_26,load,0.06407419311587804,0.019222257934763412,0.0,good,synthetic_demo_v1
2024-01-16T17:00:00+05:30,Load_27,load,0.02221753708129488,0.0066652611243884635,0.0,good,synthetic_demo_v1
2024-01-16T17:00:00+05:30,Load_28,load,0.0447049976883579,0.01341149930650737,0.0,good,synthetic_demo_v1
2024-01-16T17:00:00+05:30,Load_29,load,0.05029397573997901,0.015088192721993703,0.0,good,synthetic_demo_v1
2024-01-16T17:00:00+05:30,Load_30,load,0.011263832554652884,0.0033791497663958653,0.0,good,synthetic_demo_v1
2024-01-16T17:00:00+05:30,Load_31,load,0.05137561655250974,0.015412684965752921,0.0,good,synthetic_demo_v1
2024-01-16T17:00:00+05:30,Load_32,load,0.02013367254343107,0.00604010176302932,0.0,good,synthetic_demo_v1
2024-01-16T17:00:00+05:30,PV_5,pv,0.0,0.0,0.14240068495158864,good,synthetic_demo_v1
2024-01-16T17:00:00+05:30,PV_10,pv,0.0,0.0,0.18418185725613795,good,synthetic_demo_v1
2024-01-16T17:00:00+05:30,PV_17,pv,0.0,0.0,0.1385365689836905,good,synthetic_demo_v1
2024-01-16T17:00:00+05:30,PV_24,pv,0.0,0.0,0.21516216235598054,good,synthetic_demo_v1
2024-01-16T17:00:00+05:30,PV_30,pv,0.0,0.0,0.10493510451476429,good,synthetic_demo_v1
2024-01-16T17:00:00+05:30,Battery_18,battery,0.0,0.0,0.0,good,synthetic_demo_v1
2024-01-16T18:00:00+05:30,Load_1,load,0.05255147808740206,0.01576544342622062,0.0,good,synthetic_demo_v1
2024-01-16T18:00:00+05:30,Load_2,load,0.11489828856456127,0.03446948656936838,0.0,good,synthetic_demo_v1
2024-01-16T18:00:00+05:30,Load_3,load,0.09123093689647209,0.027369281068941625,0.0,good,synthetic_demo_v1
2024-01-16T18:00:00+05:30,Load_4,load,0.07680293806345287,0.02304088141903586,0.0,good,synthetic_demo_v1
2024-01-16T18:00:00+05:30,Load_5,load,0.02890564754970303,0.008671694264910908,0.0,good,synthetic_demo_v1
2024-01-16T18:00:00+05:30,Load_6,load,0.028903037554801288,0.008670911266440385,0.0,good,synthetic_demo_v1
2024-01-16T18:00:00+05:30,Load_7,load,0.018308267835905657,0.0054924803507716965,0.0,good,synthetic_demo_v1
2024-01-16T18:00:00+05:30,Load_8,load,0.10575056068474442,0.03172516820542332,0.0,good,synthetic_demo_v1
2024-01-16T18:00:00+05:30,Load_9,load,0.07706875465270521,0.023120626395811562,0.0,good,synthetic_demo_v1
2024-01-16T18:00:00+05:30,Load_10,load,0.0886424475458296,0.02659273426374888,0.0,good,synthetic_demo_v1
2024-01-16T18:00:00+05:30,Load_11,load,0.014250553267084982,0.004275165980125495,0.0,good,synthetic_demo_v1
2024-01-16T18:00:00+05:30,Load_12,load,0.11697540530953959,0.035092621592861875,0.0,good,synthetic_demo_v1
2024-01-16T18:00:00+05:30,Load_13,load,0.10210031656278268,0.0306300949688348,0.0,good,synthetic_demo_v1
2024-01-16T18:00:00+05:30,Load_14,load,0.03499998804529692,0.010499996413589075,0.0,good,synthetic_demo_v1
2024-01-16T18:00:00+05:30,Load_15,load,0.031698105453300936,0.00950943163599028,0.0,good,synthetic_demo_v1
2024-01-16T18:00:00+05:30,Load_16,load,0.031869025026126874,0.009560707507838061,0.0,good,synthetic_demo_v1
2024-01-16T18:00:00+05:30,Load_17,load,0.044944666745390605,0.01348340002361718,0.0,good,synthetic_demo_v1
2024-01-16T18:00:00+05:30,Load_18,load,0.06880612500832041,0.02064183750249612,0.0,good,synthetic_demo_v1
2024-01-16T18:00:00+05:30,Load_19,load,0.05876316282653355,0.017628948847960065,0.0,good,synthetic_demo_v1
2024-01-16T18:00:00+05:30,Load_20,load,0.043536541443868496,0.013060962433160548,0.0,good,synthetic_demo_v1
2024-01-16T18:00:00+05:30,Load_21,load,0.07823068236394198,0.023469204709182595,0.0,good,synthetic_demo_v1
2024-01-16T18:00:00+05:30,Load_22,load,0.027117529761700464,0.00813525892851014,0.0,good,synthetic_demo_v1
2024-01-16T18:00:00+05:30,Load_23,load,0.04363560701469813,0.013090682104409439,0.0,good,synthetic_demo_v1
2024-01-16T18:00:00+05:30,Load_24,load,0.05166652106054924,0.015499956318164771,0.0,good,synthetic_demo_v1
2024-01-16T18:00:00+05:30,Load_25,load,0.061373683549147906,0.01841210506474437,0.0,good,synthetic_demo_v1
2024-01-16T18:00:00+05:30,Load_26,load,0.09698567108488475,0.029095701325465424,0.0,good,synthetic_demo_v1
2024-01-16T18:00:00+05:30,Load_27,load,0.033629494791854425,0.010088848437556327,0.0,good,synthetic_demo_v1
2024-01-16T18:00:00+05:30,Load_28,load,0.06766755835399173,0.020300267506197518,0.0,good,synthetic_demo_v1
2024-01-16T18:00:00+05:30,Load_29,load,0.07612729480412334,0.022838188441237,0.0,good,synthetic_demo_v1
2024-01-16T18:00:00+05:30,Load_30,load,0.017049459480904014,0.005114837844271204,0.0,good,synthetic_demo_v1
2024-01-16T18:00:00+05:30,Load_31,load,0.07776451651499801,0.023329354954499403,0.0,good,synthetic_demo_v1
2024-01-16T18:00:00+05:30,Load_32,load,0.030475260757424866,0.00914257822722746,0.0,good,synthetic_demo_v1
2024-01-16T18:00:00+05:30,PV_5,pv,0.0,0.0,0.08670872072118312,good,synthetic_demo_v1
2024-01-16T18:00:00+05:30,PV_10,pv,0.0,0.0,0.11395971955892484,good,synthetic_demo_v1
2024-01-16T18:00:00+05:30,PV_17,pv,0.0,0.0,0.099118292350498,good,synthetic_demo_v1
2024-01-16T18:00:00+05:30,PV_24,pv,0.0,0.0,0.09461104670663407,good,synthetic_demo_v1
2024-01-16T18:00:00+05:30,PV_30,pv,0.0,0.0,0.05331094321536889,good,synthetic_demo_v1
2024-01-16T18:00:00+05:30,Battery_18,battery,0.0,0.0,0.0,good,synthetic_demo_v1
2024-01-16T19:00:00+05:30,Load_1,load,0.050754490666091244,0.015226347199827373,0.0,good,synthetic_demo_v1
2024-01-16T19:00:00+05:30,Load_2,load,0.11096936426413986,0.03329080927924196,0.0,good,synthetic_demo_v1
2024-01-16T19:00:00+05:30,Load_3,load,0.08811131301520465,0.026433393904561394,0.0,good,synthetic_demo_v1
2024-01-16T19:00:00+05:30,Load_4,load,0.07417667675468056,0.022253003026404167,0.0,good,synthetic_demo_v1
2024-01-16T19:00:00+05:30,Load_5,load,0.027917224636740047,0.008375167391022014,0.0,good,synthetic_demo_v1
2024-01-16T19:00:00+05:30,Load_6,load,0.027914703890098844,0.008374411167029652,0.0,good,synthetic_demo_v1
2024-01-16T19:00:00+05:30,Load_7,load,0.017682220230690937,0.005304666069207281,0.0,good,synthetic_demo_v1
2024-01-16T19:00:00+05:30,Load_8,load,0.10213444113372064,0.03064033234011619,0.0,good,synthetic_demo_v1
2024-01-16T19:00:00+05:30,Load_9,load,0.07443340379812666,0.022330021139437998,0.0,good,synthetic_demo_v1
2024-01-16T19:00:00+05:30,Load_10,load,0.08561133654702696,0.025683400964108087,0.0,good,synthetic_demo_v1
2024-01-16T19:00:00+05:30,Load_11,load,0.013763258410695197,0.004128977523208559,0.0,good,synthetic_demo_v1
2024-01-16T19:00:00+05:30,Load_12,load,0.11297545441197637,0.03389263632359291,0.0,good,synthetic_demo_v1
2024-01-16T19:00:00+05:30,Load_13,load,0.0986090163890744,0.02958270491672232,0.0,good,synthetic_demo_v1
2024-01-16T19:00:00+05:30,Load_14,load,0.0338031703619042,0.01014095110857126,0.0,good,synthetic_demo_v1
2024-01-16T19:00:00+05:30,Load_15,load,0.030614194993461352,0.009184258498038405,0.0,good,synthetic_demo_v1
2024-01-16T19:00:00+05:30,Load_16,load,0.030779270005228267,0.00923378100156848,0.0,good,synthetic_demo_v1
2024-01-16T19:00:00+05:30,Load_17,load,0.04340779273659207,0.013022337820977621,0.0,good,synthetic_demo_v1
2024-01-16T19:00:00+05:30,Load_18,load,0.06645331314366741,0.019935993943100222,0.0,good,synthetic_demo_v1
2024-01-16T19:00:00+05:30,Load_19,load,0.056753768071545016,0.017026130421463503,0.0,good,synthetic_demo_v1
2024-01-16T19:00:00+05:30,Load_20,load,0.042047818001839106,0.012614345400551731,0.0,good,synthetic_demo_v1
2024-01-16T19:00:00+05:30,Load_21,load,0.075555599620603,0.022666679886180898,0.0,good,synthetic_demo_v1
2024-01-16T19:00:00+05:30,Load_22,load,0.026190251183584135,0.00785707535507524,0.0,good,synthetic_demo_v1
2024-01-16T19:00:00+05:30,Load_23,load,0.04214349604502642,0.012643048813507926,0.0,good,synthetic_demo_v1
2024-01-16T19:00:00+05:30,Load_24,load,0.049899794570111004,0.0149699383710333,0.0,good,synthetic_demo_v1
2024-01-16T19:00:00+05:30,Load_25,load,0.059275022553278246,0.017782506765983475,0.0,good,synthetic_demo_v1
2024-01-16T19:00:00+05:30,Load_26,load,0.09366926520383483,0.02810077956115045,0.0,good,synthetic_demo_v1
2024-01-16T19:00:00+05:30,Load_27,load,0.03247954085477407,0.009743862256432222,0.0,good,synthetic_demo_v1
2024-01-16T19:00:00+05:30,Load_28,load,0.06535367955136887,0.01960610386541066,0.0,good,synthetic_demo_v1
2024-01-16T19:00:00+05:30,Load_29,load,0.07352413698325465,0.022057241094976393,0.0,good,synthetic_demo_v1
2024-01-16T19:00:00+05:30,Load_30,load,0.016466456578942298,0.004939936973682689,0.0,good,synthetic_demo_v1
2024-01-16T19:00:00+05:30,Load_31,load,0.07510537422085826,0.022531612266257477,0.0,good,synthetic_demo_v1
2024-01-16T19:00:00+05:30,Load_32,load,0.0294331652306125,0.008829949569183749,0.0,good,synthetic_demo_v1
2024-01-16T19:00:00+05:30,PV_5,pv,0.0,0.0,0.04109442647127122,good,synthetic_demo_v1
2024-01-16T19:00:00+05:30,PV_10,pv,0.0,0.0,0.06596409063713873,good,synthetic_demo_v1
2024-01-16T19:00:00+05:30,PV_17,pv,0.0,0.0,0.05113931268456557,good,synthetic_demo_v1
2024-01-16T19:00:00+05:30,PV_24,pv,0.0,0.0,0.06144313970358363,good,synthetic_demo_v1
2024-01-16T19:00:00+05:30,PV_30,pv,0.0,0.0,0.03797665317608017,good,synthetic_demo_v1
2024-01-16T19:00:00+05:30,Battery_18,battery,0.0,0.0,0.0,good,synthetic_demo_v1
2024-01-16T20:00:00+05:30,Load_1,load,0.04926375075422813,0.014779125226268439,0.0,good,synthetic_demo_v1
2024-01-16T20:00:00+05:30,Load_2,load,0.10771001798499083,0.032313005395497245,0.0,good,synthetic_demo_v1
2024-01-16T20:00:00+05:30,Load_3,load,0.08552334396508504,0.02565700318952551,0.0,good,synthetic_demo_v1
2024-01-16T20:00:00+05:30,Load_4,load,0.07199799007855859,0.021599397023567574,0.0,good,synthetic_demo_v1
2024-01-16T20:00:00+05:30,Load_5,load,0.027097251459031836,0.00812917543770955,0.0,good,synthetic_demo_v1
2024-01-16T20:00:00+05:30,Load_6,load,0.027094804750718602,0.00812844142521558,0.0,good,synthetic_demo_v1
2024-01-16T20:00:00+05:30,Load_7,load,0.017162865370021336,0.0051488596110064,0.0,good,synthetic_demo_v1
2024-01-16T20:00:00+05:30,Load_8,load,0.09913459056334359,0.029740377169003074,0.0,good,synthetic_demo_v1
2024-01-16T20:00:00+05:30,Load_9,load,0.07224717664144625,0.021674152992433877,0.0,good,synthetic_demo_v1
2024-01-16T20:00:00+05:30,Load_10,load,0.08309679577194116,0.024929038731582347,0.0,good,synthetic_demo_v1
2024-01-16T20:00:00+05:30,Load_11,load,0.01335900967603463,0.004007702902810388,0.0,good,synthetic_demo_v1
2024-01-16T20:00:00+05:30,Load_12,load,0.10965718608256286,0.032897155824768855,0.0,good,synthetic_demo_v1
2024-01-16T20:00:00+05:30,Load_13,load,0.09571271313646454,0.02871381394093936,0.0,good,synthetic_demo_v1
2024-01-16T20:00:00+05:30,Load_14,load,0.03281031762031093,0.009843095286093279,0.0,good,synthetic_demo_v1
2024-01-16T20:00:00+05:30,Load_15,load,0.029715007517685875,0.008914502255305762,0.0,good,synthetic_demo_v1
2024-01-16T20:00:00+05:30,Load_16,load,0.029875234014468937,0.008962570204340681,0.0,good,synthetic_demo_v1
2024-01-16T20:00:00+05:30,Load_17,load,0.042132836998309955,0.012639851099492986,0.0,good,synthetic_demo_v1
2024-01-16T20:00:00+05:30,Load_18,load,0.06450147390976516,0.019350442172929545,0.0,good,synthetic_demo_v1
2024-01-16T20:00:00+05:30,Load_19,load,0.05508681986454826,0.016526045959364476,0.0,good,synthetic_demo_v1
2024-01-16T20:00:00+05:30,Load_20,load,0.04081280687908982,0.012243842063726947,0.0,good,synthetic_demo_v1
2024-01-16T20:00:00+05:30,Load_21,load,0.0733364117922749,0.02200092353768247,0.0,good,synthetic_demo_v1
2024-01-16T20:00:00+05:30,Load_22,load,0.025421001956004493,0.007626300586801348,0.0,good,synthetic_demo_v1
2024-01-16T20:00:00+05:30,Load_23,load,0.04090567470635739,0.012271702411907217,0.0,good,synthetic_demo_v1
2024-01-16T20:00:00+05:30,Load_24,load,0.048434158438545365,0.014530247531563609,0.0,good,synthetic_demo_v1
2024-01-16T20:00:00+05:30,Load_25,load,0.0575340211022324,0.01726020633066972,0.0,good,synthetic_demo_v1
2024-01-16T20:00:00+05:30,Load_26,load,0.09091805028035344,0.02727541508410603,0.0,good,synthetic_demo_v1
2024-01-16T20:00:00+05:30,Load_27,load,0.03152556521171736,0.009457669563515207,0.0,good,synthetic_demo_v1
2024-01-16T20:00:00+05:30,Load_28,load,0.06343413830061947,0.019030241490185843,0.0,good,synthetic_demo_v1
2024-01-16T20:00:00+05:30,Load_29,load,0.07136461643546094,0.021409384930638282,0.0,good,synthetic_demo_v1
2024-01-16T20:00:00+05:30,Load_30,load,0.015982810625509648,0.004794843187652894,0.0,good,synthetic_demo_v1
2024-01-16T20:00:00+05:30,Load_31,load,0.07289941022679439,0.021869823068038315,0.0,good,synthetic_demo_v1
2024-01-16T20:00:00+05:30,Load_32,load,0.028568666472652358,0.008570599941795707,0.0,good,synthetic_demo_v1
2024-01-16T20:00:00+05:30,PV_5,pv,0.0,0.0,0.0,good,synthetic_demo_v1
2024-01-16T20:00:00+05:30,PV_10,pv,0.0,0.0,0.0,good,synthetic_demo_v1
2024-01-16T20:00:00+05:30,PV_17,pv,0.0,0.0,0.0,good,synthetic_demo_v1
2024-01-16T20:00:00+05:30,PV_24,pv,0.0,0.0,0.0,good,synthetic_demo_v1
2024-01-16T20:00:00+05:30,PV_30,pv,0.0,0.0,0.0,good,synthetic_demo_v1
2024-01-16T20:00:00+05:30,Battery_18,battery,0.0,0.0,0.0,good,synthetic_demo_v1
2024-01-16T21:00:00+05:30,Load_1,load,0.05274372056156338,0.015823116168469015,0.0,good,synthetic_demo_v1
2024-01-16T21:00:00+05:30,Load_2,load,0.11531860654750774,0.03459558196425232,0.0,good,synthetic_demo_v1
2024-01-16T21:00:00+05:30,Load_3,load,0.09156467557837678,0.02746940267351303,0.0,good,synthetic_demo_v1
2024-01-16T21:00:00+05:30,Load_4,load,0.07708389660874097,0.02312516898262229,0.0,good,synthetic_demo_v1
2024-01-16T21:00:00+05:30,Load_5,load,0.02901138945087178,0.008703416835261534,0.0,good,synthetic_demo_v1
2024-01-16T21:00:00+05:30,Load_6,load,0.02900876990815339,0.008702630972446017,0.0,good,synthetic_demo_v1
2024-01-16T21:00:00+05:30,Load_7,load,0.018375242673426474,0.005512572802027942,0.0,good,synthetic_demo_v1
2024-01-16T21:00:00+05:30,Load_8,load,0.10613741468333547,0.03184122440500064,0.0,good,synthetic_demo_v1
2024-01-16T21:00:00+05:30,Load_9,load,0.07735068560144706,0.02320520568043412,0.0,good,synthetic_demo_v1
2024-01-16T21:00:00+05:30,Load_10,load,0.08896671708214185,0.026690015124642554,0.0,good,synthetic_demo_v1
2024-01-16T21:00:00+05:30,Load_11,load,0.014302684276866965,0.004290805283060089,0.0,good,synthetic_demo_v1
2024-01-16T21:00:00+05:30,Load_12,load,0.11740332174788083,0.03522099652436425,0.0,good,synthetic_demo_v1
2024-01-16T21:00:00+05:30,Load_13,load,0.1024738173316105,0.030742145199483147,0.0,good,synthetic_demo_v1
2024-01-16T21:00:00+05:30,Load_14,load,0.03512802410712288,0.010538407232136863,0.0,good,synthetic_demo_v1
2024-01-16T21:00:00+05:30,Load_15,load,0.03181406265261004,0.00954421879578301,0.0,good,synthetic_demo_v1
2024-01-16T21:00:00+05:30,Load_16,load,0.03198560747904936,0.009595682243714808,0.0,good,synthetic_demo_v1
2024-01-16T21:00:00+05:30,Load_17,load,0.04510908217669626,0.013532724653008877,0.0,good,synthetic_demo_v1
2024-01-16T21:00:00+05:30,Load_18,load,0.06905782981645259,0.020717348944935775,0.0,good,synthetic_demo_v1
2024-01-16T21:00:00+05:30,Load_19,load,0.058978128727064996,0.0176934386181195,0.0,good,synthetic_demo_v1
2024-01-16T21:00:00+05:30,Load_20,load,0.04369580570718143,0.013108741712154428,0.0,good,synthetic_demo_v1
2024-01-16T21:00:00+05:30,Load_21,load,0.07851686384694347,0.023555059154083038,0.0,good,synthetic_demo_v1
2024-01-16T21:00:00+05:30,Load_22,load,0.027216730416073344,0.008165019124822002,0.0,good,synthetic_demo_v1
2024-01-16T21:00:00+05:30,Load_23,load,0.0437952336771506,0.01313857010314518,0.0,good,synthetic_demo_v1
2024-01-16T21:00:00+05:30,Load_24,load,0.05185552620753042,0.015556657862259127,0.0,good,synthetic_demo_v1
2024-01-16T21:00:00+05:30,Load_25,load,0.06159819918987372,0.018479459756962115,0.0,good,synthetic_demo_v1
2024-01-16T21:00:00+05:30,Load_26,load,0.09734046158833252,0.029202138476499755,0.0,good,synthetic_demo_v1
2024-01-16T21:00:00+05:30,Load_27,load,0.033752517350284256,0.010125755205085277,0.0,good,synthetic_demo_v1
2024-01-16T21:00:00+05:30,Load_28,load,0.06791509808668565,0.020374529426005695,0.0,good,synthetic_demo_v1
2024-01-16T21:00:00+05:30,Load_29,load,0.07640578172850655,0.022921734518551964,0.0,good,synthetic_demo_v1
2024-01-16T21:00:00+05:30,Load_30,load,0.01711182937787001,0.0051335488133610035,0.0,good,synthetic_demo_v1
2024-01-16T21:00:00+05:30,Load_31,load,0.07804899268200396,0.02341469780460119,0.0,good,synthetic_demo_v1
2024-01-16T21:00:00+05:30,Load_32,load,0.030586744577517894,0.009176023373255368,0.0,good,synthetic_demo_v1
2024-01-16T21:00:00+05:30,PV_5,pv,0.0,0.0,0.0,good,synthetic_demo_v1
2024-01-16T21:00:00+05:30,PV_10,pv,0.0,0.0,0.0,good,synthetic_demo_v1
2024-01-16T21:00:00+05:30,PV_17,pv,0.0,0.0,0.0,good,synthetic_demo_v1
2024-01-16T21:00:00+05:30,PV_24,pv,0.0,0.0,0.0,good,synthetic_demo_v1
2024-01-16T21:00:00+05:30,PV_30,pv,0.0,0.0,0.0,good,synthetic_demo_v1
2024-01-16T21:00:00+05:30,Battery_18,battery,0.0,0.0,0.0,good,synthetic_demo_v1
2024-01-16T22:00:00+05:30,Load_1,load,0.05170300164604337,0.01551090049381301,0.0,good,synthetic_demo_v1
2024-01-16T22:00:00+05:30,Load_2,load,0.11304318392150398,0.03391295517645119,0.0,good,synthetic_demo_v1
2024-01-16T22:00:00+05:30,Load_3,load,0.08975795643051837,0.02692738692915551,0.0,good,synthetic_demo_v1
2024-01-16T22:00:00+05:30,Load_4,load,0.07556290665148022,0.022668871995444064,0.0,good,synthetic_demo_v1
2024-01-16T22:00:00+05:30,Load_5,load,0.02843894781335403,0.008531684344006208,0.0,good,synthetic_demo_v1
2024-01-16T22:00:00+05:30,Load_6,load,0.02843637995845038,0.008530913987535114,0.0,good,synthetic_demo_v1
2024-01-16T22:00:00+05:30,Load_7,load,0.018012669414962764,0.005403800824488829,0.0,good,synthetic_demo_v1
2024-01-16T22:00:00+05:30,Load_8,load,0.10404315182267117,0.03121294554680135,0.0,good,synthetic_demo_v1
2024-01-16T22:00:00+05:30,Load_9,load,0.07582443146584988,0.022747329439754965,0.0,good,synthetic_demo_v1
2024-01-16T22:00:00+05:30,Load_10,load,0.0872112598574087,0.02616337795722261,0.0,good,synthetic_demo_v1
2024-01-16T22:00:00+05:30,Load_11,load,0.014020469182611867,0.00420614075478356,0.0,good,synthetic_demo_v1
2024-01-16T22:00:00+05:30,Load_12,load,0.11508676431911001,0.034526029295733,0.0,good,synthetic_demo_v1
2024-01-16T22:00:00+05:30,Load_13,load,0.10045184317227772,0.030135552951683315,0.0,good,synthetic_demo_v1
2024-01-16T22:00:00+05:30,Load_14,load,0.03443489137465942,0.010330467412397825,0.0,good,synthetic_demo_v1
2024-01-16T22:00:00+05:30,Load_15,load,0.03118631973971742,0.009355895921915226,0.0,good,synthetic_demo_v1
2024-01-16T22:00:00+05:30,Load_16,load,0.031354479709270765,0.009406343912781228,0.0,good,synthetic_demo_v1
2024-01-16T22:00:00+05:30,Load_17,load,0.044219007024939784,0.013265702107481936,0.0,good,synthetic_demo_v1
2024-01-16T22:00:00+05:30,Load_18,load,0.06769520713853862,0.020308562141561584,0.0,good,synthetic_demo_v1
2024-01-16T22:00:00+05:30,Load_19,load,0.05781439485477233,0.0173443184564317,0.0,good,synthetic_demo_v1
2024-01-16T22:00:00+05:30,Load_20,load,0.04283361678603257,0.01285008503580977,0.0,good,synthetic_demo_v1
2024-01-16T22:00:00+05:30,Load_21,load,0.0769675991283606,0.02309027973850818,0.0,good,synthetic_demo_v1
2024-01-16T22:00:00+05:30,Load_22,load,0.02667970030403271,0.008003910091209812,0.0,good,synthetic_demo_v1
2024-01-16T22:00:00+05:30,Load_23,load,0.0429310828813373,0.012879324864401189,0.0,good,synthetic_demo_v1
2024-01-16T22:00:00+05:30,Load_24,load,0.05083233280320034,0.015249699840960102,0.0,good,synthetic_demo_v1
2024-01-16T22:00:00+05:30,Load_25,load,0.0603827670895909,0.01811483012687727,0.0,good,synthetic_demo_v1
2024-01-16T22:00:00+05:30,Load_26,load,0.09541977684061581,0.028625933052184742,0.0,good,synthetic_demo_v1
2024-01-16T22:00:00+05:30,Load_27,load,0.03308652559090775,0.009925957677272326,0.0,good,synthetic_demo_v1
2024-01-16T22:00:00+05:30,Load_28,load,0.06657502335407912,0.019972507006223737,0.0,good,synthetic_demo_v1
2024-01-16T22:00:00+05:30,Load_29,load,0.07489817207463056,0.02246945162238917,0.0,good,synthetic_demo_v1
2024-01-16T22:00:00+05:30,Load_30,load,0.016774185307199763,0.005032255592159929,0.0,good,synthetic_demo_v1
2024-01-16T22:00:00+05:30,Load_31,load,0.07650895981825036,0.022952687945475107,0.0,good,synthetic_demo_v1
2024-01-16T22:00:00+05:30,Load_32,load,0.02998321863533778,0.008994965590601334,0.0,good,synthetic_demo_v1
2024-01-16T22:00:00+05:30,PV_5,pv,0.0,0.0,0.0,good,synthetic_demo_v1
2024-01-16T22:00:00+05:30,PV_10,pv,0.0,0.0,0.0,good,synthetic_demo_v1
2024-01-16T22:00:00+05:30,PV_17,pv,0.0,0.0,0.0,good,synthetic_demo_v1
2024-01-16T22:00:00+05:30,PV_24,pv,0.0,0.0,0.0,good,synthetic_demo_v1
2024-01-16T22:00:00+05:30,PV_30,pv,0.0,0.0,0.0,good,synthetic_demo_v1
2024-01-16T22:00:00+05:30,Battery_18,battery,0.0,0.0,0.0,good,synthetic_demo_v1
2024-01-16T23:00:00+05:30,Load_1,load,0.034281541843016856,0.010284462552905056,0.0,good,synthetic_demo_v1
2024-01-16T23:00:00+05:30,Load_2,load,0.07495299143757643,0.02248589743127293,0.0,good,synthetic_demo_v1
2024-01-16T23:00:00+05:30,Load_3,load,0.059513781427658626,0.017854134428297586,0.0,good,synthetic_demo_v1
2024-01-16T23:00:00+05:30,Load_4,load,0.0501017902961719,0.015030537088851569,0.0,good,synthetic_demo_v1
2024-01-16T23:00:00+05:30,Load_5,load,0.018856370972602447,0.005656911291780734,0.0,good,synthetic_demo_v1
2024-01-16T23:00:00+05:30,Load_6,load,0.01885466836303388,0.005656400508910164,0.0,good,synthetic_demo_v1
2024-01-16T23:00:00+05:30,Load_7,load,0.011943253981284681,0.0035829761943854043,0.0,good,synthetic_demo_v1
2024-01-16T23:00:00+05:30,Load_8,load,0.06898554337533722,0.020695663012601163,0.0,good,synthetic_demo_v1
2024-01-16T23:00:00+05:30,Load_9,load,0.05027519364958218,0.015082558094874654,0.0,good,synthetic_demo_v1
2024-01-16T23:00:00+05:30,Load_10,load,0.05782520083556436,0.017347560250669306,0.0,good,synthetic_demo_v1
2024-01-16T23:00:00+05:30,Load_11,load,0.009296235917459907,0.002788870775237972,0.0,good,synthetic_demo_v1
2024-01-16T23:00:00+05:30,Load_12,load,0.07630798214758798,0.022892394644276393,0.0,good,synthetic_demo_v1
2024-01-16T23:00:00+05:30,Load_13,load,0.06660433544059302,0.019981300632177904,0.0,good,synthetic_demo_v1
2024-01-16T23:00:00+05:30,Load_14,load,0.02283196588085258,0.006849589764255774,0.0,good,synthetic_demo_v1
2024-01-16T23:00:00+05:30,Load_15,load,0.020678008839911142,0.006203402651973343,0.0,good,synthetic_demo_v1
2024-01-16T23:00:00+05:30,Load_16,load,0.02078950687385565,0.006236852062156695,0.0,good,synthetic_demo_v1
2024-01-16T23:00:00+05:30,Load_17,load,0.029319298518873032,0.008795789555661909,0.0,good,synthetic_demo_v1
2024-01-16T23:00:00+05:30,Load_18,load,0.044885132433488004,0.0134655397300464,0.0,good,synthetic_demo_v1
2024-01-16T23:00:00+05:30,Load_19,load,0.03833368534212071,0.011500105602636214,0.0,good,synthetic_demo_v1
2024-01-16T23:00:00+05:30,Load_20,load,0.028400719095396966,0.00852021572861909,0.0,good,synthetic_demo_v1
2024-01-16T23:00:00+05:30,Load_21,load,0.05103316801873457,0.015309950405620372,0.0,good,synthetic_demo_v1
2024-01-16T23:00:00+05:30,Load_22,load,0.01768990645056367,0.005306971935169102,0.0,good,synthetic_demo_v1
2024-01-16T23:00:00+05:30,Load_23,load,0.028465343738417477,0.008539603121525243,0.0,good,synthetic_demo_v1
2024-01-16T23:00:00+05:30,Load_24,load,0.033704247113173665,0.0101112741339521,0.0,good,synthetic_demo_v1
2024-01-16T23:00:00+05:30,Load_25,load,0.04003663792578591,0.012010991377735774,0.0,good,synthetic_demo_v1
2024-01-16T23:00:00+05:30,Load_26,load,0.06326783684256809,0.018980351052770426,0.0,good,synthetic_demo_v1
2024-01-16T23:00:00+05:30,Load_27,load,0.021937935426840974,0.006581380628052292,0.0,good,synthetic_demo_v1
2024-01-16T23:00:00+05:30,Load_28,load,0.044142397465377,0.0132427192396131,0.0,good,synthetic_demo_v1
2024-01-16T23:00:00+05:30,Load_29,load,0.04966103975006671,0.014898311925020011,0.0,good,synthetic_demo_v1
2024-01-16T23:00:00+05:30,Load_30,load,0.011122080289032757,0.003336624086709827,0.0,good,synthetic_demo_v1
2024-01-16T23:00:00+05:30,Load_31,load,0.05072906840749663,0.015218720522248989,0.0,good,synthetic_demo_v1
2024-01-16T23:00:00+05:30,Load_32,load,0.01988029575676123,0.005964088727028368,0.0,good,synthetic_demo_v1
2024-01-16T23:00:00+05:30,PV_5,pv,0.0,0.0,0.0,good,synthetic_demo_v1
2024-01-16T23:00:00+05:30,PV_10,pv,0.0,0.0,0.0,good,synthetic_demo_v1
2024-01-16T23:00:00+05:30,PV_17,pv,0.0,0.0,0.0,good,synthetic_demo_v1
2024-01-16T23:00:00+05:30,PV_24,pv,0.0,0.0,0.0,good,synthetic_demo_v1
2024-01-16T23:00:00+05:30,PV_30,pv,0.0,0.0,0.0,good,synthetic_demo_v1
2024-01-16T23:00:00+05:30,Battery_18,battery,0.0,0.0,0.0,good,synthetic_demo_v1
2024-01-17T00:00:00+05:30,Load_1,load,0.036295886785967374,0.010888766035790212,0.0,good,synthetic_demo_v1
2024-01-17T00:00:00+05:30,Load_2,load,0.07935714513499978,0.023807143540499932,0.0,good,synthetic_demo_v1
2024-01-17T00:00:00+05:30,Load_3,load,0.0630107444640247,0.01890322333920741,0.0,good,synthetic_demo_v1
2024-01-17T00:00:00+05:30,Load_4,load,0.05304571529166971,0.01591371458750091,0.0,good,synthetic_demo_v1
2024-01-17T00:00:00+05:30,Load_5,load,0.019964350178584337,0.005989305053575301,0.0,good,synthetic_demo_v1
2024-01-17T00:00:00+05:30,Load_6,load,0.019962547525587442,0.0059887642576762325,0.0,good,synthetic_demo_v1
2024-01-17T00:00:00+05:30,Load_7,load,0.012645026187731546,0.0037935078563194635,0.0,good,synthetic_demo_v1
2024-01-17T00:00:00+05:30,Load_8,load,0.07303905651868234,0.0219117169556047,0.0,good,synthetic_demo_v1
2024-01-17T00:00:00+05:30,Load_9,load,0.05322930763160901,0.015968792289482704,0.0,good,synthetic_demo_v1
2024-01-17T00:00:00+05:30,Load_10,load,0.061222944770525214,0.018366883431157565,0.0,good,synthetic_demo_v1
2024-01-17T00:00:00+05:30,Load_11,load,0.009842472311801803,0.0029527416935405406,0.0,good,synthetic_demo_v1
2024-01-17T00:00:00+05:30,Load_12,load,0.08079175357915394,0.02423752607374618,0.0,good,synthetic_demo_v1
2024-01-17T00:00:00+05:30,Load_13,load,0.07051793147684213,0.021155379443052638,0.0,good,synthetic_demo_v1
2024-01-17T00:00:00+05:30,Load_14,load,0.024173546583970303,0.007252063975191091,0.0,good,synthetic_demo_v1
2024-01-17T00:00:00+05:30,Load_15,load,0.021893025443531198,0.006567907633059359,0.0,good,synthetic_demo_v1
2024-01-17T00:00:00+05:30,Load_16,load,0.02201107497687598,0.006603322493062795,0.0,good,synthetic_demo_v1
2024-01-17T00:00:00+05:30,Load_17,load,0.031042067610554915,0.009312620283166474,0.0,good,synthetic_demo_v1
2024-01-17T00:00:00+05:30,Load_18,load,0.047522532464825226,0.014256759739447566,0.0,good,synthetic_demo_v1
2024-01-17T00:00:00+05:30,Load_19,load,0.0405861296915363,0.012175838907460889,0.0,good,synthetic_demo_v1
2024-01-17T00:00:00+05:30,Load_20,load,0.030069513490583268,0.00902085404717498,0.0,good,synthetic_demo_v1
2024-01-17T00:00:00+05:30,Load_21,load,0.054031819724425646,0.016209545917327692,0.0,good,synthetic_demo_v1
2024-01-17T00:00:00+05:30,Load_22,load,0.018729345509726623,0.0056188036529179865,0.0,good,synthetic_demo_v1
2024-01-17T00:00:00+05:30,Load_23,load,0.030137935405134167,0.00904138062154025,0.0,good,synthetic_demo_v1
2024-01-17T00:00:00+05:30,Load_24,load,0.03568467086538613,0.010705401259615839,0.0,good,synthetic_demo_v1
2024-01-17T00:00:00+05:30,Load_25,load,0.04238914585870947,0.01271674375761284,0.0,good,synthetic_demo_v1
2024-01-17T00:00:00+05:30,Load_26,load,0.06698538396395598,0.020095615189186792,0.0,good,synthetic_demo_v1
2024-01-17T00:00:00+05:30,Load_27,load,0.023226983903370736,0.0069680951710112205,0.0,good,synthetic_demo_v1
2024-01-17T00:00:00+05:30,Load_28,load,0.04673615522316019,0.014020846566948058,0.0,good,synthetic_demo_v1
2024-01-17T00:00:00+05:30,Load_29,load,0.052579066737892775,0.015773720021367833,0.0,good,synthetic_demo_v1
2024-01-17T00:00:00+05:30,Load_30,load,0.011775601250484683,0.003532680375145405,0.0,good,synthetic_demo_v1
2024-01-17T00:00:00+05:30,Load_31,load,0.053709851561158865,0.016112955468347658,0.0,good,synthetic_demo_v1
2024-01-17T00:00:00+05:30,Load_32,load,0.021048439634459952,0.006314531890337986,0.0,good,synthetic_demo_v1
2024-01-17T00:00:00+05:30,PV_5,pv,0.0,0.0,0.0,good,synthetic_demo_v1
2024-01-17T00:00:00+05:30,PV_10,pv,0.0,0.0,0.0,good,synthetic_demo_v1
2024-01-17T00:00:00+05:30,PV_17,pv,0.0,0.0,0.0,good,synthetic_demo_v1
2024-01-17T00:00:00+05:30,PV_24,pv,0.0,0.0,0.0,good,synthetic_demo_v1
2024-01-17T00:00:00+05:30,PV_30,pv,0.0,0.0,0.0,good,synthetic_demo_v1
2024-01-17T00:00:00+05:30,Battery_18,battery,0.0,0.0,0.0,good,synthetic_demo_v1
2024-01-17T01:00:00+05:30,Load_1,load,0.034224538576825385,0.010267361573047615,0.0,good,synthetic_demo_v1
2024-01-17T01:00:00+05:30,Load_2,load,0.07482835978179128,0.022448507934537384,0.0,good,synthetic_demo_v1
2024-01-17T01:00:00+05:30,Load_3,load,0.059414822053534884,0.017824446616060464,0.0,good,synthetic_demo_v1
2024-01-17T01:00:00+05:30,Load_4,load,0.05001848115850242,0.015005544347550727,0.0,good,synthetic_demo_v1
2024-01-17T01:00:00+05:30,Load_5,load,0.018825016643824636,0.005647504993147391,0.0,good,synthetic_demo_v1
2024-01-17T01:00:00+05:30,Load_6,load,0.018823316865351204,0.005646995059605361,0.0,good,synthetic_demo_v1
2024-01-17T01:00:00+05:30,Load_7,load,0.011923394766987814,0.003577018430096344,0.0,good,synthetic_demo_v1
2024-01-17T01:00:00+05:30,Load_8,load,0.06887083437798831,0.020661250313396492,0.0,good,synthetic_demo_v1
2024-01-17T01:00:00+05:30,Load_9,load,0.05019159617722933,0.015057478853168799,0.0,good,synthetic_demo_v1
2024-01-17T01:00:00+05:30,Load_10,load,0.05772904922923058,0.017318714768769176,0.0,good,synthetic_demo_v1
2024-01-17T01:00:00+05:30,Load_11,load,0.009280778158500048,0.0027842334475500145,0.0,good,synthetic_demo_v1
2024-01-17T01:00:00+05:30,Load_12,load,0.0761810974164749,0.02285432922494247,0.0,good,synthetic_demo_v1
2024-01-17T01:00:00+05:30,Load_13,load,0.06649358591013106,0.01994807577303932,0.0,good,synthetic_demo_v1
2024-01-17T01:00:00+05:30,Load_14,load,0.02279400094232267,0.006838200282696801,0.0,good,synthetic_demo_v1
2024-01-17T01:00:00+05:30,Load_15,load,0.020643625496022805,0.0061930876488068415,0.0,good,synthetic_demo_v1
2024-01-17T01:00:00+05:30,Load_16,load,0.020754938131301817,0.006226481439390545,0.0,good,synthetic_demo_v1
2024-01-17T01:00:00+05:30,Load_17,load,0.029270546459071532,0.00878116393772146,0.0,good,synthetic_demo_v1
2024-01-17T01:00:00+05:30,Load_18,load,0.044810497542097705,0.01344314926262931,0.0,good,synthetic_demo_v1
2024-01-17T01:00:00+05:30,Load_19,load,0.03826994418136245,0.011480983254408736,0.0,good,synthetic_demo_v1
2024-01-17T01:00:00+05:30,Load_20,load,0.028353494447274735,0.00850604833418242,0.0,good,synthetic_demo_v1
2024-01-17T01:00:00+05:30,Load_21,load,0.050948310188404566,0.015284493056521369,0.0,good,synthetic_demo_v1
2024-01-17T01:00:00+05:30,Load_22,load,0.01766049171621709,0.005298147514865127,0.0,good,synthetic_demo_v1
2024-01-17T01:00:00+05:30,Load_23,load,0.028418011632592628,0.008525403489777789,0.0,good,synthetic_demo_v1
2024-01-17T01:00:00+05:30,Load_24,load,0.03364820377128511,0.010094461131385532,0.0,good,synthetic_demo_v1
2024-01-17T01:00:00+05:30,Load_25,load,0.03997006509952432,0.011991019529857296,0.0,good,synthetic_demo_v1
2024-01-17T01:00:00+05:30,Load_26,load,0.06316263523403455,0.018948790570210365,0.0,good,synthetic_demo_v1
2024-01-17T01:00:00+05:30,Load_27,load,0.021901457080022328,0.006570437124006698,0.0,good,synthetic_demo_v1
2024-01-17T01:00:00+05:30,Load_28,load,0.04406899759192408,0.013220699277577222,0.0,good,synthetic_demo_v1
2024-01-17T01:00:00+05:30,Load_29,load,0.049578463491356375,0.014873539047406912,0.0,good,synthetic_demo_v1
2024-01-17T01:00:00+05:30,Load_30,load,0.011103586520397094,0.003331075956119128,0.0,good,synthetic_demo_v1
2024-01-17T01:00:00+05:30,Load_31,load,0.050644716233276474,0.015193414869982942,0.0,good,synthetic_demo_v1
2024-01-17T01:00:00+05:30,Load_32,load,0.01984723884828911,0.0059541716544867325,0.0,good,synthetic_demo_v1
2024-01-17T01:00:00+05:30,PV_5,pv,0.0,0.0,0.0,good,synthetic_demo_v1
2024-01-17T01:00:00+05:30,PV_10,pv,0.0,0.0,0.0,good,synthetic_demo_v1
2024-01-17T01:00:00+05:30,PV_17,pv,0.0,0.0,0.0,good,synthetic_demo_v1
2024-01-17T01:00:00+05:30,PV_24,pv,0.0,0.0,0.0,good,synthetic_demo_v1
2024-01-17T01:00:00+05:30,PV_30,pv,0.0,0.0,0.0,good,synthetic_demo_v1
2024-01-17T01:00:00+05:30,Battery_18,battery,0.0,0.0,0.0,good,synthetic_demo_v1
2024-01-17T02:00:00+05:30,Load_1,load,0.017350971442462833,0.00520529143273885,0.0,good,synthetic_demo_v1
2024-01-17T02:00:00+05:30,Load_2,load,0.03793607708532699,0.011380823125598096,0.0,good,synthetic_demo_v1
2024-01-17T02:00:00+05:30,Load_3,load,0.030121805101791962,0.009036541530537588,0.0,good,synthetic_demo_v1
2024-01-17T02:00:00+05:30,Load_4,load,0.025358099020923106,0.007607429706276932,0.0,good,synthetic_demo_v1
2024-01-17T02:00:00+05:30,Load_5,load,0.009543805110993163,0.002863141533297949,0.0,good,synthetic_demo_v1
2024-01-17T02:00:00+05:30,Load_6,load,0.009542943366497037,0.002862883009949111,0.0,good,synthetic_demo_v1
2024-01-17T02:00:00+05:30,Load_7,load,0.006044858183692318,0.0018134574551076951,0.0,good,synthetic_demo_v1
2024-01-17T02:00:00+05:30,Load_8,load,0.03491576308117773,0.010474728924353317,0.0,good,synthetic_demo_v1
2024-01-17T02:00:00+05:30,Load_9,load,0.025445863936714427,0.007633759181014328,0.0,good,synthetic_demo_v1
2024-01-17T02:00:00+05:30,Load_10,load,0.029267161113902235,0.00878014833417067,0.0,good,synthetic_demo_v1
2024-01-17T02:00:00+05:30,Load_11,load,0.004705118709796323,0.0014115356129388967,0.0,good,synthetic_demo_v1
2024-01-17T02:00:00+05:30,Load_12,load,0.038621880694215766,0.011586564208264729,0.0,good,synthetic_demo_v1
2024-01-17T02:00:00+05:30,Load_13,load,0.03371055851180598,0.010113167553541793,0.0,good,synthetic_demo_v1
2024-01-17T02:00:00+05:30,Load_14,load,0.011555979301866085,0.0034667937905598256,0.0,good,synthetic_demo_v1
2024-01-17T02:00:00+05:30,Load_15,load,0.010465793589776255,0.0031397380769328763,0.0,good,synthetic_demo_v1
2024-01-17T02:00:00+05:30,Load_16,load,0.01052222626750472,0.003156667880251416,0.0,good,synthetic_demo_v1
2024-01-17T02:00:00+05:30,Load_17,load,0.014839423315425782,0.004451826994627734,0.0,good,synthetic_demo_v1
2024-01-17T02:00:00+05:30,Load_18,load,0.02271778365777484,0.006815335097332452,0.0,good,synthetic_demo_v1
2024-01-17T02:00:00+05:30,Load_19,load,0.019401889293698113,0.005820566788109434,0.0,good,synthetic_demo_v1
2024-01-17T02:00:00+05:30,Load_20,load,0.014374501246944962,0.0043123503740834885,0.0,good,synthetic_demo_v1
2024-01-17T02:00:00+05:30,Load_21,load,0.025829498712930332,0.007748849613879099,0.0,good,synthetic_demo_v1
2024-01-17T02:00:00+05:30,Load_22,load,0.0089534205622695,0.00268602616868085,0.0,good,synthetic_demo_v1
2024-01-17T02:00:00+05:30,Load_23,load,0.014407209820575136,0.0043221629461725405,0.0,good,synthetic_demo_v1
2024-01-17T02:00:00+05:30,Load_24,load,0.017058784340223912,0.005117635302067173,0.0,good,synthetic_demo_v1
2024-01-17T02:00:00+05:30,Load_25,load,0.020263807400600943,0.006079142220180283,0.0,good,synthetic_demo_v1
2024-01-17T02:00:00+05:30,Load_26,load,0.03202185115560694,0.009606555346682082,0.0,good,synthetic_demo_v1
2024-01-17T02:00:00+05:30,Load_27,load,0.011103482242449041,0.003331044672734712,0.0,good,synthetic_demo_v1
2024-01-17T02:00:00+05:30,Load_28,load,0.02234186202391059,0.006702558607173176,0.0,good,synthetic_demo_v1
2024-01-17T02:00:00+05:30,Load_29,load,0.025135021244149222,0.0075405063732447665,0.0,good,synthetic_demo_v1
2024-01-17T02:00:00+05:30,Load_30,load,0.0056292362332908295,0.0016887708699872487,0.0,good,synthetic_demo_v1
2024-01-17T02:00:00+05:30,Load_31,load,0.02567558429174077,0.007702675287522231,0.0,good,synthetic_demo_v1
2024-01-17T02:00:00+05:30,Load_32,load,0.010062045794872668,0.0030186137384618002,0.0,good,synthetic_demo_v1
2024-01-17T02:00:00+05:30,PV_5,pv,0.0,0.0,0.0,good,synthetic_demo_v1
2024-01-17T02:00:00+05:30,PV_10,pv,0.0,0.0,0.0,good,synthetic_demo_v1
2024-01-17T02:00:00+05:30,PV_17,pv,0.0,0.0,0.0,good,synthetic_demo_v1
2024-01-17T02:00:00+05:30,PV_24,pv,0.0,0.0,0.0,good,synthetic_demo_v1
2024-01-17T02:00:00+05:30,PV_30,pv,0.0,0.0,0.0,good,synthetic_demo_v1
2024-01-17T02:00:00+05:30,Battery_18,battery,0.0,0.0,0.0,good,synthetic_demo_v1
2024-01-17T03:00:00+05:30,Load_1,load,0.01682897784649891,0.005048693353949673,0.0,good,synthetic_demo_v1
2024-01-17T03:00:00+05:30,Load_2,load,0.036794792900738206,0.01103843787022146,0.0,good,synthetic_demo_v1
2024-01-17T03:00:00+05:30,Load_3,load,0.029215608615090982,0.008764682584527294,0.0,good,synthetic_demo_v1
2024-01-17T03:00:00+05:30,Load_4,load,0.024595215781870176,0.007378564734561052,0.0,good,synthetic_demo_v1
2024-01-17T03:00:00+05:30,Load_5,load,0.009256685443625474,0.002777005633087642,0.0,good,synthetic_demo_v1
2024-01-17T03:00:00+05:30,Load_6,load,0.009255849624196993,0.0027767548872590976,0.0,good,synthetic_demo_v1
2024-01-17T03:00:00+05:30,Load_7,load,0.005863002241455252,0.0017589006724365755,0.0,good,synthetic_demo_v1
2024-01-17T03:00:00+05:30,Load_8,load,0.033865343236559424,0.010159602970967827,0.0,good,synthetic_demo_v1
2024-01-17T03:00:00+05:30,Load_9,load,0.02468034034267358,0.007404102102802073,0.0,good,synthetic_demo_v1
2024-01-17T03:00:00+05:30,Load_10,load,0.028386676080302705,0.008516002824090811,0.0,good,synthetic_demo_v1
2024-01-17T03:00:00+05:30,Load_11,load,0.004563568028158229,0.0013690704084474686,0.0,good,synthetic_demo_v1
2024-01-17T03:00:00+05:30,Load_12,load,0.03745996451832229,0.011237989355496688,0.0,good,synthetic_demo_v1
2024-01-17T03:00:00+05:30,Load_13,load,0.03269639652566694,0.009808918957700082,0.0,good,synthetic_demo_v1
2024-01-17T03:00:00+05:30,Load_14,load,0.011208324577710217,0.003362497373313065,0.0,good,synthetic_demo_v1
2024-01-17T03:00:00+05:30,Load_15,load,0.010150936450586125,0.0030452809351758374,0.0,good,synthetic_demo_v1
2024-01-17T03:00:00+05:30,Load_16,load,0.010205671384964886,0.0030617014154894658,0.0,good,synthetic_demo_v1
2024-01-17T03:00:00+05:30,Load_17,load,0.01439298814237875,0.004317896442713625,0.0,good,synthetic_demo_v1
2024-01-17T03:00:00+05:30,Load_18,load,0.022034332726904703,0.006610299818071411,0.0,good,synthetic_demo_v1
2024-01-17T03:00:00+05:30,Load_19,load,0.018818195061101654,0.0056454585183304965,0.0,good,synthetic_demo_v1
2024-01-17T03:00:00+05:30,Load_20,load,0.013942052976197553,0.0041826158928592655,0.0,good,synthetic_demo_v1
2024-01-17T03:00:00+05:30,Load_21,load,0.025052433696149103,0.00751573010884473,0.0,good,synthetic_demo_v1
2024-01-17T03:00:00+05:30,Load_22,load,0.008684062260864042,0.0026052186782592125,0.0,good,synthetic_demo_v1
2024-01-17T03:00:00+05:30,Load_23,load,0.013973777531957336,0.0041921332595872005,0.0,good,synthetic_demo_v1
2024-01-17T03:00:00+05:30,Load_24,load,0.016545581018435573,0.0049636743055306715,0.0,good,synthetic_demo_v1
2024-01-17T03:00:00+05:30,Load_25,load,0.019654182877384123,0.005896254863215236,0.0,good,synthetic_demo_v1
2024-01-17T03:00:00+05:30,Load_26,load,0.031058492920042684,0.009317547876012805,0.0,good,synthetic_demo_v1
2024-01-17T03:00:00+05:30,Load_27,load,0.010769440621628134,0.00323083218648844,0.0,good,synthetic_demo_v1
2024-01-17T03:00:00+05:30,Load_28,load,0.021669720470507425,0.006500916141152227,0.0,good,synthetic_demo_v1
2024-01-17T03:00:00+05:30,Load_29,load,0.024378849166558577,0.007313654749967573,0.0,good,synthetic_demo_v1
2024-01-17T03:00:00+05:30,Load_30,load,0.005459884028793811,0.0016379652086381433,0.0,good,synthetic_demo_v1
2024-01-17T03:00:00+05:30,Load_31,load,0.024903149698244708,0.007470944909473412,0.0,good,synthetic_demo_v1
2024-01-17T03:00:00+05:30,Load_32,load,0.009759335166557914,0.002927800549967374,0.0,good,synthetic_demo_v1
2024-01-17T03:00:00+05:30,PV_5,pv,0.0,0.0,0.0,good,synthetic_demo_v1
2024-01-17T03:00:00+05:30,PV_10,pv,0.0,0.0,0.0,good,synthetic_demo_v1
2024-01-17T03:00:00+05:30,PV_17,pv,0.0,0.0,0.0,good,synthetic_demo_v1
2024-01-17T03:00:00+05:30,PV_24,pv,0.0,0.0,0.0,good,synthetic_demo_v1
2024-01-17T03:00:00+05:30,PV_30,pv,0.0,0.0,0.0,good,synthetic_demo_v1
2024-01-17T03:00:00+05:30,Battery_18,battery,0.0,0.0,0.0,good,synthetic_demo_v1
2024-01-17T04:00:00+05:30,Load_1,load,0.017587851751374704,0.0052763555254124106,0.0,good,synthetic_demo_v1
2024-01-17T04:00:00+05:30,Load_2,load,0.03845399100667001,0.011536197302001004,0.0,good,synthetic_demo_v1
2024-01-17T04:00:00+05:30,Load_3,load,0.030533036399195492,0.009159910919758648,0.0,good,synthetic_demo_v1
2024-01-17T04:00:00+05:30,Load_4,load,0.025704294872228212,0.007711288461668463,0.0,good,synthetic_demo_v1
2024-01-17T04:00:00+05:30,Load_5,load,0.009674099804312412,0.0029022299412937236,0.0,good,synthetic_demo_v1
2024-01-17T04:00:00+05:30,Load_6,load,0.009673226295039708,0.002901967888511912,0.0,good,synthetic_demo_v1
2024-01-17T04:00:00+05:30,Load_7,load,0.006127384276172487,0.0018382152828517462,0.0,good,synthetic_demo_v1
2024-01-17T04:00:00+05:30,Load_8,load,0.035392442832048725,0.010617732849614618,0.0,good,synthetic_demo_v1
2024-01-17T04:00:00+05:30,Load_9,load,0.025793257979165964,0.007737977393749789,0.0,good,synthetic_demo_v1
2024-01-17T04:00:00+05:30,Load_10,load,0.02966672457284886,0.008900017371854658,0.0,good,synthetic_demo_v1
2024-01-17T04:00:00+05:30,Load_11,load,0.004769354304739206,0.0014308062914217617,0.0,good,synthetic_demo_v1
2024-01-17T04:00:00+05:30,Load_12,load,0.039149157397998104,0.01174474721939943,0.0,good,synthetic_demo_v1
2024-01-17T04:00:00+05:30,Load_13,load,0.03417078447323692,0.010251235341971076,0.0,good,synthetic_demo_v1
2024-01-17T04:00:00+05:30,Load_14,load,0.011713744759315116,0.0035141234277945347,0.0,good,synthetic_demo_v1
2024-01-17T04:00:00+05:30,Load_15,load,0.010608675527353935,0.00318260265820618,0.0,good,synthetic_demo_v1
2024-01-17T04:00:00+05:30,Load_16,load,0.01066587863976252,0.0031997635919287556,0.0,good,synthetic_demo_v1
2024-01-17T04:00:00+05:30,Load_17,load,0.015042015267737423,0.004512604580321227,0.0,good,synthetic_demo_v1
2024-01-17T04:00:00+05:30,Load_18,load,0.02302793318620279,0.006908379955860837,0.0,good,synthetic_demo_v1
2024-01-17T04:00:00+05:30,Load_19,load,0.019666769306013594,0.005900030791804078,0.0,good,synthetic_demo_v1
2024-01-17T04:00:00+05:30,Load_20,load,0.014570745953307469,0.0043712237859922405,0.0,good,synthetic_demo_v1
2024-01-17T04:00:00+05:30,Load_21,load,0.0261821302445104,0.007854639073353119,0.0,good,synthetic_demo_v1
2024-01-17T04:00:00+05:30,Load_22,load,0.009075655160812948,0.0027226965482438845,0.0,good,synthetic_demo_v1
2024-01-17T04:00:00+05:30,Load_23,load,0.014603901073521578,0.004381170322056474,0.0,good,synthetic_demo_v1
2024-01-17T04:00:00+05:30,Load_24,load,0.017291675629197163,0.005187502688759149,0.0,good,synthetic_demo_v1
2024-01-17T04:00:00+05:30,Load_25,load,0.02054045455967803,0.006162136367903409,0.0,good,synthetic_demo_v1
2024-01-17T04:00:00+05:30,Load_26,load,0.03245902241249153,0.009737706723747458,0.0,good,synthetic_demo_v1
2024-01-17T04:00:00+05:30,Load_27,load,0.01125507008364345,0.0033765210250930352,0.0,good,synthetic_demo_v1
2024-01-17T04:00:00+05:30,Load_28,load,0.022646879365183968,0.006794063809555191,0.0,good,synthetic_demo_v1
2024-01-17T04:00:00+05:30,Load_29,load,0.025478171575331793,0.0076434514725995375,0.0,good,synthetic_demo_v1
2024-01-17T04:00:00+05:30,Load_30,load,0.005706088138805265,0.0017118264416415795,0.0,good,synthetic_demo_v1
2024-01-17T04:00:00+05:30,Load_31,load,0.026026114540648668,0.0078078343621946,0.0,good,synthetic_demo_v1
2024-01-17T04:00:00+05:30,Load_32,load,0.010199415654772368,0.0030598246964317105,0.0,good,synthetic_demo_v1
2024-01-17T04:00:00+05:30,PV_5,pv,0.0,0.0,0.0,good,synthetic_demo_v1
2024-01-17T04:00:00+05:30,PV_10,pv,0.0,0.0,0.0,good,synthetic_demo_v1
2024-01-17T04:00:00+05:30,PV_17,pv,0.0,0.0,0.0,good,synthetic_demo_v1
2024-01-17T04:00:00+05:30,PV_24,pv,0.0,0.0,0.0,good,synthetic_demo_v1
2024-01-17T04:00:00+05:30,PV_30,pv,0.0,0.0,0.0,good,synthetic_demo_v1
2024-01-17T04:00:00+05:30,Battery_18,battery,0.0,0.0,0.0,good,synthetic_demo_v1
2024-01-17T05:00:00+05:30,Load_1,load,0.017168628528700332,0.005150588558610099,0.0,good,synthetic_demo_v1
2024-01-17T05:00:00+05:30,Load_2,load,0.037537403451669296,0.011261221035500788,0.0,good,synthetic_demo_v1
2024-01-17T05:00:00+05:30,Load_3,load,0.029805252352670075,0.008941575705801022,0.0,good,synthetic_demo_v1
2024-01-17T05:00:00+05:30,Load_4,load,0.025091608485895353,0.007527482545768606,0.0,good,synthetic_demo_v1
2024-01-17T05:00:00+05:30,Load_5,load,0.009443508407832146,0.002833052522349644,0.0,good,synthetic_demo_v1
2024-01-17T05:00:00+05:30,Load_6,load,0.009442655719486154,0.002832796715845846,0.0,good,synthetic_demo_v1
2024-01-17T05:00:00+05:30,Load_7,load,0.0059813322273416505,0.001794399668202495,0.0,good,synthetic_demo_v1
2024-01-17T05:00:00+05:30,Load_8,load,0.034548830198049225,0.010364649059414767,0.0,good,synthetic_demo_v1
2024-01-17T05:00:00+05:30,Load_9,load,0.025178451072321743,0.007553535321696523,0.0,good,synthetic_demo_v1
2024-01-17T05:00:00+05:30,Load_10,load,0.028959589895036345,0.008687876968510902,0.0,good,synthetic_demo_v1
2024-01-17T05:00:00+05:30,Load_11,load,0.004655672195634984,0.0013967016586904954,0.0,good,synthetic_demo_v1
2024-01-17T05:00:00+05:30,Load_12,load,0.03821599988897531,0.011464799966692594,0.0,good,synthetic_demo_v1
2024-01-17T05:00:00+05:30,Load_13,load,0.03335629123149908,0.010006887369449723,0.0,good,synthetic_demo_v1
2024-01-17T05:00:00+05:30,Load_14,load,0.011434536479816097,0.003430360943944829,0.0,good,synthetic_demo_v1
2024-01-17T05:00:00+05:30,Load_15,load,0.010355807627069499,0.0031067422881208497,0.0,good,synthetic_demo_v1
2024-01-17T05:00:00+05:30,Load_16,load,0.01041164724873061,0.003123494174619183,0.0,good,synthetic_demo_v1
2024-01-17T05:00:00+05:30,Load_17,load,0.014683474485997827,0.004405042345799348,0.0,good,synthetic_demo_v1
2024-01-17T05:00:00+05:30,Load_18,load,0.02247904043350515,0.006743712130051545,0.0,good,synthetic_demo_v1
2024-01-17T05:00:00+05:30,Load_19,load,0.019197993100447952,0.005759397930134386,0.0,good,synthetic_demo_v1
2024-01-17T05:00:00+05:30,Load_20,load,0.01422343832519776,0.004267031497559328,0.0,good,synthetic_demo_v1
2024-01-17T05:00:00+05:30,Load_21,load,0.025558054196295706,0.0076674162588887115,0.0,good,synthetic_demo_v1
2024-01-17T05:00:00+05:30,Load_22,load,0.008859328263237187,0.002657798478971156,0.0,good,synthetic_demo_v1
2024-01-17T05:00:00+05:30,Load_23,load,0.014255803161496541,0.004276740948448962,0.0,good,synthetic_demo_v1
2024-01-17T05:00:00+05:30,Load_24,load,0.01687951204690262,0.005063853614070786,0.0,good,synthetic_demo_v1
2024-01-17T05:00:00+05:30,Load_25,load,0.02005085323272622,0.006015255969817866,0.0,good,synthetic_demo_v1
2024-01-17T05:00:00+05:30,Load_26,load,0.03168533065223657,0.00950559919567097,0.0,good,synthetic_demo_v1
2024-01-17T05:00:00+05:30,Load_27,load,0.010986794752546115,0.0032960384257638346,0.0,good,synthetic_demo_v1
2024-01-17T05:00:00+05:30,Load_28,load,0.022107069393778673,0.006632120818133602,0.0,good,synthetic_demo_v1
2024-01-17T05:00:00+05:30,Load_29,load,0.02487087505346827,0.00746126251604048,0.0,good,synthetic_demo_v1
2024-01-17T05:00:00+05:30,Load_30,load,0.0055700780852620865,0.001671023425578626,0.0,good,synthetic_demo_v1
2024-01-17T05:00:00+05:30,Load_31,load,0.02540575727555117,0.007621727182665351,0.0,good,synthetic_demo_v1
2024-01-17T05:00:00+05:30,Load_32,load,0.009956302853923628,0.0029868908561770883,0.0,good,synthetic_demo_v1
2024-01-17T05:00:00+05:30,PV_5,pv,0.0,0.0,0.0,good,synthetic_demo_v1
2024-01-17T05:00:00+05:30,PV_10,pv,0.0,0.0,0.0,good,synthetic_demo_v1
2024-01-17T05:00:00+05:30,PV_17,pv,0.0,0.0,0.0,good,synthetic_demo_v1
2024-01-17T05:00:00+05:30,PV_24,pv,0.0,0.0,0.0,good,synthetic_demo_v1
2024-01-17T05:00:00+05:30,PV_30,pv,0.0,0.0,0.0,good,synthetic_demo_v1
2024-01-17T05:00:00+05:30,Battery_18,battery,0.0,0.0,0.0,good,synthetic_demo_v1
2024-01-17T06:00:00+05:30,Load_1,load,0.035261650896745614,0.010578495269023684,0.0,good,synthetic_demo_v1
2024-01-17T06:00:00+05:30,Load_2,load,0.07709589696523395,0.02312876908957018,0.0,good,synthetic_demo_v1
2024-01-17T06:00:00+05:30,Load_3,load,0.06121528004361906,0.018364584013085716,0.0,good,synthetic_demo_v1
2024-01-17T06:00:00+05:30,Load_4,load,0.051534200148160535,0.01546026004444816,0.0,good,synthetic_demo_v1
2024-01-17T06:00:00+05:30,Load_5,load,0.019395474493539344,0.005818642348061803,0.0,good,synthetic_demo_v1
2024-01-17T06:00:00+05:30,Load_6,load,0.019393723206374513,0.0058181169619123535,0.0,good,synthetic_demo_v1
2024-01-17T06:00:00+05:30,Load_7,load,0.01228471153332952,0.0036854134599988556,0.0,good,synthetic_demo_v1
2024-01-17T06:00:00+05:30,Load_8,load,0.07095783960250762,0.021287351880752287,0.0,good,synthetic_demo_v1
2024-01-17T06:00:00+05:30,Load_9,load,0.051712561102293754,0.015513768330688125,0.0,good,synthetic_demo_v1
2024-01-17T06:00:00+05:30,Load_10,load,0.059478422943605724,0.017843526883081717,0.0,good,synthetic_demo_v1
2024-01-17T06:00:00+05:30,Load_11,load,0.00956201524063107,0.002868604572189321,0.0,good,synthetic_demo_v1
2024-01-17T06:00:00+05:30,Load_12,load,0.0784896268506502,0.02354688805519506,0.0,good,synthetic_demo_v1
2024-01-17T06:00:00+05:30,Load_13,load,0.06850855294871569,0.020552565884614706,0.0,good,synthetic_demo_v1
2024-01-17T06:00:00+05:30,Load_14,load,0.02348473163382609,0.007045419490147827,0.0,good,synthetic_demo_v1
2024-01-17T06:00:00+05:30,Load_15,load,0.021269192975382243,0.006380757892614673,0.0,good,synthetic_demo_v1
2024-01-17T06:00:00+05:30,Load_16,load,0.021383878737377092,0.006415163621213128,0.0,good,synthetic_demo_v1
2024-01-17T06:00:00+05:30,Load_17,load,0.030157537068904217,0.009047261120671266,0.0,good,synthetic_demo_v1
2024-01-17T06:00:00+05:30,Load_18,load,0.046168398071811015,0.013850519421543304,0.0,good,synthetic_demo_v1
2024-01-17T06:00:00+05:30,Load_19,load,0.03942964515159046,0.011828893545477137,0.0,good,synthetic_demo_v1
2024-01-17T06:00:00+05:30,Load_20,load,0.02921269546580856,0.008763808639742568,0.0,good,synthetic_demo_v1
2024-01-17T06:00:00+05:30,Load_21,load,0.05249220595362873,0.015747661786088617,0.0,good,synthetic_demo_v1
2024-01-17T06:00:00+05:30,Load_22,load,0.018195660758558545,0.005458698227567563,0.0,good,synthetic_demo_v1
2024-01-17T06:00:00+05:30,Load_23,load,0.02927916772694404,0.008783750318083212,0.0,good,synthetic_demo_v1
2024-01-17T06:00:00+05:30,Load_24,load,0.03466785131440833,0.0104003553943225,0.0,good,synthetic_demo_v1
2024-01-17T06:00:00+05:30,Load_25,load,0.04118128513831835,0.012354385541495504,0.0,good,synthetic_demo_v1
2024-01-17T06:00:00+05:30,Load_26,load,0.06507666387792113,0.01952299916337634,0.0,good,synthetic_demo_v1
2024-01-17T06:00:00+05:30,Load_27,load,0.022565140855068926,0.006769542256520678,0.0,good,synthetic_demo_v1
2024-01-17T06:00:00+05:30,Load_28,load,0.045404428315892045,0.013621328494767613,0.0,good,synthetic_demo_v1
2024-01-17T06:00:00+05:30,Load_29,load,0.051080848546867924,0.015324254564060377,0.0,good,synthetic_demo_v1
2024-01-17T06:00:00+05:30,Load_30,load,0.011440060490667116,0.0034320181472001347,0.0,good,synthetic_demo_v1
2024-01-17T06:00:00+05:30,Load_31,load,0.05217941213652412,0.015653823640957236,0.0,good,synthetic_demo_v1
2024-01-17T06:00:00+05:30,Load_32,load,0.020448673280480348,0.006134601984144104,0.0,good,synthetic_demo_v1
2024-01-17T06:00:00+05:30,PV_5,pv,0.0,0.0,0.03449326872246944,good,synthetic_demo_v1
2024-01-17T06:00:00+05:30,PV_10,pv,0.0,0.0,0.06087650286260236,good,synthetic_demo_v1
2024-01-17T06:00:00+05:30,PV_17,pv,0.0,0.0,0.054710319466777034,good,synthetic_demo_v1
2024-01-17T06:00:00+05:30,PV_24,pv,0.0,0.0,0.04732825368534151,good,synthetic_demo_v1
2024-01-17T06:00:00+05:30,PV_30,pv,0.0,0.0,0.03612459349302999,good,synthetic_demo_v1
2024-01-17T06:00:00+05:30,Battery_18,battery,0.0,0.0,0.0,good,synthetic_demo_v1
2024-01-17T07:00:00+05:30,Load_1,load,0.051470508923381994,0.015441152677014597,0.0,good,synthetic_demo_v1
2024-01-17T07:00:00+05:30,Load_2,load,0.11253486299677035,0.0337604588990311,0.0,good,synthetic_demo_v1
2024-01-17T07:00:00+05:30,Load_3,load,0.08935434211400509,0.026806302634201525,0.0,good,synthetic_demo_v1
2024-01-17T07:00:00+05:30,Load_4,load,0.07522312317005145,0.022566936951015432,0.0,good,synthetic_demo_v1
2024-01-17T07:00:00+05:30,Load_5,load,0.028311066487391255,0.008493319946217376,0.0,good,synthetic_demo_v1
2024-01-17T07:00:00+05:30,Load_6,load,0.028308510179352563,0.008492553053805769,0.0,good,synthetic_demo_v1
2024-01-17T07:00:00+05:30,Load_7,load,0.0179316719018328,0.005379501570549839,0.0,good,synthetic_demo_v1
2024-01-17T07:00:00+05:30,Load_8,load,0.1035753013135823,0.031072590394074687,0.0,good,synthetic_demo_v1
2024-01-17T07:00:00+05:30,Load_9,load,0.07548347198662214,0.022645041595986643,0.0,good,synthetic_demo_v1
2024-01-17T07:00:00+05:30,Load_10,load,0.0868190972632563,0.02604572917897689,0.0,good,synthetic_demo_v1
2024-01-17T07:00:00+05:30,Load_11,load,0.013957423383538715,0.004187227015061614,0.0,good,synthetic_demo_v1
2024-01-17T07:00:00+05:30,Load_12,load,0.11456925403291784,0.03437077620987535,0.0,good,synthetic_demo_v1
2024-01-17T07:00:00+05:30,Load_13,load,0.1000001416893472,0.03000004250680416,0.0,good,synthetic_demo_v1
2024-01-17T07:00:00+05:30,Load_14,load,0.03428004810840089,0.010284014432520267,0.0,good,synthetic_demo_v1
2024-01-17T07:00:00+05:30,Load_15,load,0.031046084315172584,0.009313825294551775,0.0,good,synthetic_demo_v1
2024-01-17T07:00:00+05:30,Load_16,load,0.031213488120326968,0.00936404643609809,0.0,good,synthetic_demo_v1
2024-01-17T07:00:00+05:30,Load_17,load,0.044020167557030525,0.013206050267109156,0.0,good,synthetic_demo_v1
2024-01-17T07:00:00+05:30,Load_18,load,0.06739080231642576,0.020217240694927727,0.0,good,synthetic_demo_v1
2024-01-17T07:00:00+05:30,Load_19,load,0.0575544210497537,0.01726632631492611,0.0,good,synthetic_demo_v1
2024-01-17T07:00:00+05:30,Load_20,load,0.04264100699799368,0.012792302099398105,0.0,good,synthetic_demo_v1
2024-01-17T07:00:00+05:30,Load_21,load,0.07662149917074951,0.022986449751224852,0.0,good,synthetic_demo_v1
2024-01-17T07:00:00+05:30,Load_22,load,0.026559729780736237,0.00796791893422087,0.0,good,synthetic_demo_v1
2024-01-17T07:00:00+05:30,Load_23,load,0.04273803481781839,0.012821410445345518,0.0,good,synthetic_demo_v1
2024-01-17T07:00:00+05:30,Load_24,load,0.05060375521434869,0.015181126564304606,0.0,good,synthetic_demo_v1
2024-01-17T07:00:00+05:30,Load_25,load,0.0601112440933325,0.01803337322799975,0.0,good,synthetic_demo_v1
2024-01-17T07:00:00+05:30,Load_26,load,0.09499070303431556,0.028497210910294668,0.0,good,synthetic_demo_v1
2024-01-17T07:00:00+05:30,Load_27,load,0.03293774551677014,0.00988132365503104,0.0,good,synthetic_demo_v1
2024-01-17T07:00:00+05:30,Load_28,load,0.06627565565881845,0.019882696697645533,0.0,good,synthetic_demo_v1
2024-01-17T07:00:00+05:30,Load_29,load,0.0745613777030542,0.022368413310916258,0.0,good,synthetic_demo_v1
2024-01-17T07:00:00+05:30,Load_30,load,0.016698756881608618,0.005009627064482585,0.0,good,synthetic_demo_v1
2024-01-17T07:00:00+05:30,Load_31,load,0.0761649222225628,0.02284947666676884,0.0,good,synthetic_demo_v1
2024-01-17T07:00:00+05:30,Load_32,load,0.029848393191693266,0.00895451795750798,0.0,good,synthetic_demo_v1
2024-01-17T07:00:00+05:30,PV_5,pv,0.0,0.0,0.07306984523306317,good,synthetic_demo_v1
2024-01-17T07:00:00+05:30,PV_10,pv,0.0,0.0,0.10959400780683529,good,synthetic_demo_v1
2024-01-17T07:00:00+05:30,PV_17,pv,0.0,0.0,0.10159427462923877,good,synthetic_demo_v1
2024-01-17T07:00:00+05:30,PV_24,pv,0.0,0.0,0.11587475711077208,good,synthetic_demo_v1
2024-01-17T07:00:00+05:30,PV_30,pv,0.0,0.0,0.071769384096329,good,synthetic_demo_v1
2024-01-17T07:00:00+05:30,Battery_18,battery,0.0,0.0,0.0,good,synthetic_demo_v1
2024-01-17T08:00:00+05:30,Load_1,load,0.05372937949598972,0.016118813848796917,0.0,good,synthetic_demo_v1
2024-01-17T08:00:00+05:30,Load_2,load,0.11747364630653413,0.03524209389196024,0.0,good,synthetic_demo_v1
2024-01-17T08:00:00+05:30,Load_3,load,0.09327580895313242,0.027982742685939727,0.0,good,synthetic_demo_v1
2024-01-17T08:00:00+05:30,Load_4,load,0.07852441750078003,0.023557325250234008,0.0,good,synthetic_demo_v1
2024-01-17T08:00:00+05:30,Load_5,load,0.029553545652746028,0.008866063695823809,0.0,good,synthetic_demo_v1
2024-01-17T08:00:00+05:30,Load_6,load,0.029550877156793828,0.008865263147038147,0.0,good,synthetic_demo_v1
2024-01-17T08:00:00+05:30,Load_7,load,0.0187186337334518,0.00561559012003554,0.0,good,synthetic_demo_v1
2024-01-17T08:00:00+05:30,Load_8,load,0.10812087906441632,0.0324362637193249,0.0,good,synthetic_demo_v1
2024-01-17T08:00:00+05:30,Load_9,load,0.0787961921666898,0.02363885765000694,0.0,good,synthetic_demo_v1
2024-01-17T08:00:00+05:30,Load_10,load,0.09062930058260309,0.027188790174780927,0.0,good,synthetic_demo_v1
2024-01-17T08:00:00+05:30,Load_11,load,0.014569968579029875,0.004370990573708962,0.0,good,synthetic_demo_v1
2024-01-17T08:00:00+05:30,Load_12,load,0.11959732004341364,0.03587919601302409,0.0,good,synthetic_demo_v1
2024-01-17T08:00:00+05:30,Load_13,load,0.10438881749698146,0.03131664524909444,0.0,good,synthetic_demo_v1
2024-01-17T08:00:00+05:30,Load_14,load,0.035784486154951216,0.010735345846485365,0.0,good,synthetic_demo_v1
2024-01-17T08:00:00+05:30,Load_15,load,0.03240859437619869,0.009722578312859607,0.0,good,synthetic_demo_v1
2024-01-17T08:00:00+05:30,Load_16,load,0.03258334498124131,0.009775003494372393,0.0,good,synthetic_demo_v1
2024-01-17T08:00:00+05:30,Load_17,load,0.045952067263789906,0.013785620179136971,0.0,good,synthetic_demo_v1
2024-01-17T08:00:00+05:30,Load_18,load,0.0703483619637104,0.02110450858911312,0.0,good,synthetic_demo_v1
2024-01-17T08:00:00+05:30,Load_19,load,0.06008029442369471,0.018024088327108414,0.0,good,synthetic_demo_v1
2024-01-17T08:00:00+05:30,Load_20,load,0.04451237990471021,0.013353713971413063,0.0,good,synthetic_demo_v1
2024-01-17T08:00:00+05:30,Load_21,load,0.07998416360376559,0.023995249081129676,0.0,good,synthetic_demo_v1
2024-01-17T08:00:00+05:30,Load_22,load,0.027725348564638794,0.008317604569391637,0.0,good,synthetic_demo_v1
2024-01-17T08:00:00+05:30,Load_23,load,0.04461366595495678,0.013384099786487033,0.0,good,synthetic_demo_v1
2024-01-17T08:00:00+05:30,Load_24,load,0.05282458683051345,0.015847376049154035,0.0,good,synthetic_demo_v1
2024-01-17T08:00:00+05:30,Load_25,load,0.06274932798264073,0.018824798394792217,0.0,good,synthetic_demo_v1
2024-01-17T08:00:00+05:30,Load_26,load,0.09915953113109896,0.029747859339329687,0.0,good,synthetic_demo_v1
2024-01-17T08:00:00+05:30,Load_27,load,0.034383274337684414,0.010314982301305323,0.0,good,synthetic_demo_v1
2024-01-17T08:00:00+05:30,Load_28,load,0.06918427520386396,0.020755282561159185,0.0,good,synthetic_demo_v1
2024-01-17T08:00:00+05:30,Load_29,load,0.07783363021171372,0.023350089063514115,0.0,good,synthetic_demo_v1
2024-01-17T08:00:00+05:30,Load_30,load,0.01743161014667243,0.005229483044001729,0.0,good,synthetic_demo_v1
2024-01-17T08:00:00+05:30,Load_31,load,0.0795075490019018,0.023852264700570537,0.0,good,synthetic_demo_v1
2024-01-17T08:00:00+05:30,Load_32,load,0.031158340546608803,0.00934750216398264,0.0,good,synthetic_demo_v1
2024-01-17T08:00:00+05:30,PV_5,pv,0.0,0.0,0.12736284655526722,good,synthetic_demo_v1
2024-01-17T08:00:00+05:30,PV_10,pv,0.0,0.0,0.19563086628748233,good,synthetic_demo_v1
2024-01-17T08:00:00+05:30,PV_17,pv,0.0,0.0,0.18021804389854718,good,synthetic_demo_v1
2024-01-17T08:00:00+05:30,PV_24,pv,0.0,0.0,0.21408729566483645,good,synthetic_demo_v1
2024-01-17T08:00:00+05:30,PV_30,pv,0.0,0.0,0.12949108345413607,good,synthetic_demo_v1
2024-01-17T08:00:00+05:30,Battery_18,battery,0.0,0.0,0.0,good,synthetic_demo_v1
2024-01-17T09:00:00+05:30,Load_1,load,0.05344106010516716,0.016032318031550148,0.0,good,synthetic_demo_v1
2024-01-17T09:00:00+05:30,Load_2,load,0.11684326623405752,0.03505297987021726,0.0,good,synthetic_demo_v1
2024-01-17T09:00:00+05:30,Load_3,load,0.09277527787184836,0.027832583361554506,0.0,good,synthetic_demo_v1
2024-01-17T09:00:00+05:30,Load_4,load,0.07810304445625768,0.023430913336877305,0.0,good,synthetic_demo_v1
2024-01-17T09:00:00+05:30,Load_5,load,0.02939495717919251,0.008818487153757753,0.0,good,synthetic_demo_v1
2024-01-17T09:00:00+05:30,Load_6,load,0.029392303002764093,0.008817690900829227,0.0,good,synthetic_demo_v1
2024-01-17T09:00:00+05:30,Load_7,load,0.01861818691784206,0.005585456075352618,0.0,good,synthetic_demo_v1
2024-01-17T09:00:00+05:30,Load_8,load,0.10754068725353975,0.032262206176061924,0.0,good,synthetic_demo_v1
2024-01-17T09:00:00+05:30,Load_9,load,0.078373360741169,0.0235120082223507,0.0,good,synthetic_demo_v1
2024-01-17T09:00:00+05:30,Load_10,load,0.09014297103664952,0.027042891310994854,0.0,good,synthetic_demo_v1
2024-01-17T09:00:00+05:30,Load_11,load,0.014491784082867524,0.004347535224860257,0.0,good,synthetic_demo_v1
2024-01-17T09:00:00+05:30,Load_12,load,0.11895554403962595,0.035686663211887786,0.0,good,synthetic_demo_v1
2024-01-17T09:00:00+05:30,Load_13,load,0.10382865245223787,0.03114859573567136,0.0,good,synthetic_demo_v1
2024-01-17T09:00:00+05:30,Load_14,load,0.03559246158020503,0.010677738474061508,0.0,good,synthetic_demo_v1
2024-01-17T09:00:00+05:30,Load_15,load,0.03223468531051408,0.009670405593154224,0.0,good,synthetic_demo_v1
2024-01-17T09:00:00+05:30,Load_16,load,0.03240849817928533,0.009722549453785598,0.0,good,synthetic_demo_v1
2024-01-17T09:00:00+05:30,Load_17,load,0.04570548202188287,0.013711644606564861,0.0,good,synthetic_demo_v1
2024-01-17T09:00:00+05:30,Load_18,load,0.06997086278063765,0.020991258834191295,0.0,good,synthetic_demo_v1
2024-01-17T09:00:00+05:30,Load_19,load,0.059757895132074884,0.017927368539622464,0.0,good,synthetic_demo_v1
2024-01-17T09:00:00+05:30,Load_20,load,0.04427352022721949,0.013282056068165847,0.0,good,synthetic_demo_v1
2024-01-17T09:00:00+05:30,Load_21,load,0.07955495735679206,0.02386648720703762,0.0,good,synthetic_demo_v1
2024-01-17T09:00:00+05:30,Load_22,load,0.027576570453231485,0.008272971135969445,0.0,good,synthetic_demo_v1
2024-01-17T09:00:00+05:30,Load_23,load,0.04437426276230583,0.013312278828691747,0.0,good,synthetic_demo_v1
2024-01-17T09:00:00+05:30,Load_24,load,0.052541122684113546,0.015762336805234062,0.0,good,synthetic_demo_v1
2024-01-17T09:00:00+05:30,Load_25,load,0.062412606282368145,0.018723781884710442,0.0,good,synthetic_demo_v1
2024-01-17T09:00:00+05:30,Load_26,load,0.09862742717087913,0.02958822815126374,0.0,good,synthetic_demo_v1
2024-01-17T09:00:00+05:30,Load_27,load,0.03419876886219747,0.01025963065865924,0.0,good,synthetic_demo_v1
2024-01-17T09:00:00+05:30,Load_28,load,0.0688130226737139,0.02064390680211417,0.0,good,synthetic_demo_v1
2024-01-17T09:00:00+05:30,Load_29,load,0.07741596402873044,0.02322478920861913,0.0,good,synthetic_demo_v1
2024-01-17T09:00:00+05:30,Load_30,load,0.017338069680251818,0.005201420904075545,0.0,good,synthetic_demo_v1
2024-01-17T09:00:00+05:30,Load_31,load,0.07908090033577055,0.02372427010073116,0.0,good,synthetic_demo_v1
2024-01-17T09:00:00+05:30,Load_32,load,0.030991140518435933,0.00929734215553078,0.0,good,synthetic_demo_v1
2024-01-17T09:00:00+05:30,PV_5,pv,0.0,0.0,0.20855591970866327,good,synthetic_demo_v1
2024-01-17T09:00:00+05:30,PV_10,pv,0.0,0.0,0.32875578697272867,good,synthetic_demo_v1
2024-01-17T09:00:00+05:30,PV_17,pv,0.0,0.0,0.28342355533735997,good,synthetic_demo_v1
2024-01-17T09:00:00+05:30,PV_24,pv,0.0,0.0,0.2843422560066414,good,synthetic_demo_v1
2024-01-17T09:00:00+05:30,PV_30,pv,0.0,0.0,0.1983270427905743,good,synthetic_demo_v1
2024-01-17T09:00:00+05:30,Battery_18,battery,0.0,0.0,0.0,good,synthetic_demo_v1
2024-01-17T10:00:00+05:30,Load_1,load,0.03473853952578405,0.010421561857735214,0.0,good,synthetic_demo_v1
2024-01-17T10:00:00+05:30,Load_2,load,0.07595216888298702,0.022785650664896104,0.0,good,synthetic_demo_v1
2024-01-17T10:00:00+05:30,Load_3,load,0.06030714306610819,0.018092142919832455,0.0,good,synthetic_demo_v1
2024-01-17T10:00:00+05:30,Load_4,load,0.05076968330322177,0.015230904990966531,0.0,good,synthetic_demo_v1
2024-01-17T10:00:00+05:30,Load_5,load,0.019107740000265747,0.005732322000079724,0.0,good,synthetic_demo_v1
2024-01-17T10:00:00+05:30,Load_6,load,0.019106014693683403,0.005731804408105021,0.0,good,synthetic_demo_v1
2024-01-17T10:00:00+05:30,Load_7,load,0.012102466172473186,0.0036307398517419556,0.0,good,synthetic_demo_v1
2024-01-17T10:00:00+05:30,Load_8,load,0.06990517043328376,0.02097155112998513,0.0,good,synthetic_demo_v1
2024-01-17T10:00:00+05:30,Load_9,load,0.050945398248422626,0.015283619474526788,0.0,good,synthetic_demo_v1
2024-01-17T10:00:00+05:30,Load_10,load,0.05859605247661397,0.017578815742984193,0.0,good,synthetic_demo_v1
2024-01-17T10:00:00+05:30,Load_11,load,0.009420161448353195,0.0028260484345059584,0.0,good,synthetic_demo_v1
2024-01-17T10:00:00+05:30,Load_12,load,0.07732522259662547,0.02319756677898764,0.0,good,synthetic_demo_v1
2024-01-17T10:00:00+05:30,Load_13,load,0.06749221927901496,0.020247665783704485,0.0,good,synthetic_demo_v1
2024-01-17T10:00:00+05:30,Load_14,load,0.02313633245655532,0.006940899736966596,0.0,good,synthetic_demo_v1
2024-01-17T10:00:00+05:30,Load_15,load,0.02095366161443779,0.006286098484331337,0.0,good,synthetic_demo_v1
2024-01-17T10:00:00+05:30,Load_16,load,0.021066645997607165,0.0063199937992821495,0.0,good,synthetic_demo_v1
2024-01-17T10:00:00+05:30,Load_17,load,0.029710145918469034,0.00891304377554071,0.0,good,synthetic_demo_v1
2024-01-17T10:00:00+05:30,Load_18,load,0.045483483628038515,0.013645045088411554,0.0,good,synthetic_demo_v1
2024-01-17T10:00:00+05:30,Load_19,load,0.03884470102086401,0.011653410306259201,0.0,good,synthetic_demo_v1
2024-01-17T10:00:00+05:30,Load_20,load,0.02877932116863371,0.008633796350590113,0.0,good,synthetic_demo_v1
2024-01-17T10:00:00+05:30,Load_21,load,0.05171347696270295,0.015514043088810886,0.0,good,synthetic_demo_v1
2024-01-17T10:00:00+05:30,Load_22,load,0.01792572566468466,0.005377717699405398,0.0,good,synthetic_demo_v1
2024-01-17T10:00:00+05:30,Load_23,load,0.028844807304764575,0.008653442191429371,0.0,good,synthetic_demo_v1
2024-01-17T10:00:00+05:30,Load_24,load,0.0341535490407435,0.010246064712223049,0.0,good,synthetic_demo_v1
2024-01-17T10:00:00+05:30,Load_25,load,0.040570355190944464,0.012171106557283339,0.0,good,synthetic_demo_v1
2024-01-17T10:00:00+05:30,Load_26,load,0.06411124274779684,0.01923337282433905,0.0,good,synthetic_demo_v1
2024-01-17T10:00:00+05:30,Load_27,load,0.022230383931656543,0.006669115179496963,0.0,good,synthetic_demo_v1
2024-01-17T10:00:00+05:30,Load_28,load,0.04473084746700885,0.013419254240102655,0.0,good,synthetic_demo_v1
2024-01-17T10:00:00+05:30,Load_29,load,0.05032305723438861,0.015096917170316582,0.0,good,synthetic_demo_v1
2024-01-17T10:00:00+05:30,Load_30,load,0.01127034564252572,0.0033811036927577157,0.0,good,synthetic_demo_v1
2024-01-17T10:00:00+05:30,Load_31,load,0.05140532348427599,0.015421597045282797,0.0,good,synthetic_demo_v1
2024-01-17T10:00:00+05:30,Load_32,load,0.020145314440435665,0.006043594332130699,0.0,good,synthetic_demo_v1
2024-01-17T10:00:00+05:30,PV_5,pv,0.0,0.0,0.3269171592924076,good,synthetic_demo_v1
2024-01-17T10:00:00+05:30,PV_10,pv,0.0,0.0,0.5236901770103417,good,synthetic_demo_v1
2024-01-17T10:00:00+05:30,PV_17,pv,0.0,0.0,0.3099092914776494,good,synthetic_demo_v1
2024-01-17T10:00:00+05:30,PV_24,pv,0.0,0.0,0.48019302215820525,good,synthetic_demo_v1
2024-01-17T10:00:00+05:30,PV_30,pv,0.0,0.0,0.240705804065017,good,synthetic_demo_v1
2024-01-17T10:00:00+05:30,Battery_18,battery,0.0,0.0,0.0,good,synthetic_demo_v1
2024-01-17T11:00:00+05:30,Load_1,load,0.036119512788983864,0.010835853836695159,0.0,good,synthetic_demo_v1
2024-01-17T11:00:00+05:30,Load_2,load,0.07897152191110125,0.023691456573330376,0.0,good,synthetic_demo_v1
2024-01-17T11:00:00+05:30,Load_3,load,0.06270455393286171,0.018811366179858513,0.0,good,synthetic_demo_v1
2024-01-17T11:00:00+05:30,Load_4,load,0.05278794820957548,0.015836384462872645,0.0,good,synthetic_demo_v1
2024-01-17T11:00:00+05:30,Load_5,load,0.019867336644821147,0.005960200993446344,0.0,good,synthetic_demo_v1
2024-01-17T11:00:00+05:30,Load_6,load,0.01986554275152521,0.005959662825457563,0.0,good,synthetic_demo_v1
2024-01-17T11:00:00+05:30,Load_7,load,0.01258357972621256,0.003775073917863768,0.0,good,synthetic_demo_v1
2024-01-17T11:00:00+05:30,Load_8,load,0.07268413502550959,0.021805240507652878,0.0,good,synthetic_demo_v1
2024-01-17T11:00:00+05:30,Load_9,load,0.05297064841220453,0.015891194523661358,0.0,good,synthetic_demo_v1
2024-01-17T11:00:00+05:30,Load_10,load,0.060925441763092066,0.01827763252892762,0.0,good,synthetic_demo_v1
2024-01-17T11:00:00+05:30,Load_11,load,0.009794644407993618,0.0029383933223980853,0.0,good,synthetic_demo_v1
2024-01-17T11:00:00+05:30,Load_12,load,0.08039915910733154,0.02411974773219946,0.0,good,synthetic_demo_v1
2024-01-17T11:00:00+05:30,Load_13,load,0.07017526098343546,0.021052578295030638,0.0,good,synthetic_demo_v1
2024-01-17T11:00:00+05:30,Load_14,load,0.02405607914041606,0.007216823742124817,0.0,good,synthetic_demo_v1
2024-01-17T11:00:00+05:30,Load_15,load,0.021786639823962037,0.006535991947188611,0.0,good,synthetic_demo_v1
2024-01-17T11:00:00+05:30,Load_16,load,0.021904115714674505,0.006571234714402351,0.0,good,synthetic_demo_v1
2024-01-17T11:00:00+05:30,Load_17,load,0.03089122369891855,0.009267367109675564,0.0,good,synthetic_demo_v1
2024-01-17T11:00:00+05:30,Load_18,load,0.04729160439721728,0.014187481319165184,0.0,good,synthetic_demo_v1
2024-01-17T11:00:00+05:30,Load_19,load,0.04038890795238995,0.012116672385716986,0.0,good,synthetic_demo_v1
2024-01-17T11:00:00+05:30,Load_20,load,0.029923395548543227,0.008977018664562967,0.0,good,synthetic_demo_v1
2024-01-17T11:00:00+05:30,Load_21,load,0.05376926082717964,0.01613077824815389,0.0,good,synthetic_demo_v1
2024-01-17T11:00:00+05:30,Load_22,load,0.018638333281594126,0.005591499984478237,0.0,good,synthetic_demo_v1
2024-01-17T11:00:00+05:30,Load_23,load,0.029991484977856288,0.008997445493356886,0.0,good,synthetic_demo_v1
2024-01-17T11:00:00+05:30,Load_24,load,0.03551126697340566,0.010653380092021698,0.0,good,synthetic_demo_v1
2024-01-17T11:00:00+05:30,Load_25,load,0.042183162653838216,0.012654948796151465,0.0,good,synthetic_demo_v1
2024-01-17T11:00:00+05:30,Load_26,load,0.06665987931438323,0.01999796379431497,0.0,good,synthetic_demo_v1
2024-01-17T11:00:00+05:30,Load_27,load,0.023114116128213,0.0069342348384639,0.0,good,synthetic_demo_v1
2024-01-17T11:00:00+05:30,Load_28,load,0.046509048428691746,0.013952714528607524,0.0,good,synthetic_demo_v1
2024-01-17T11:00:00+05:30,Load_29,load,0.05232356725904245,0.015697070177712734,0.0,good,synthetic_demo_v1
2024-01-17T11:00:00+05:30,Load_30,load,0.011718379618962651,0.0035155138856887954,0.0,good,synthetic_demo_v1
2024-01-17T11:00:00+05:30,Load_31,load,0.05344885721617719,0.016034657164853156,0.0,good,synthetic_demo_v1
2024-01-17T11:00:00+05:30,Load_32,load,0.020946158143157992,0.006283847442947397,0.0,good,synthetic_demo_v1
2024-01-17T11:00:00+05:30,PV_5,pv,0.0,0.0,0.41827583899830767,good,synthetic_demo_v1
2024-01-17T11:00:00+05:30,PV_10,pv,0.0,0.0,0.5619845330272817,good,synthetic_demo_v1
2024-01-17T11:00:00+05:30,PV_17,pv,0.0,0.0,0.5129020646468118,good,synthetic_demo_v1
2024-01-17T11:00:00+05:30,PV_24,pv,0.0,0.0,0.5045520302188127,good,synthetic_demo_v1
2024-01-17T11:00:00+05:30,PV_30,pv,0.0,0.0,0.2482468359872053,good,synthetic_demo_v1
2024-01-17T11:00:00+05:30,Battery_18,battery,0.0,0.0,0.0,good,synthetic_demo_v1
2024-01-17T12:00:00+05:30,Load_1,load,0.03530694121865198,0.010592082365595593,0.0,good,synthetic_demo_v1
2024-01-17T12:00:00+05:30,Load_2,load,0.07719491949828096,0.023158475849484286,0.0,good,synthetic_demo_v1
2024-01-17T12:00:00+05:30,Load_3,load,0.06129390539632538,0.018388171618897612,0.0,good,synthetic_demo_v1
2024-01-17T12:00:00+05:30,Load_4,load,0.05160039105115404,0.015480117315346213,0.0,good,synthetic_demo_v1
2024-01-17T12:00:00+05:30,Load_5,load,0.01942038618261231,0.005826115854783692,0.0,good,synthetic_demo_v1
2024-01-17T12:00:00+05:30,Load_6,load,0.01941863264608145,0.005825589793824435,0.0,good,synthetic_demo_v1
2024-01-17T12:00:00+05:30,Load_7,load,0.012300490106530773,0.0036901470319592317,0.0,good,synthetic_demo_v1
2024-01-17T12:00:00+05:30,Load_8,load,0.07104897836985542,0.021314693510956627,0.0,good,synthetic_demo_v1
2024-01-17T12:00:00+05:30,Load_9,load,0.05177898109339921,0.015533694328019761,0.0,good,synthetic_demo_v1
2024-01-17T12:00:00+05:30,Load_10,load,0.059554817464369574,0.01786644523931087,0.0,good,synthetic_demo_v1
2024-01-17T12:00:00+05:30,Load_11,load,0.009574296762831773,0.002872289028849532,0.0,good,synthetic_demo_v1
2024-01-17T12:00:00+05:30,Load_12,load,0.07859043950053962,0.023577131850161887,0.0,good,synthetic_demo_v1
2024-01-17T12:00:00+05:30,Load_13,load,0.0685965458343997,0.02057896375031991,0.0,good,synthetic_demo_v1
2024-01-17T12:00:00+05:30,Load_14,load,0.023514895594631418,0.007054468678389425,0.0,good,synthetic_demo_v1
2024-01-17T12:00:00+05:30,Load_15,load,0.021296511282155924,0.006388953384646777,0.0,good,synthetic_demo_v1
2024-01-17T12:00:00+05:30,Load_16,load,0.02141134434738096,0.006423403304214288,0.0,good,synthetic_demo_v1
2024-01-17T12:00:00+05:30,Load_17,load,0.030196271629737835,0.00905888148892135,0.0,good,synthetic_demo_v1
2024-01-17T12:00:00+05:30,Load_18,load,0.04622769709943444,0.013868309129830331,0.0,good,synthetic_demo_v1
2024-01-17T12:00:00+05:30,Load_19,load,0.0394802888757541,0.01184408666272623,0.0,good,synthetic_demo_v1
2024-01-17T12:00:00+05:30,Load_20,load,0.02925021646518755,0.008775064939556265,0.0,good,synthetic_demo_v1
2024-01-17T12:00:00+05:30,Load_21,load,0.05255962732627452,0.015767888197882354,0.0,good,synthetic_demo_v1
2024-01-17T12:00:00+05:30,Load_22,load,0.018219031398108782,0.0054657094194326345,0.0,good,synthetic_demo_v1
2024-01-17T12:00:00+05:30,Load_23,load,0.029316774103780644,0.008795032231134193,0.0,good,synthetic_demo_v1
2024-01-17T12:00:00+05:30,Load_24,load,0.03471237895579499,0.010413713686738496,0.0,good,synthetic_demo_v1
2024-01-17T12:00:00+05:30,Load_25,load,0.04123417868167211,0.012370253604501632,0.0,good,synthetic_demo_v1
2024-01-17T12:00:00+05:30,Load_26,load,0.06516024882022159,0.019548074646066477,0.0,good,synthetic_demo_v1
2024-01-17T12:00:00+05:30,Load_27,load,0.0225941236867628,0.00677823710602884,0.0,good,synthetic_demo_v1
2024-01-17T12:00:00+05:30,Load_28,load,0.04546274609518215,0.013638823828554645,0.0,good,synthetic_demo_v1
2024-01-17T12:00:00+05:30,Load_29,load,0.05114645716175417,0.01534393714852625,0.0,good,synthetic_demo_v1
2024-01-17T12:00:00+05:30,Load_30,load,0.011454754187901197,0.003436426256370359,0.0,good,synthetic_demo_v1
2024-01-17T12:00:00+05:30,Load_31,load,0.05224643175450707,0.01567392952635212,0.0,good,synthetic_demo_v1
2024-01-17T12:00:00+05:30,Load_32,load,0.02047493770576613,0.006142481311729839,0.0,good,synthetic_demo_v1
2024-01-17T12:00:00+05:30,PV_5,pv,0.0,0.0,0.4857968208909878,good,synthetic_demo_v1
2024-01-17T12:00:00+05:30,PV_10,pv,0.0,0.0,0.6880028316832619,good,synthetic_demo_v1
2024-01-17T12:00:00+05:30,PV_17,pv,0.0,0.0,0.5263690129802333,good,synthetic_demo_v1
2024-01-17T12:00:00+05:30,PV_24,pv,0.0,0.0,0.5761161219063803,good,synthetic_demo_v1
2024-01-17T12:00:00+05:30,PV_30,pv,0.0,0.0,0.3108379786588494,good,synthetic_demo_v1
2024-01-17T12:00:00+05:30,Battery_18,battery,0.0,0.0,0.0,good,synthetic_demo_v1
2024-01-17T13:00:00+05:30,Load_1,load,0.03483036762665379,0.010449110287996137,0.0,good,synthetic_demo_v1
2024-01-17T13:00:00+05:30,Load_2,load,0.07615294138294448,0.022845882414883344,0.0,good,synthetic_demo_v1
2024-01-17T13:00:00+05:30,Load_3,load,0.06046655939426242,0.018139967818278726,0.0,good,synthetic_demo_v1
2024-01-17T13:00:00+05:30,Load_4,load,0.05090388824284029,0.015271166472852087,0.0,good,synthetic_demo_v1
2024-01-17T13:00:00+05:30,Load_5,load,0.019158249535211367,0.00574747486056341,0.0,good,synthetic_demo_v1
2024-01-17T13:00:00+05:30,Load_6,load,0.019156519667941407,0.005746955900382422,0.0,good,synthetic_demo_v1
2024-01-17T13:00:00+05:30,Load_7,load,0.012134457917078158,0.003640337375123447,0.0,good,synthetic_demo_v1
2024-01-17T13:00:00+05:30,Load_8,load,0.07008995825480689,0.021026987476442067,0.0,good,synthetic_demo_v1
2024-01-17T13:00:00+05:30,Load_9,load,0.05108006767416902,0.015324020302250704,0.0,good,synthetic_demo_v1
2024-01-17T13:00:00+05:30,Load_10,load,0.05875094569581214,0.017625283708743642,0.0,good,synthetic_demo_v1
2024-01-17T13:00:00+05:30,Load_11,load,0.00944506276969535,0.0028335188309086047,0.0,good,synthetic_demo_v1
2024-01-17T13:00:00+05:30,Load_12,load,0.07752962463647255,0.023258887390941764,0.0,good,synthetic_demo_v1
2024-01-17T13:00:00+05:30,Load_13,load,0.06767062868840525,0.020301188606521574,0.0,good,synthetic_demo_v1
2024-01-17T13:00:00+05:30,Load_14,load,0.0231974912012688,0.00695924736038064,0.0,good,synthetic_demo_v1
2024-01-17T13:00:00+05:30,Load_15,load,0.021009050671622908,0.006302715201486872,0.0,good,synthetic_demo_v1
2024-01-17T13:00:00+05:30,Load_16,load,0.021122333718509183,0.006336700115552755,0.0,good,synthetic_demo_v1
2024-01-17T13:00:00+05:30,Load_17,load,0.02978868192814299,0.008936604578442897,0.0,good,synthetic_demo_v1
2024-01-17T13:00:00+05:30,Load_18,load,0.0456037149900796,0.01368111449702388,0.0,good,synthetic_demo_v1
2024-01-17T13:00:00+05:30,Load_19,load,0.038947383378046915,0.011684215013414075,0.0,good,synthetic_demo_v1
2024-01-17T13:00:00+05:30,Load_20,load,0.028855396629586083,0.008656618988875825,0.0,good,synthetic_demo_v1
2024-01-17T13:00:00+05:30,Load_21,load,0.05185017673315046,0.015555053019945139,0.0,good,synthetic_demo_v1
2024-01-17T13:00:00+05:30,Load_22,load,0.01797311065458265,0.005391933196374795,0.0,good,synthetic_demo_v1
2024-01-17T13:00:00+05:30,Load_23,load,0.028921055872231965,0.008676316761669588,0.0,good,synthetic_demo_v1
2024-01-17T13:00:00+05:30,Load_24,load,0.03424383077363113,0.010273149232089338,0.0,good,synthetic_demo_v1
2024-01-17T13:00:00+05:30,Load_25,load,0.040677599154555266,0.012203279746366579,0.0,good,synthetic_demo_v1
2024-01-17T13:00:00+05:30,Load_26,load,0.06428071485993211,0.019284214457979634,0.0,good,synthetic_demo_v1
2024-01-17T13:00:00+05:30,Load_27,load,0.02228914788563723,0.006686744365691169,0.0,good,synthetic_demo_v1
2024-01-17T13:00:00+05:30,Load_28,load,0.04484908930530321,0.013454726791590961,0.0,good,synthetic_demo_v1
2024-01-17T13:00:00+05:30,Load_29,load,0.0504560815595006,0.015136824467850179,0.0,good,synthetic_demo_v1
2024-01-17T13:00:00+05:30,Load_30,load,0.01130013775384147,0.003390041326152441,0.0,good,synthetic_demo_v1
2024-01-17T13:00:00+05:30,Load_31,load,0.051541208679640994,0.015462362603892298,0.0,good,synthetic_demo_v1
2024-01-17T13:00:00+05:30,Load_32,load,0.020198566706988667,0.0060595700120966,0.0,good,synthetic_demo_v1
2024-01-17T13:00:00+05:30,PV_5,pv,0.0,0.0,0.09862071167439163,good,synthetic_demo_v1
2024-01-17T13:00:00+05:30,PV_10,pv,0.0,0.0,0.15779313867902664,good,synthetic_demo_v1
2024-01-17T13:00:00+05:30,PV_17,pv,0.0,0.0,0.11834485400926995,good,synthetic_demo_v1
2024-01-17T13:00:00+05:30,PV_24,pv,0.0,0.0,0.13806899634414826,good,synthetic_demo_v1
2024-01-17T13:00:00+05:30,PV_30,pv,0.0,0.0,0.07889656933951332,good,synthetic_demo_v1
2024-01-17T13:00:00+05:30,Battery_18,battery,0.0,0.0,0.0,good,synthetic_demo_v1
2024-01-17T14:00:00+05:30,Load_1,load,0.034954041610770474,0.010486212483231143,0.0,good,synthetic_demo_v1
2024-01-17T14:00:00+05:30,Load_2,load,0.07642334156258042,0.022927002468774126,0.0,good,synthetic_demo_v1
2024-01-17T14:00:00+05:30,Load_3,load,0.06068126112771164,0.018204378338313492,0.0,good,synthetic_demo_v1
2024-01-17T14:00:00+05:30,Load_4,load,0.05108463530625069,0.015325390591875206,0.0,good,synthetic_demo_v1
2024-01-17T14:00:00+05:30,Load_5,load,0.019226275720697506,0.005767882716209252,0.0,good,synthetic_demo_v1
2024-01-17T14:00:00+05:30,Load_6,load,0.019224539711098543,0.0057673619133295625,0.0,good,synthetic_demo_v1
2024-01-17T14:00:00+05:30,Load_7,load,0.012177544363129702,0.0036532633089389104,0.0,good,synthetic_demo_v1
2024-01-17T14:00:00+05:30,Load_8,load,0.07033883028730621,0.021101649086191863,0.0,good,synthetic_demo_v1
2024-01-17T14:00:00+05:30,Load_9,load,0.051261440306979815,0.015378432092093944,0.0,good,synthetic_demo_v1
2024-01-17T14:00:00+05:30,Load_10,load,0.05895955571115012,0.017687866713345036,0.0,good,synthetic_demo_v1
2024-01-17T14:00:00+05:30,Load_11,load,0.00947859984158277,0.002843579952474831,0.0,good,synthetic_demo_v1
2024-01-17T14:00:00+05:30,Load_12,load,0.0778049130763949,0.02334147392291847,0.0,good,synthetic_demo_v1
2024-01-17T14:00:00+05:30,Load_13,load,0.06791091028253839,0.020373273084761515,0.0,good,synthetic_demo_v1
2024-01-17T14:00:00+05:30,Load_14,load,0.02327985973062584,0.006983957919187752,0.0,good,synthetic_demo_v1
2024-01-17T14:00:00+05:30,Load_15,load,0.02108364859223402,0.006325094577670206,0.0,good,synthetic_demo_v1
2024-01-17T14:00:00+05:30,Load_16,load,0.021197333879082025,0.006359200163724607,0.0,good,synthetic_demo_v1
2024-01-17T14:00:00+05:30,Load_17,load,0.029894454138621147,0.008968336241586343,0.0,good,synthetic_demo_v1
2024-01-17T14:00:00+05:30,Load_18,load,0.045765642454750656,0.013729692736425197,0.0,good,synthetic_demo_v1
2024-01-17T14:00:00+05:30,Load_19,load,0.039085675862493646,0.011725702758748093,0.0,good,synthetic_demo_v1
2024-01-17T14:00:00+05:30,Load_20,load,0.028957854975782724,0.008687356492734817,0.0,good,synthetic_demo_v1
2024-01-17T14:00:00+05:30,Load_21,load,0.052034283831946505,0.015610285149583951,0.0,good,synthetic_demo_v1
2024-01-17T14:00:00+05:30,Load_22,load,0.018036928706273873,0.005411078611882162,0.0,good,synthetic_demo_v1
2024-01-17T14:00:00+05:30,Load_23,load,0.029023747358090497,0.008707124207427148,0.0,good,synthetic_demo_v1
2024-01-17T14:00:00+05:30,Load_24,load,0.034365422111069424,0.010309626633320827,0.0,good,synthetic_demo_v1
2024-01-17T14:00:00+05:30,Load_25,load,0.04082203520546549,0.012246610561639648,0.0,good,synthetic_demo_v1
2024-01-17T14:00:00+05:30,Load_26,load,0.06450895971206261,0.01935268791361878,0.0,good,synthetic_demo_v1
2024-01-17T14:00:00+05:30,Load_27,load,0.022368291113498917,0.006710487334049675,0.0,good,synthetic_demo_v1
2024-01-17T14:00:00+05:30,Load_28,load,0.04500833728160499,0.013502501184481498,0.0,good,synthetic_demo_v1
2024-01-17T14:00:00+05:30,Load_29,load,0.050635238572606725,0.015190571571782018,0.0,good,synthetic_demo_v1
2024-01-17T14:00:00+05:30,Load_30,load,0.011340261736225607,0.003402078520867682,0.0,good,synthetic_demo_v1
2024-01-17T14:00:00+05:30,Load_31,load,0.05172421870962192,0.015517265612886575,0.0,good,synthetic_demo_v1
2024-01-17T14:00:00+05:30,Load_32,load,0.020270286800353064,0.006081086040105919,0.0,good,synthetic_demo_v1
2024-01-17T14:00:00+05:30,PV_5,pv,0.0,0.0,0.08824969025845955,good,synthetic_demo_v1
2024-01-17T14:00:00+05:30,PV_10,pv,0.0,0.0,0.1411995044135353,good,synthetic_demo_v1
2024-01-17T14:00:00+05:30,PV_17,pv,0.0,0.0,0.10589962831015146,good,synthetic_demo_v1
2024-01-17T14:00:00+05:30,PV_24,pv,0.0,0.0,0.12354956636184335,good,synthetic_demo_v1
2024-01-17T14:00:00+05:30,PV_30,pv,0.0,0.0,0.07059975220676765,good,synthetic_demo_v1
2024-01-17T14:00:00+05:30,Battery_18,battery,0.0,0.0,0.0,good,synthetic_demo_v1
2024-01-17T15:00:00+05:30,Load_1,load,0.03402566274855905,0.010207698824567716,0.0,good,synthetic_demo_v1
2024-01-17T15:00:00+05:30,Load_2,load,0.07439353866664287,0.02231806159999286,0.0,good,synthetic_demo_v1
2024-01-17T15:00:00+05:30,Load_3,load,0.05906956767061109,0.017720870301183328,0.0,good,synthetic_demo_v1
2024-01-17T15:00:00+05:30,Load_4,load,0.04972782809836864,0.014918348429510592,0.0,good,synthetic_demo_v1
2024-01-17T15:00:00+05:30,Load_5,load,0.018715626103211088,0.005614687830963326,0.0,good,synthetic_demo_v1
2024-01-17T15:00:00+05:30,Load_6,load,0.01871393620200309,0.005614180860600926,0.0,good,synthetic_demo_v1
2024-01-17T15:00:00+05:30,Load_7,load,0.011854108953105819,0.0035562326859317453,0.0,good,synthetic_demo_v1
2024-01-17T15:00:00+05:30,Load_8,load,0.0684706319267684,0.02054118957803052,0.0,good,synthetic_demo_v1
2024-01-17T15:00:00+05:30,Load_9,load,0.04989993716072137,0.014969981148216412,0.0,good,synthetic_demo_v1
2024-01-17T15:00:00+05:30,Load_10,load,0.05739359072612412,0.017218077217837236,0.0,good,synthetic_demo_v1
2024-01-17T15:00:00+05:30,Load_11,load,0.009226848360759033,0.0027680545082277097,0.0,good,synthetic_demo_v1
2024-01-17T15:00:00+05:30,Load_12,load,0.07573841566014003,0.02272152469804201,0.0,good,synthetic_demo_v1
2024-01-17T15:00:00+05:30,Load_13,load,0.06610719744377991,0.019832159233133972,0.0,good,synthetic_demo_v1
2024-01-17T15:00:00+05:30,Load_14,load,0.022661546977845334,0.0067984640933536,0.0,good,synthetic_demo_v1
2024-01-17T15:00:00+05:30,Load_15,load,0.02052366717694348,0.006157100153083044,0.0,good,synthetic_demo_v1
2024-01-17T15:00:00+05:30,Load_16,load,0.02063433298414363,0.006190299895243089,0.0,good,synthetic_demo_v1
2024-01-17T15:00:00+05:30,Load_17,load,0.02910045784976015,0.008730137354928044,0.0,good,synthetic_demo_v1
2024-01-17T15:00:00+05:30,Load_18,load,0.044550107623510304,0.01336503228705309,0.0,good,synthetic_demo_v1
2024-01-17T15:00:00+05:30,Load_19,load,0.038047560851644506,0.011414268255493352,0.0,good,synthetic_demo_v1
2024-01-17T15:00:00+05:30,Load_20,load,0.02818873474774544,0.008456620424323632,0.0,good,synthetic_demo_v1
2024-01-17T15:00:00+05:30,Load_21,load,0.05065225397234356,0.015195676191703068,0.0,good,synthetic_demo_v1
2024-01-17T15:00:00+05:30,Load_22,load,0.01755786812905698,0.005267360438717094,0.0,good,synthetic_demo_v1
2024-01-17T15:00:00+05:30,Load_23,load,0.028252877029289573,0.008475863108786872,0.0,good,synthetic_demo_v1
2024-01-17T15:00:00+05:30,Load_24,load,0.03345267697463693,0.010035803092391079,0.0,good,synthetic_demo_v1
2024-01-17T15:00:00+05:30,Load_25,load,0.039737802514458825,0.011921340754337647,0.0,good,synthetic_demo_v1
2024-01-17T15:00:00+05:30,Load_26,load,0.06279560263345017,0.01883868079003505,0.0,good,synthetic_demo_v1
2024-01-17T15:00:00+05:30,Load_27,load,0.02177418961059388,0.006532256883178164,0.0,good,synthetic_demo_v1
2024-01-17T15:00:00+05:30,Load_28,load,0.04381291646529947,0.013143874939589842,0.0,good,synthetic_demo_v1
2024-01-17T15:00:00+05:30,Load_29,load,0.04929036733576081,0.014787110200728242,0.0,good,synthetic_demo_v1
2024-01-17T15:00:00+05:30,Load_30,load,0.011039064541203307,0.003311719362360992,0.0,good,synthetic_demo_v1
2024-01-17T15:00:00+05:30,Load_31,load,0.05035042417538365,0.015105127252615095,0.0,good,synthetic_demo_v1
2024-01-17T15:00:00+05:30,Load_32,load,0.019731908263016414,0.005919572478904924,0.0,good,synthetic_demo_v1
2024-01-17T15:00:00+05:30,PV_5,pv,0.0,0.0,0.07066482778577163,good,synthetic_demo_v1
2024-01-17T15:00:00+05:30,PV_10,pv,0.0,0.0,0.11306372445723462,good,synthetic_demo_v1
2024-01-17T15:00:00+05:30,PV_17,pv,0.0,0.0,0.08479779334292595,good,synthetic_demo_v1
2024-01-17T15:00:00+05:30,PV_24,pv,0.0,0.0,0.09893075890008027,good,synthetic_demo_v1
2024-01-17T15:00:00+05:30,PV_30,pv,0.0,0.0,0.05653186222861731,good,synthetic_demo_v1
2024-01-17T15:00:00+05:30,Battery_18,battery,0.0,0.0,0.0,good,synthetic_demo_v1
2024-01-17T16:00:00+05:30,Load_1,load,0.03522386012077465,0.010567158036232394,0.0,good,synthetic_demo_v1
2024-01-17T16:00:00+05:30,Load_2,load,0.0770132714018698,0.02310398142056094,0.0,good,synthetic_demo_v1
2024-01-17T16:00:00+05:30,Load_3,load,0.06114967412684272,0.018344902238052813,0.0,good,synthetic_demo_v1
2024-01-17T16:00:00+05:30,Load_4,load,0.05147896968211274,0.015443690904633822,0.0,good,synthetic_demo_v1
2024-01-17T16:00:00+05:30,Load_5,load,0.019374687887898496,0.005812406366369548,0.0,good,synthetic_demo_v1
2024-01-17T16:00:00+05:30,Load_6,load,0.019372938477631066,0.005811881543289319,0.0,good,synthetic_demo_v1
2024-01-17T16:00:00+05:30,Load_7,load,0.012271545706727033,0.0036814637120181097,0.0,good,synthetic_demo_v1
2024-01-17T16:00:00+05:30,Load_8,load,0.07088179234573981,0.021264537703721942,0.0,good,synthetic_demo_v1
2024-01-17T16:00:00+05:30,Load_9,load,0.05165713948243755,0.015497141844731265,0.0,good,synthetic_demo_v1
2024-01-17T16:00:00+05:30,Load_10,load,0.059414678459175606,0.017824403537752682,0.0,good,synthetic_demo_v1
2024-01-17T16:00:00+05:30,Load_11,load,0.009551767394412873,0.002865530218323862,0.0,good,synthetic_demo_v1
2024-01-17T16:00:00+05:30,Load_12,load,0.07840550759279007,0.023521652277837018,0.0,good,synthetic_demo_v1
2024-01-17T16:00:00+05:30,Load_13,load,0.06843513065251745,0.020530539195755235,0.0,good,synthetic_demo_v1
2024-01-17T16:00:00+05:30,Load_14,load,0.023459562471029066,0.007037868741308719,0.0,good,synthetic_demo_v1
2024-01-17T16:00:00+05:30,Load_15,load,0.021246398259696087,0.006373919477908826,0.0,good,synthetic_demo_v1
2024-01-17T16:00:00+05:30,Load_16,load,0.02136096111014742,0.006408288333044226,0.0,good,synthetic_demo_v1
2024-01-17T16:00:00+05:30,Load_17,load,0.03012521649688834,0.009037564949066502,0.0,good,synthetic_demo_v1
2024-01-17T16:00:00+05:30,Load_18,load,0.04611891826743149,0.013835675480229447,0.0,good,synthetic_demo_v1
2024-01-17T16:00:00+05:30,Load_19,load,0.03938738743396682,0.011816216230190045,0.0,good,synthetic_demo_v1
2024-01-17T16:00:00+05:30,Load_20,load,0.029181387503708626,0.008754416251112588,0.0,good,synthetic_demo_v1
2024-01-17T16:00:00+05:30,Load_21,load,0.05243594876926649,0.015730784630779947,0.0,good,synthetic_demo_v1
2024-01-17T16:00:00+05:30,Load_22,load,0.018176160022719948,0.005452848006815984,0.0,good,synthetic_demo_v1
2024-01-17T16:00:00+05:30,Load_23,load,0.029247788524891783,0.008774336557467535,0.0,good,synthetic_demo_v1
2024-01-17T16:00:00+05:30,Load_24,load,0.03463069692801123,0.010389209078403369,0.0,good,synthetic_demo_v1
2024-01-17T16:00:00+05:30,Load_25,load,0.04113715014516628,0.012341145043549884,0.0,good,synthetic_demo_v1
2024-01-17T16:00:00+05:30,Load_26,load,0.06500691962139866,0.019502075886419598,0.0,good,synthetic_demo_v1
2024-01-17T16:00:00+05:30,Load_27,load,0.022540957240260187,0.006762287172078056,0.0,good,synthetic_demo_v1
2024-01-17T16:00:00+05:30,Load_28,load,0.04535576727663441,0.013606730182990322,0.0,good,synthetic_demo_v1
2024-01-17T16:00:00+05:30,Load_29,load,0.051026103948848565,0.015307831184654569,0.0,good,synthetic_demo_v1
2024-01-17T16:00:00+05:30,Load_30,load,0.011427799897300034,0.00342833996919001,0.0,good,synthetic_demo_v1
2024-01-17T16:00:00+05:30,Load_31,load,0.05212349018096617,0.015637047054289848,0.0,good,synthetic_demo_v1
2024-01-17T16:00:00+05:30,Load_32,load,0.020426757935872435,0.006128027380761731,0.0,good,synthetic_demo_v1
2024-01-17T16:00:00+05:30,PV_5,pv,0.0,0.0,0.05063356166481006,good,synthetic_demo_v1
2024-01-17T16:00:00+05:30,PV_10,pv,0.0,0.0,0.08101369866369611,good,synthetic_demo_v1
2024-01-17T16:00:00+05:30,PV_17,pv,0.0,0.0,0.06076027399777206,good,synthetic_demo_v1
2024-01-17T16:00:00+05:30,PV_24,pv,0.0,0.0,0.07088698633073408,good,synthetic_demo_v1
2024-01-17T16:00:00+05:30,PV_30,pv,0.0,0.0,0.040506849331848054,good,synthetic_demo_v1
2024-01-17T16:00:00+05:30,Battery_18,battery,0.0,0.0,0.0,good,synthetic_demo_v1
2024-01-17T17:00:00+05:30,Load_1,load,0.03443510179147193,0.01033053053744158,0.0,good,synthetic_demo_v1
2024-01-17T17:00:00+05:30,Load_2,load,0.07528873414000255,0.022586620242000765,0.0,good,synthetic_demo_v1
2024-01-17T17:00:00+05:30,Load_3,load,0.05978036608858921,0.017934109826576762,0.0,good,synthetic_demo_v1
2024-01-17T17:00:00+05:30,Load_4,load,0.05032621510094347,0.01509786453028304,0.0,good,synthetic_demo_v1
2024-01-17T17:00:00+05:30,Load_5,load,0.018940835766159934,0.00568225072984798,0.0,good,synthetic_demo_v1
2024-01-17T17:00:00+05:30,Load_6,load,0.0189391255299613,0.00568173765898839,0.0,good,synthetic_demo_v1
2024-01-17T17:00:00+05:30,Load_7,load,0.011996752317915815,0.0035990256953747444,0.0,good,synthetic_demo_v1
2024-01-17T17:00:00+05:30,Load_8,load,0.06929455562844335,0.020788366688533004,0.0,good,synthetic_demo_v1
2024-01-17T17:00:00+05:30,Load_9,load,0.05050039519333864,0.015150118558001592,0.0,good,synthetic_demo_v1
2024-01-17T17:00:00+05:30,Load_10,load,0.058084221707506926,0.017425266512252076,0.0,good,synthetic_demo_v1
2024-01-17T17:00:00+05:30,Load_11,load,0.009337877262380985,0.0028013631787142954,0.0,good,synthetic_demo_v1
2024-01-17T17:00:00+05:30,Load_12,load,0.07664979436417245,0.022994938309251735,0.0,good,synthetic_demo_v1
2024-01-17T17:00:00+05:30,Load_13,load,0.06690268136575524,0.02007080440972657,0.0,good,synthetic_demo_v1
2024-01-17T17:00:00+05:30,Load_14,load,0.022934238862617723,0.0068802716587853165,0.0,good,synthetic_demo_v1
2024-01-17T17:00:00+05:30,Load_15,load,0.020770633436148704,0.006231190030844611,0.0,good,synthetic_demo_v1
2024-01-17T17:00:00+05:30,Load_16,load,0.0208826309118168,0.00626478927354504,0.0,good,synthetic_demo_v1
2024-01-17T17:00:00+05:30,Load_17,load,0.029450630708945293,0.008835189212683588,0.0,good,synthetic_demo_v1
2024-01-17T17:00:00+05:30,Load_18,load,0.04508618986125623,0.013525856958376868,0.0,good,synthetic_demo_v1
2024-01-17T17:00:00+05:30,Load_19,load,0.03850539636877713,0.01155161891063314,0.0,good,synthetic_demo_v1
2024-01-17T17:00:00+05:30,Load_20,load,0.028527936621969938,0.008558380986590982,0.0,good,synthetic_demo_v1
2024-01-17T17:00:00+05:30,Load_21,load,0.051261764815411406,0.015378529444623422,0.0,good,synthetic_demo_v1
2024-01-17T17:00:00+05:30,Load_22,load,0.0177691462098243,0.00533074386294729,0.0,good,synthetic_demo_v1
2024-01-17T17:00:00+05:30,Load_23,load,0.028592850743127007,0.008577855222938103,0.0,good,synthetic_demo_v1
2024-01-17T17:00:00+05:30,Load_24,load,0.03385522114092063,0.010156566342276187,0.0,good,synthetic_demo_v1
2024-01-17T17:00:00+05:30,Load_25,load,0.04021597711899816,0.012064793135699447,0.0,good,synthetic_demo_v1
2024-01-17T17:00:00+05:30,Load_26,load,0.06355123733280561,0.019065371199841682,0.0,good,synthetic_demo_v1
2024-01-17T17:00:00+05:30,Load_27,load,0.022036203709194874,0.006610861112758462,0.0,good,synthetic_demo_v1
2024-01-17T17:00:00+05:30,Load_28,load,0.044340127903246665,0.013302038370973998,0.0,good,synthetic_demo_v1
2024-01-17T17:00:00+05:30,Load_29,load,0.0498834902669999,0.014965047080099969,0.0,good,synthetic_demo_v1
2024-01-17T17:00:00+05:30,Load_30,load,0.011171900279152165,0.0033515700837456496,0.0,good,synthetic_demo_v1
2024-01-17T17:00:00+05:30,Load_31,load,0.05095630302738337,0.01528689090821501,0.0,good,synthetic_demo_v1
2024-01-17T17:00:00+05:30,Load_32,load,0.019969347095398784,0.0059908041286196355,0.0,good,synthetic_demo_v1
2024-01-17T17:00:00+05:30,PV_5,pv,0.0,0.0,0.16167560960849373,good,synthetic_demo_v1
2024-01-17T17:00:00+05:30,PV_10,pv,0.0,0.0,0.21096728667325126,good,synthetic_demo_v1
2024-01-17T17:00:00+05:30,PV_17,pv,0.0,0.0,0.15801341604991412,good,synthetic_demo_v1
2024-01-17T17:00:00+05:30,PV_24,pv,0.0,0.0,0.21449395985096026,good,synthetic_demo_v1
2024-01-17T17:00:00+05:30,PV_30,pv,0.0,0.0,0.1278058814022607,good,synthetic_demo_v1
2024-01-17T17:00:00+05:30,Battery_18,battery,0.0,0.0,0.0,good,synthetic_demo_v1
2024-01-17T18:00:00+05:30,Load_1,load,0.05131985367966188,0.015395956103898564,0.0,good,synthetic_demo_v1
2024-01-17T18:00:00+05:30,Load_2,load,0.11220547112623289,0.03366164133786986,0.0,good,synthetic_demo_v1
2024-01-17T18:00:00+05:30,Load_3,load,0.0890928001073256,0.02672784003219768,0.0,good,synthetic_demo_v1
2024-01-17T18:00:00+05:30,Load_4,load,0.07500294353336975,0.022500883060010926,0.0,good,synthetic_demo_v1
2024-01-17T18:00:00+05:30,Load_5,load,0.028228199410479632,0.00846845982314389,0.0,good,synthetic_demo_v1
2024-01-17T18:00:00+05:30,Load_6,load,0.02822565058480742,0.008467695175442226,0.0,good,synthetic_demo_v1
2024-01-17T18:00:00+05:30,Load_7,load,0.017879185527456723,0.0053637556582370165,0.0,good,synthetic_demo_v1
2024-01-17T18:00:00+05:30,Load_8,load,0.10327213426532152,0.030981640279596455,0.0,good,synthetic_demo_v1
2024-01-17T18:00:00+05:30,Load_9,load,0.07526253030357188,0.022578759091071564,0.0,good,synthetic_demo_v1
2024-01-17T18:00:00+05:30,Load_10,load,0.08656497597066862,0.025969492791200584,0.0,good,synthetic_demo_v1
2024-01-17T18:00:00+05:30,Load_11,load,0.013916569716739307,0.004174970915021792,0.0,good,synthetic_demo_v1
2024-01-17T18:00:00+05:30,Load_12,load,0.11423390745775858,0.03427017223732757,0.0,good,synthetic_demo_v1
2024-01-17T18:00:00+05:30,Load_13,load,0.09970743920721942,0.029912231762165824,0.0,good,synthetic_demo_v1
2024-01-17T18:00:00+05:30,Load_14,load,0.03417970969888184,0.01025391290966455,0.0,good,synthetic_demo_v1
2024-01-17T18:00:00+05:30,Load_15,load,0.030955211784535284,0.009286563535360585,0.0,good,synthetic_demo_v1
2024-01-17T18:00:00+05:30,Load_16,load,0.031122125595291074,0.009336637678587322,0.0,good,synthetic_demo_v1
2024-01-17T18:00:00+05:30,Load_17,load,0.04389131961651809,0.013167395884955427,0.0,good,synthetic_demo_v1
2024-01-17T18:00:00+05:30,Load_18,load,0.06719354804480804,0.020158064413442412,0.0,good,synthetic_demo_v1
2024-01-17T18:00:00+05:30,Load_19,load,0.057385958069460896,0.017215787420838267,0.0,good,synthetic_demo_v1
2024-01-17T18:00:00+05:30,Load_20,load,0.042516195888950316,0.012754858766685095,0.0,good,synthetic_demo_v1
2024-01-17T18:00:00+05:30,Load_21,load,0.07639722645860374,0.02291916793758112,0.0,good,synthetic_demo_v1
2024-01-17T18:00:00+05:30,Load_22,load,0.026481988902572133,0.00794459667077164,0.0,good,synthetic_demo_v1
2024-01-17T18:00:00+05:30,Load_23,load,0.04261293970634045,0.012783881911902134,0.0,good,synthetic_demo_v1
2024-01-17T18:00:00+05:30,Load_24,load,0.050455636976654186,0.015136691092996256,0.0,good,synthetic_demo_v1
2024-01-17T18:00:00+05:30,Load_25,load,0.05993529723913137,0.017980589171739413,0.0,good,synthetic_demo_v1
2024-01-17T18:00:00+05:30,Load_26,load,0.09471266328269619,0.028413798984808857,0.0,good,synthetic_demo_v1
2024-01-17T18:00:00+05:30,Load_27,load,0.03284133605468755,0.009852400816406265,0.0,good,synthetic_demo_v1
2024-01-17T18:00:00+05:30,Load_28,load,0.0660816654445221,0.01982449963335663,0.0,good,synthetic_demo_v1
2024-01-17T18:00:00+05:30,Load_29,load,0.07434313500903533,0.0223029405027106,0.0,good,synthetic_demo_v1
2024-01-17T18:00:00+05:30,Load_30,load,0.016649879274986026,0.004994963782495808,0.0,good,synthetic_demo_v1
2024-01-17T18:00:00+05:30,Load_31,load,0.07594198592058364,0.022782595776175092,0.0,good,synthetic_demo_v1
2024-01-17T18:00:00+05:30,Load_32,load,0.029761026327735456,0.008928307898320637,0.0,good,synthetic_demo_v1
2024-01-17T18:00:00+05:30,PV_5,pv,0.0,0.0,0.08690858975285161,good,synthetic_demo_v1
2024-01-17T18:00:00+05:30,PV_10,pv,0.0,0.0,0.1292748721176858,good,synthetic_demo_v1
2024-01-17T18:00:00+05:30,PV_17,pv,0.0,0.0,0.09245720022021124,good,synthetic_demo_v1
2024-01-17T18:00:00+05:30,PV_24,pv,0.0,0.0,0.12672620804494208,good,synthetic_demo_v1
2024-01-17T18:00:00+05:30,PV_30,pv,0.0,0.0,0.054641266626298306,good,synthetic_demo_v1
2024-01-17T18:00:00+05:30,Battery_18,battery,0.0,0.0,0.0,good,synthetic_demo_v1
2024-01-17T19:00:00+05:30,Load_1,load,0.052114471611012785,0.015634341483303834,0.0,good,synthetic_demo_v1
2024-01-17T19:00:00+05:30,Load_2,load,0.1139428197926792,0.03418284593780376,0.0,good,synthetic_demo_v1
2024-01-17T19:00:00+05:30,Load_3,load,0.09047228058989756,0.02714168417696927,0.0,good,synthetic_demo_v1
2024-01-17T19:00:00+05:30,Load_4,load,0.07616426180617172,0.022849278541851516,0.0,good,synthetic_demo_v1
2024-01-17T19:00:00+05:30,Load_5,load,0.028665274573657765,0.008599582372097328,0.0,good,synthetic_demo_v1
2024-01-17T19:00:00+05:30,Load_6,load,0.028662686282896744,0.008598805884869023,0.0,good,synthetic_demo_v1
2024-01-17T19:00:00+05:30,Load_7,load,0.018156020327235137,0.0054468060981705405,0.0,good,synthetic_demo_v1
2024-01-17T19:00:00+05:30,Load_8,load,0.10487116239600038,0.03146134871880011,0.0,good,synthetic_demo_v1
2024-01-17T19:00:00+05:30,Load_9,load,0.07642786792342095,0.022928360377026284,0.0,good,synthetic_demo_v1
2024-01-17T19:00:00+05:30,Load_10,load,0.08790531654456456,0.026371594963369365,0.0,good,synthetic_demo_v1
2024-01-17T19:00:00+05:30,Load_11,load,0.014132048815897347,0.004239614644769204,0.0,good,synthetic_demo_v1
2024-01-17T19:00:00+05:30,Load_12,load,0.11600266369390871,0.03480079910817261,0.0,good,synthetic_demo_v1
2024-01-17T19:00:00+05:30,Load_13,load,0.1012512728973481,0.03037538186920443,0.0,good,synthetic_demo_v1
2024-01-17T19:00:00+05:30,Load_14,load,0.03470893588071453,0.010412680764214359,0.0,good,synthetic_demo_v1
2024-01-17T19:00:00+05:30,Load_15,load,0.031434511014542726,0.009430353304362817,0.0,good,synthetic_demo_v1
2024-01-17T19:00:00+05:30,Load_16,load,0.03160400925797918,0.009481202777393755,0.0,good,synthetic_demo_v1
2024-01-17T19:00:00+05:30,Load_17,load,0.044570916830797766,0.01337127504923933,0.0,good,synthetic_demo_v1
2024-01-17T19:00:00+05:30,Load_18,load,0.06823394848088045,0.020470184544264133,0.0,good,synthetic_demo_v1
2024-01-17T19:00:00+05:30,Load_19,load,0.05827450135281433,0.0174823504058443,0.0,good,synthetic_demo_v1
2024-01-17T19:00:00+05:30,Load_20,load,0.04317450118804699,0.012952350356414098,0.0,good,synthetic_demo_v1
2024-01-17T19:00:00+05:30,Load_21,load,0.07758013330063046,0.02327403999018914,0.0,good,synthetic_demo_v1
2024-01-17T19:00:00+05:30,Load_22,load,0.026892026377954858,0.008067607913386458,0.0,good,synthetic_demo_v1
2024-01-17T19:00:00+05:30,Load_23,load,0.04327274295148594,0.012981822885445781,0.0,good,synthetic_demo_v1
2024-01-17T19:00:00+05:30,Load_24,load,0.051236873691194354,0.015371062107358306,0.0,good,synthetic_demo_v1
2024-01-17T19:00:00+05:30,Load_25,load,0.06086331356209946,0.01825899406862984,0.0,good,synthetic_demo_v1
2024-01-17T19:00:00+05:30,Load_26,load,0.09617915968076088,0.02885374790422826,0.0,good,synthetic_demo_v1
2024-01-17T19:00:00+05:30,Load_27,load,0.033349839346249306,0.010004951803874791,0.0,good,synthetic_demo_v1
2024-01-17T19:00:00+05:30,Load_28,load,0.06710484989519325,0.020131454968557973,0.0,good,synthetic_demo_v1
2024-01-17T19:00:00+05:30,Load_29,load,0.07549423704685021,0.02264827111405506,0.0,good,synthetic_demo_v1
2024-01-17T19:00:00+05:30,Load_30,load,0.0169076799442809,0.005072303983284269,0.0,good,synthetic_demo_v1
2024-01-17T19:00:00+05:30,Load_31,load,0.07711784398385026,0.023135353195155077,0.0,good,synthetic_demo_v1
2024-01-17T19:00:00+05:30,Load_32,load,0.030221835224873775,0.009066550567462132,0.0,good,synthetic_demo_v1
2024-01-17T19:00:00+05:30,PV_5,pv,0.0,0.0,0.04053884494530269,good,synthetic_demo_v1
2024-01-17T19:00:00+05:30,PV_10,pv,0.0,0.0,0.053815880989619556,good,synthetic_demo_v1
2024-01-17T19:00:00+05:30,PV_17,pv,0.0,0.0,0.048234084885820726,good,synthetic_demo_v1
2024-01-17T19:00:00+05:30,PV_24,pv,0.0,0.0,0.047991629795481966,good,synthetic_demo_v1
2024-01-17T19:00:00+05:30,PV_30,pv,0.0,0.0,0.028141214808125557,good,synthetic_demo_v1
2024-01-17T19:00:00+05:30,Battery_18,battery,0.0,0.0,0.0,good,synthetic_demo_v1
2024-01-17T20:00:00+05:30,Load_1,load,0.05295813371257309,0.015887440113771925,0.0,good,synthetic_demo_v1
2024-01-17T20:00:00+05:30,Load_2,load,0.11578739838730676,0.034736219516192025,0.0,good,synthetic_demo_v1
2024-01-17T20:00:00+05:30,Load_3,load,0.09193690321804482,0.027581070965413446,0.0,good,synthetic_demo_v1
2024-01-17T20:00:00+05:30,Load_4,load,0.07739725715646144,0.02321917714693843,0.0,good,synthetic_demo_v1
2024-01-17T20:00:00+05:30,Load_5,load,0.029129326209240403,0.00873879786277212,0.0,good,synthetic_demo_v1
2024-01-17T20:00:00+05:30,Load_6,load,0.029126696017587838,0.008738008805276351,0.0,good,synthetic_demo_v1
2024-01-17T20:00:00+05:30,Load_7,load,0.018449941493309283,0.005534982447992785,0.0,good,synthetic_demo_v1
2024-01-17T20:00:00+05:30,Load_8,load,0.10656888325020905,0.031970664975062714,0.0,good,synthetic_demo_v1
2024-01-17T20:00:00+05:30,Load_9,load,0.07766513069663539,0.023299539208990614,0.0,good,synthetic_demo_v1
2024-01-17T20:00:00+05:30,Load_10,load,0.08932838353155938,0.02679851505946781,0.0,good,synthetic_demo_v1
2024-01-17T20:00:00+05:30,Load_11,load,0.014360827380369126,0.004308248214110738,0.0,good,synthetic_demo_v1
2024-01-17T20:00:00+05:30,Load_12,load,0.11788058834733484,0.03536417650420045,0.0,good,synthetic_demo_v1
2024-01-17T20:00:00+05:30,Load_13,load,0.10289039268572148,0.03086711780571644,0.0,good,synthetic_demo_v1
2024-01-17T20:00:00+05:30,Load_14,load,0.0352708261365846,0.01058124784097538,0.0,good,synthetic_demo_v1
2024-01-17T20:00:00+05:30,Load_15,load,0.03194339280503651,0.009583017841510952,0.0,good,synthetic_demo_v1
2024-01-17T20:00:00+05:30,Load_16,load,0.03211563499348186,0.009634690498044558,0.0,good,synthetic_demo_v1
2024-01-17T20:00:00+05:30,Load_17,load,0.045292459085751656,0.013587737725725496,0.0,good,synthetic_demo_v1
2024-01-17T20:00:00+05:30,Load_18,load,0.06933856289207162,0.020801568867621485,0.0,good,synthetic_demo_v1
2024-01-17T20:00:00+05:30,Load_19,load,0.05921788592064913,0.01776536577619474,0.0,good,synthetic_demo_v1
2024-01-17T20:00:00+05:30,Load_20,load,0.043873437381394646,0.013162031214418394,0.0,good,synthetic_demo_v1
2024-01-17T20:00:00+05:30,Load_21,load,0.07883604967618683,0.02365081490285605,0.0,good,synthetic_demo_v1
2024-01-17T20:00:00+05:30,Load_22,load,0.02732737154769167,0.0081982114643075,0.0,good,synthetic_demo_v1
2024-01-17T20:00:00+05:30,Load_23,load,0.043973269544775144,0.013191980863432543,0.0,good,synthetic_demo_v1
2024-01-17T20:00:00+05:30,Load_24,load,0.0520663286813234,0.01561989860439702,0.0,good,synthetic_demo_v1
2024-01-17T20:00:00+05:30,Load_25,load,0.061848607463014196,0.018554582238904258,0.0,good,synthetic_demo_v1
2024-01-17T20:00:00+05:30,Load_26,load,0.09773616888519514,0.02932085066555854,0.0,good,synthetic_demo_v1
2024-01-17T20:00:00+05:30,Load_27,load,0.03388972768589449,0.010166918305768347,0.0,good,synthetic_demo_v1
2024-01-17T20:00:00+05:30,Load_28,load,0.06819118574274896,0.02045735572282469,0.0,good,synthetic_demo_v1
2024-01-17T20:00:00+05:30,Load_29,load,0.07671638561161045,0.023014915683483135,0.0,good,synthetic_demo_v1
2024-01-17T20:00:00+05:30,Load_30,load,0.01718139218491862,0.005154417655475586,0.0,good,synthetic_demo_v1
2024-01-17T20:00:00+05:30,Load_31,load,0.07836627652690355,0.023509882958071063,0.0,good,synthetic_demo_v1
2024-01-17T20:00:00+05:30,Load_32,load,0.030711085450974857,0.009213325635292457,0.0,good,synthetic_demo_v1
2024-01-17T20:00:00+05:30,PV_5,pv,0.0,0.0,0.0,good,synthetic_demo_v1
2024-01-17T20:00:00+05:30,PV_10,pv,0.0,0.0,0.0,good,synthetic_demo_v1
2024-01-17T20:00:00+05:30,PV_17,pv,0.0,0.0,0.0,good,synthetic_demo_v1
2024-01-17T20:00:00+05:30,PV_24,pv,0.0,0.0,0.0,good,synthetic_demo_v1
2024-01-17T20:00:00+05:30,PV_30,pv,0.0,0.0,0.0,good,synthetic_demo_v1
2024-01-17T20:00:00+05:30,Battery_18,battery,0.0,0.0,0.0,good,synthetic_demo_v1
2024-01-17T21:00:00+05:30,Load_1,load,0.05114867668588046,0.015344603005764137,0.0,good,synthetic_demo_v1
2024-01-17T21:00:00+05:30,Load_2,load,0.11183121060411397,0.033549363181234186,0.0,good,synthetic_demo_v1
2024-01-17T21:00:00+05:30,Load_3,load,0.088795631729077,0.026638689518723096,0.0,good,synthetic_demo_v1
2024-01-17T21:00:00+05:30,Load_4,load,0.07475277176789787,0.02242583153036936,0.0,good,synthetic_demo_v1
2024-01-17T21:00:00+05:30,Load_5,load,0.02813404445935468,0.008440213337806403,0.0,good,synthetic_demo_v1
2024-01-17T21:00:00+05:30,Load_6,load,0.028131504135271712,0.008439451240581514,0.0,good,synthetic_demo_v1
2024-01-17T21:00:00+05:30,Load_7,load,0.017819549635878507,0.005345864890763552,0.0,good,synthetic_demo_v1
2024-01-17T21:00:00+05:30,Load_8,load,0.10292767082247396,0.030878301246742186,0.0,good,synthetic_demo_v1
2024-01-17T21:00:00+05:30,Load_9,load,0.07501149268834084,0.022503447806502253,0.0,good,synthetic_demo_v1
2024-01-17T21:00:00+05:30,Load_10,load,0.08627623913120074,0.02588287173936022,0.0,good,synthetic_demo_v1
2024-01-17T21:00:00+05:30,Load_11,load,0.013870151100997909,0.004161045330299372,0.0,good,synthetic_demo_v1
2024-01-17T21:00:00+05:30,Load_12,load,0.11385288110120306,0.03415586433036092,0.0,good,synthetic_demo_v1
2024-01-17T21:00:00+05:30,Load_13,load,0.09937486577847056,0.029812459733541165,0.0,good,synthetic_demo_v1
2024-01-17T21:00:00+05:30,Load_14,load,0.03406570352904557,0.01021971105871367,0.0,good,synthetic_demo_v1
2024-01-17T21:00:00+05:30,Load_15,load,0.03085196090373155,0.009255588271119464,0.0,good,synthetic_demo_v1
2024-01-17T21:00:00+05:30,Load_16,load,0.031018317974701524,0.009305495392410457,0.0,good,synthetic_demo_v1
2024-01-17T21:00:00+05:30,Load_17,load,0.043744920443364706,0.013123476133009411,0.0,good,synthetic_demo_v1
2024-01-17T21:00:00+05:30,Load_18,load,0.06696942446044217,0.02009082733813265,0.0,good,synthetic_demo_v1
2024-01-17T21:00:00+05:30,Load_19,load,0.057194547629187374,0.017158364288756212,0.0,good,synthetic_demo_v1
2024-01-17T21:00:00+05:30,Load_20,load,0.04237438343085719,0.012712315029257158,0.0,good,synthetic_demo_v1
2024-01-17T21:00:00+05:30,Load_21,load,0.07614240407270897,0.022842721221812693,0.0,good,synthetic_demo_v1
2024-01-17T21:00:00+05:30,Load_22,load,0.02639365842372878,0.007918097527118634,0.0,good,synthetic_demo_v1
2024-01-17T21:00:00+05:30,Load_23,load,0.042470804559957304,0.012741241367987191,0.0,good,synthetic_demo_v1
2024-01-17T21:00:00+05:30,Load_24,load,0.05028734257131739,0.015086202771395215,0.0,good,synthetic_demo_v1
2024-01-17T21:00:00+05:30,Load_25,load,0.05973538349684305,0.017920615049052915,0.0,good,synthetic_demo_v1
2024-01-17T21:00:00+05:30,Load_26,load,0.09439674989223794,0.02831902496767138,0.0,good,synthetic_demo_v1
2024-01-17T21:00:00+05:30,Load_27,load,0.03273179402027925,0.009819538206083776,0.0,good,synthetic_demo_v1
2024-01-17T21:00:00+05:30,Load_28,load,0.06586125053637622,0.019758375160912865,0.0,good,synthetic_demo_v1
2024-01-17T21:00:00+05:30,Load_29,load,0.07409516403003436,0.022228549209010306,0.0,good,synthetic_demo_v1
2024-01-17T21:00:00+05:30,Load_30,load,0.01659434372535438,0.004978303117606314,0.0,good,synthetic_demo_v1
2024-01-17T21:00:00+05:30,Load_31,load,0.07568868198614885,0.022706604595844653,0.0,good,synthetic_demo_v1
2024-01-17T21:00:00+05:30,Load_32,load,0.02966175864372313,0.008898527593116939,0.0,good,synthetic_demo_v1
2024-01-17T21:00:00+05:30,PV_5,pv,0.0,0.0,0.0,good,synthetic_demo_v1
2024-01-17T21:00:00+05:30,PV_10,pv,0.0,0.0,0.0,good,synthetic_demo_v1
2024-01-17T21:00:00+05:30,PV_17,pv,0.0,0.0,0.0,good,synthetic_demo_v1
2024-01-17T21:00:00+05:30,PV_24,pv,0.0,0.0,0.0,good,synthetic_demo_v1
2024-01-17T21:00:00+05:30,PV_30,pv,0.0,0.0,0.0,good,synthetic_demo_v1
2024-01-17T21:00:00+05:30,Battery_18,battery,0.0,0.0,0.0,good,synthetic_demo_v1
2024-01-17T22:00:00+05:30,Load_1,load,0.052802944593221955,0.015840883377966585,0.0,good,synthetic_demo_v1
2024-01-17T22:00:00+05:30,Load_2,load,0.11544809367379077,0.03463442810213723,0.0,good,synthetic_demo_v1
2024-01-17T22:00:00+05:30,Load_3,load,0.0916674902677374,0.02750024708032122,0.0,good,synthetic_demo_v1
2024-01-17T22:00:00+05:30,Load_4,load,0.07717045135088878,0.023151135405266633,0.0,good,synthetic_demo_v1
2024-01-17T22:00:00+05:30,Load_5,load,0.029043965299314103,0.00871318958979423,0.0,good,synthetic_demo_v1
2024-01-17T22:00:00+05:30,Load_6,load,0.02904134281520517,0.00871240284456155,0.0,good,synthetic_demo_v1
2024-01-17T22:00:00+05:30,Load_7,load,0.018395875574219938,0.005518762672265982,0.0,good,synthetic_demo_v1
2024-01-17T22:00:00+05:30,Load_8,load,0.10625659257864584,0.03187697777359375,0.0,good,synthetic_demo_v1
2024-01-17T22:00:00+05:30,Load_9,load,0.07743753991138383,0.023231261973415147,0.0,good,synthetic_demo_v1
2024-01-17T22:00:00+05:30,Load_10,load,0.08906661461710777,0.02671998438513233,0.0,good,synthetic_demo_v1
2024-01-17T22:00:00+05:30,Load_11,load,0.014318744247938347,0.004295623274381504,0.0,good,synthetic_demo_v1
2024-01-17T22:00:00+05:30,Load_12,load,0.11753514972607404,0.03526054491782221,0.0,good,synthetic_demo_v1
2024-01-17T22:00:00+05:30,Load_13,load,0.1025888815048847,0.03077666445146541,0.0,good,synthetic_demo_v1
2024-01-17T22:00:00+05:30,Load_14,load,0.03516746810518887,0.01055024043155666,0.0,good,synthetic_demo_v1
2024-01-17T22:00:00+05:30,Load_15,load,0.0318497855222458,0.00955493565667374,0.0,good,synthetic_demo_v1
2024-01-17T22:00:00+05:30,Load_16,load,0.03202152297021663,0.00960645689106499,0.0,good,synthetic_demo_v1
2024-01-17T22:00:00+05:30,Load_17,load,0.045159733546802076,0.013547920064040623,0.0,good,synthetic_demo_v1
2024-01-17T22:00:00+05:30,Load_18,load,0.0691353723761313,0.020740611712839387,0.0,good,synthetic_demo_v1
2024-01-17T22:00:00+05:30,Load_19,load,0.0590443531519957,0.01771330594559871,0.0,good,synthetic_demo_v1
2024-01-17T22:00:00+05:30,Load_20,load,0.04374487015984036,0.013123461047952109,0.0,good,synthetic_demo_v1
2024-01-17T22:00:00+05:30,Load_21,load,0.07860502761659592,0.023581508284978774,0.0,good,synthetic_demo_v1
2024-01-17T22:00:00+05:30,Load_22,load,0.02724729110626817,0.008174187331880451,0.0,good,synthetic_demo_v1
2024-01-17T22:00:00+05:30,Load_23,load,0.04384440977391008,0.013153322932173025,0.0,good,synthetic_demo_v1
2024-01-17T22:00:00+05:30,Load_24,load,0.05191375291761247,0.01557412587528374,0.0,good,synthetic_demo_v1
2024-01-17T22:00:00+05:30,Load_25,load,0.06166736559793313,0.018500209679379938,0.0,good,synthetic_demo_v1
2024-01-17T22:00:00+05:30,Load_26,load,0.0974497617005997,0.02923492851017991,0.0,good,synthetic_demo_v1
2024-01-17T22:00:00+05:30,Load_27,load,0.03379041684115875,0.010137125052347625,0.0,good,synthetic_demo_v1
2024-01-17T22:00:00+05:30,Load_28,load,0.06799135751390005,0.020397407254170014,0.0,good,synthetic_demo_v1
2024-01-17T22:00:00+05:30,Load_29,load,0.07649157503978245,0.022947472511934734,0.0,good,synthetic_demo_v1
2024-01-17T22:00:00+05:30,Load_30,load,0.017131043637198345,0.005139313091159503,0.0,good,synthetic_demo_v1
2024-01-17T22:00:00+05:30,Load_31,load,0.07813663109591,0.023440989328773,0.0,good,synthetic_demo_v1
2024-01-17T22:00:00+05:30,Load_32,load,0.030621089335716688,0.009186326800715006,0.0,good,synthetic_demo_v1
2024-01-17T22:00:00+05:30,PV_5,pv,0.0,0.0,0.0,good,synthetic_demo_v1
2024-01-17T22:00:00+05:30,PV_10,pv,0.0,0.0,0.0,good,synthetic_demo_v1
2024-01-17T22:00:00+05:30,PV_17,pv,0.0,0.0,0.0,good,synthetic_demo_v1
2024-01-17T22:00:00+05:30,PV_24,pv,0.0,0.0,0.0,good,synthetic_demo_v1
2024-01-17T22:00:00+05:30,PV_30,pv,0.0,0.0,0.0,good,synthetic_demo_v1
2024-01-17T22:00:00+05:30,Battery_18,battery,0.0,0.0,0.0,good,synthetic_demo_v1
2024-01-17T23:00:00+05:30,Load_1,load,0.03498009806925418,0.010494029420776254,0.0,good,synthetic_demo_v1
2024-01-17T23:00:00+05:30,Load_2,load,0.07648031127294426,0.022944093381883277,0.0,good,synthetic_demo_v1
2024-01-17T23:00:00+05:30,Load_3,load,0.0607264959185527,0.018217948775565807,0.0,good,synthetic_demo_v1
2024-01-17T23:00:00+05:30,Load_4,load,0.051122716301113445,0.015336814890334033,0.0,good,synthetic_demo_v1
2024-01-17T23:00:00+05:30,Load_5,load,0.019240607930422808,0.005772182379126843,0.0,good,synthetic_demo_v1
2024-01-17T23:00:00+05:30,Load_6,load,0.019238870626717072,0.005771661188015122,0.0,good,synthetic_demo_v1
2024-01-17T23:00:00+05:30,Load_7,load,0.01218662210248427,0.003655986630745281,0.0,good,synthetic_demo_v1
2024-01-17T23:00:00+05:30,Load_8,load,0.07039126430428147,0.02111737929128444,0.0,good,synthetic_demo_v1
2024-01-17T23:00:00+05:30,Load_9,load,0.05129965310096934,0.0153898959302908,0.0,good,synthetic_demo_v1
2024-01-17T23:00:00+05:30,Load_10,load,0.05900350705825649,0.017701052117476947,0.0,good,synthetic_demo_v1
2024-01-17T23:00:00+05:30,Load_11,load,0.009485665655201866,0.00284569969656056,0.0,good,synthetic_demo_v1
2024-01-17T23:00:00+05:30,Load_12,load,0.07786291267798541,0.023358873803395623,0.0,good,synthetic_demo_v1
2024-01-17T23:00:00+05:30,Load_13,load,0.06796153440875737,0.02038846032262721,0.0,good,synthetic_demo_v1
2024-01-17T23:00:00+05:30,Load_14,load,0.02329721368085947,0.006989164104257841,0.0,good,synthetic_demo_v1
2024-01-17T23:00:00+05:30,Load_15,load,0.02109936537887477,0.006329809613662431,0.0,good,synthetic_demo_v1
2024-01-17T23:00:00+05:30,Load_16,load,0.02121313541231632,0.006363940623694896,0.0,good,synthetic_demo_v1
2024-01-17T23:00:00+05:30,Load_17,load,0.02991673893223185,0.008975021679669555,0.0,good,synthetic_demo_v1
2024-01-17T23:00:00+05:30,Load_18,load,0.04579975841123663,0.01373992752337099,0.0,good,synthetic_demo_v1
2024-01-17T23:00:00+05:30,Load_19,load,0.03911481224396733,0.011734443673190199,0.0,good,synthetic_demo_v1
2024-01-17T23:00:00+05:30,Load_20,load,0.02897944158240051,0.008693832474720152,0.0,good,synthetic_demo_v1
2024-01-17T23:00:00+05:30,Load_21,load,0.05207307274143783,0.01562192182243135,0.0,good,synthetic_demo_v1
2024-01-17T23:00:00+05:30,Load_22,load,0.018050374318350496,0.005415112295505149,0.0,good,synthetic_demo_v1
2024-01-17T23:00:00+05:30,Load_23,load,0.029045383084124667,0.0087136149252374,0.0,good,synthetic_demo_v1
2024-01-17T23:00:00+05:30,Load_24,load,0.03439103978368317,0.010317311935104951,0.0,good,synthetic_demo_v1
2024-01-17T23:00:00+05:30,Load_25,load,0.04085246595442997,0.012255739786328991,0.0,good,synthetic_demo_v1
2024-01-17T23:00:00+05:30,Load_26,load,0.06455704785732722,0.019367114357198165,0.0,good,synthetic_demo_v1
2024-01-17T23:00:00+05:30,Load_27,load,0.022384965535737135,0.00671548966072114,0.0,good,synthetic_demo_v1
2024-01-17T23:00:00+05:30,Load_28,load,0.045041888705639375,0.013512566611691812,0.0,good,synthetic_demo_v1
2024-01-17T23:00:00+05:30,Load_29,load,0.05067298456508368,0.015201895369525103,0.0,good,synthetic_demo_v1
2024-01-17T23:00:00+05:30,Load_30,load,0.011348715324008522,0.0034046145972025563,0.0,good,synthetic_demo_v1
2024-01-17T23:00:00+05:30,Load_31,load,0.051762776481350206,0.01552883294440506,0.0,good,synthetic_demo_v1
2024-01-17T23:00:00+05:30,Load_32,load,0.020285397267186846,0.006085619180156054,0.0,good,synthetic_demo_v1
2024-01-17T23:00:00+05:30,PV_5,pv,0.0,0.0,0.0,good,synthetic_demo_v1
2024-01-17T23:00:00+05:30,PV_10,pv,0.0,0.0,0.0,good,synthetic_demo_v1
2024-01-17T23:00:00+05:30,PV_17,pv,0.0,0.0,0.0,good,synthetic_demo_v1
2024-01-17T23:00:00+05:30,PV_24,pv,0.0,0.0,0.0,good,synthetic_demo_v1
2024-01-17T23:00:00+05:30,PV_30,pv,0.0,0.0,0.0,good,synthetic_demo_v1
2024-01-17T23:00:00+05:30,Battery_18,battery,0.0,0.0,0.0,good,synthetic_demo_v1
2024-01-18T00:00:00+05:30,Load_1,load,0.0372640064108392,0.01117920192325176,0.0,good,synthetic_demo_v1
2024-01-18T00:00:00+05:30,Load_2,load,0.08147383703543565,0.024442151110630694,0.0,good,synthetic_demo_v1
2024-01-18T00:00:00+05:30,Load_3,load,0.06469142907308596,0.019407428721925787,0.0,good,synthetic_demo_v1
2024-01-18T00:00:00+05:30,Load_4,load,0.05446060283228997,0.01633818084968699,0.0,good,synthetic_demo_v1
2024-01-18T00:00:00+05:30,Load_5,load,0.020496858981019033,0.00614905769430571,0.0,good,synthetic_demo_v1
2024-01-18T00:00:00+05:30,Load_6,load,0.020495008245886733,0.00614850247376602,0.0,good,synthetic_demo_v1
2024-01-18T00:00:00+05:30,Load_7,load,0.012982306774965854,0.003894692032489756,0.0,good,synthetic_demo_v1
2024-01-18T00:00:00+05:30,Load_8,load,0.07498722613952204,0.02249616784185661,0.0,good,synthetic_demo_v1
2024-01-18T00:00:00+05:30,Load_9,load,0.05464909212786283,0.016394727638358846,0.0,good,synthetic_demo_v1
2024-01-18T00:00:00+05:30,Load_10,load,0.0628559434261113,0.018856783027833387,0.0,good,synthetic_demo_v1
2024-01-18T00:00:00+05:30,Load_11,load,0.01010500042300356,0.003031500126901068,0.0,good,synthetic_demo_v1
2024-01-18T00:00:00+05:30,Load_12,load,0.08294671076835333,0.024884013230506,0.0,good,synthetic_demo_v1
2024-01-18T00:00:00+05:30,Load_13,load,0.07239885516857271,0.02171965655057181,0.0,good,synthetic_demo_v1
2024-01-18T00:00:00+05:30,Load_14,load,0.02481832721679239,0.007445498165037717,0.0,good,synthetic_demo_v1
2024-01-18T00:00:00+05:30,Load_15,load,0.022476977771371694,0.006743093331411508,0.0,good,synthetic_demo_v1
2024-01-18T00:00:00+05:30,Load_16,load,0.022598176038087062,0.006779452811426118,0.0,good,synthetic_demo_v1
2024-01-18T00:00:00+05:30,Load_17,load,0.03187005219810865,0.009561015659432594,0.0,good,synthetic_demo_v1
2024-01-18T00:00:00+05:30,Load_18,load,0.0487901002356337,0.01463703007069011,0.0,good,synthetic_demo_v1
2024-01-18T00:00:00+05:30,Load_19,load,0.04166868289883692,0.012500604869651075,0.0,good,synthetic_demo_v1
2024-01-18T00:00:00+05:30,Load_20,load,0.03087155715719059,0.009261467147157178,0.0,good,synthetic_demo_v1
2024-01-18T00:00:00+05:30,Load_21,load,0.05547300961327488,0.016641902883982464,0.0,good,synthetic_demo_v1
2024-01-18T00:00:00+05:30,Load_22,load,0.019228913051798125,0.005768673915539437,0.0,good,synthetic_demo_v1
2024-01-18T00:00:00+05:30,Load_23,load,0.03094180408840629,0.009282541226521886,0.0,good,synthetic_demo_v1
2024-01-18T00:00:00+05:30,Load_24,load,0.03663648753749534,0.010990946261248602,0.0,good,synthetic_demo_v1
2024-01-18T00:00:00+05:30,Load_25,load,0.043519790888251406,0.013055937266475422,0.0,good,synthetic_demo_v1
2024-01-18T00:00:00+05:30,Load_26,load,0.06877208407070615,0.020631625221211845,0.0,good,synthetic_demo_v1
2024-01-18T00:00:00+05:30,Load_27,load,0.02384651688450536,0.007153955065351608,0.0,good,synthetic_demo_v1
2024-01-18T00:00:00+05:30,Load_28,load,0.04798274796600757,0.01439482438980227,0.0,good,synthetic_demo_v1
2024-01-18T00:00:00+05:30,Load_29,load,0.05398150736888127,0.01619445221066438,0.0,good,synthetic_demo_v1
2024-01-18T00:00:00+05:30,Load_30,load,0.012089691679862673,0.0036269075039588017,0.0,good,synthetic_demo_v1
2024-01-18T00:00:00+05:30,Load_31,load,0.05514245359818675,0.016542736079456024,0.0,good,synthetic_demo_v1
2024-01-18T00:00:00+05:30,Load_32,load,0.021609864338124413,0.006482959301437324,0.0,good,synthetic_demo_v1
2024-01-18T00:00:00+05:30,PV_5,pv,0.0,0.0,0.0,good,synthetic_demo_v1
2024-01-18T00:00:00+05:30,PV_10,pv,0.0,0.0,0.0,good,synthetic_demo_v1
2024-01-18T00:00:00+05:30,PV_17,pv,0.0,0.0,0.0,good,synthetic_demo_v1
2024-01-18T00:00:00+05:30,PV_24,pv,0.0,0.0,0.0,good,synthetic_demo_v1
2024-01-18T00:00:00+05:30,PV_30,pv,0.0,0.0,0.0,good,synthetic_demo_v1
2024-01-18T00:00:00+05:30,Battery_18,battery,0.0,0.0,0.0,good,synthetic_demo_v1
2024-01-18T01:00:00+05:30,Load_1,load,0.034118978275065034,0.01023569348251951,0.0,good,synthetic_demo_v1
2024-01-18T01:00:00+05:30,Load_2,load,0.07459756326656385,0.022379268979969152,0.0,good,synthetic_demo_v1
2024-01-18T01:00:00+05:30,Load_3,load,0.05923156621413386,0.017769469864240158,0.0,good,synthetic_demo_v1
2024-01-18T01:00:00+05:30,Load_4,load,0.04986420688091548,0.014959262064274644,0.0,good,synthetic_demo_v1
2024-01-18T01:00:00+05:30,Load_5,load,0.01876695378833558,0.005630086136500674,0.0,good,synthetic_demo_v1
2024-01-18T01:00:00+05:30,Load_6,load,0.018765259252566245,0.005629577775769873,0.0,good,synthetic_demo_v1
2024-01-18T01:00:00+05:30,Load_7,load,0.011886618897919901,0.0035659856693759703,0.0,good,synthetic_demo_v1
2024-01-18T01:00:00+05:30,Load_8,load,0.06865841292946802,0.020597523878840406,0.0,good,synthetic_demo_v1
2024-01-18T01:00:00+05:30,Load_9,load,0.05003678795311233,0.015011036385933698,0.0,good,synthetic_demo_v1
2024-01-18T01:00:00+05:30,Load_10,load,0.05755099289566463,0.01726529786869939,0.0,good,synthetic_demo_v1
2024-01-18T01:00:00+05:30,Load_11,load,0.009252153032093069,0.0027756459096279205,0.0,good,synthetic_demo_v1
2024-01-18T01:00:00+05:30,Load_12,load,0.0759461285910029,0.02278383857730087,0.0,good,synthetic_demo_v1
2024-01-18T01:00:00+05:30,Load_13,load,0.06628849671723967,0.019886549015171902,0.0,good,synthetic_demo_v1
2024-01-18T01:00:00+05:30,Load_14,load,0.022723696367948458,0.006817108910384537,0.0,good,synthetic_demo_v1
2024-01-18T01:00:00+05:30,Load_15,load,0.02057995342249298,0.006173986026747894,0.0,good,synthetic_demo_v1
2024-01-18T01:00:00+05:30,Load_16,load,0.02069092273114559,0.0062072768193436765,0.0,good,synthetic_demo_v1
2024-01-18T01:00:00+05:30,Load_17,load,0.0291802659806372,0.00875407979419116,0.0,good,synthetic_demo_v1
2024-01-18T01:00:00+05:30,Load_18,load,0.04467228648537426,0.013401685945612278,0.0,good,synthetic_demo_v1
2024-01-18T01:00:00+05:30,Load_19,load,0.03815190645100509,0.011445571935301525,0.0,good,synthetic_demo_v1
2024-01-18T01:00:00+05:30,Load_20,load,0.028266042474091917,0.008479812742227574,0.0,good,synthetic_demo_v1
2024-01-18T01:00:00+05:30,Load_21,load,0.05079116799682774,0.01523735039904832,0.0,good,synthetic_demo_v1
2024-01-18T01:00:00+05:30,Load_22,load,0.01760602065795533,0.005281806197386598,0.0,good,synthetic_demo_v1
2024-01-18T01:00:00+05:30,Load_23,load,0.028330360666119204,0.00849910819983576,0.0,good,synthetic_demo_v1
2024-01-18T01:00:00+05:30,Load_24,load,0.033544421085192275,0.010063326325557682,0.0,good,synthetic_demo_v1
2024-01-18T01:00:00+05:30,Load_25,load,0.03984678360885306,0.011954035082655919,0.0,good,synthetic_demo_v1
2024-01-18T01:00:00+05:30,Load_26,load,0.06296781984389227,0.01889034595316768,0.0,good,synthetic_demo_v1
2024-01-18T01:00:00+05:30,Load_27,load,0.02183390541929887,0.006550171625789661,0.0,good,synthetic_demo_v1
2024-01-18T01:00:00+05:30,Load_28,load,0.04393307357723978,0.013179922073171934,0.0,good,synthetic_demo_v1
2024-01-18T01:00:00+05:30,Load_29,load,0.04942554638028373,0.014827663914085118,0.0,good,synthetic_demo_v1
2024-01-18T01:00:00+05:30,Load_30,load,0.011069339223210477,0.003320801766963143,0.0,good,synthetic_demo_v1
2024-01-18T01:00:00+05:30,Load_31,load,0.05048851043035084,0.015146553129105251,0.0,good,synthetic_demo_v1
2024-01-18T01:00:00+05:30,Load_32,load,0.0197860231063374,0.00593580693190122,0.0,good,synthetic_demo_v1
2024-01-18T01:00:00+05:30,PV_5,pv,0.0,0.0,0.0,good,synthetic_demo_v1
2024-01-18T01:00:00+05:30,PV_10,pv,0.0,0.0,0.0,good,synthetic_demo_v1
2024-01-18T01:00:00+05:30,PV_17,pv,0.0,0.0,0.0,good,synthetic_demo_v1
2024-01-18T01:00:00+05:30,PV_24,pv,0.0,0.0,0.0,good,synthetic_demo_v1
2024-01-18T01:00:00+05:30,PV_30,pv,0.0,0.0,0.0,good,synthetic_demo_v1
2024-01-18T01:00:00+05:30,Battery_18,battery,0.0,0.0,0.0,good,synthetic_demo_v1
2024-01-18T02:00:00+05:30,Load_1,load,0.017981944744981715,0.005394583423494514,0.0,good,synthetic_demo_v1
2024-01-18T02:00:00+05:30,Load_2,load,0.039315633954665134,0.01179469018639954,0.0,good,synthetic_demo_v1
2024-01-18T02:00:00+05:30,Load_3,load,0.03121719361683467,0.009365158085050401,0.0,good,synthetic_demo_v1
2024-01-18T02:00:00+05:30,Load_4,load,0.02628025392953389,0.007884076178860167,0.0,good,synthetic_demo_v1
2024-01-18T02:00:00+05:30,Load_5,load,0.009890868458394141,0.0029672605375182424,0.0,good,synthetic_demo_v1
2024-01-18T02:00:00+05:30,Load_6,load,0.009889975376299862,0.0029669926128899583,0.0,good,synthetic_demo_v1
2024-01-18T02:00:00+05:30,Load_7,load,0.006264681272219126,0.0018794043816657377,0.0,good,synthetic_demo_v1
2024-01-18T02:00:00+05:30,Load_8,load,0.036185485322053616,0.010855645596616085,0.0,good,synthetic_demo_v1
2024-01-18T02:00:00+05:30,Load_9,load,0.026371210442922257,0.007911363132876676,0.0,good,synthetic_demo_v1
2024-01-18T02:00:00+05:30,Load_10,load,0.03033147024291143,0.00909944107287343,0.0,good,synthetic_demo_v1
2024-01-18T02:00:00+05:30,Load_11,load,0.004876221768833009,0.0014628665306499024,0.0,good,synthetic_demo_v1
2024-01-18T02:00:00+05:30,Load_12,load,0.040026377018351295,0.012007913105505388,0.0,good,synthetic_demo_v1
2024-01-18T02:00:00+05:30,Load_13,load,0.03493645312551592,0.010480935937654777,0.0,good,synthetic_demo_v1
2024-01-18T02:00:00+05:30,Load_14,load,0.011976215969773557,0.0035928647909320667,0.0,good,synthetic_demo_v1
2024-01-18T02:00:00+05:30,Load_15,load,0.010846385325905858,0.0032539155977717575,0.0,good,synthetic_demo_v1
2024-01-18T02:00:00+05:30,Load_16,load,0.010904870194957119,0.0032714610584871355,0.0,good,synthetic_demo_v1
2024-01-18T02:00:00+05:30,Load_17,load,0.015379063413840979,0.0046137190241522935,0.0,good,synthetic_demo_v1
2024-01-18T02:00:00+05:30,Load_18,load,0.023543922702956795,0.007063176810887038,0.0,good,synthetic_demo_v1
2024-01-18T02:00:00+05:30,Load_19,load,0.020107444841601936,0.0060322334524805805,0.0,good,synthetic_demo_v1
2024-01-18T02:00:00+05:30,Load_20,load,0.014897234314307974,0.004469170294292392,0.0,good,synthetic_demo_v1
2024-01-18T02:00:00+05:30,Load_21,load,0.026768796213323863,0.008030638863997158,0.0,good,synthetic_demo_v1
2024-01-18T02:00:00+05:30,Load_22,load,0.009279014397735682,0.0027837043193207046,0.0,good,synthetic_demo_v1
2024-01-18T02:00:00+05:30,Load_23,load,0.014931132345069846,0.004479339703520954,0.0,good,synthetic_demo_v1
2024-01-18T02:00:00+05:30,Load_24,load,0.017679132170764784,0.005303739651229435,0.0,good,synthetic_demo_v1
2024-01-18T02:00:00+05:30,Load_25,load,0.02100070686006711,0.0063002120580201324,0.0,good,synthetic_demo_v1
2024-01-18T02:00:00+05:30,Load_26,load,0.03318633541767967,0.0099559006253039,0.0,good,synthetic_demo_v1
2024-01-18T02:00:00+05:30,Load_27,load,0.011507263718501278,0.003452179115550383,0.0,good,synthetic_demo_v1
2024-01-18T02:00:00+05:30,Load_28,load,0.02315433056565162,0.0069462991696954855,0.0,good,synthetic_demo_v1
2024-01-18T02:00:00+05:30,Load_29,load,0.02604906386221787,0.007814719158665362,0.0,good,synthetic_demo_v1
2024-01-18T02:00:00+05:30,Load_30,load,0.005833945104408325,0.0017501835313224975,0.0,good,synthetic_demo_v1
2024-01-18T02:00:00+05:30,Load_31,load,0.026609284647849597,0.00798278539435488,0.0,good,synthetic_demo_v1
2024-01-18T02:00:00+05:30,Load_32,load,0.010427955120834066,0.0031283865362502195,0.0,good,synthetic_demo_v1
2024-01-18T02:00:00+05:30,PV_5,pv,0.0,0.0,0.0,good,synthetic_demo_v1
2024-01-18T02:00:00+05:30,PV_10,pv,0.0,0.0,0.0,good,synthetic_demo_v1
2024-01-18T02:00:00+05:30,PV_17,pv,0.0,0.0,0.0,good,synthetic_demo_v1
2024-01-18T02:00:00+05:30,PV_24,pv,0.0,0.0,0.0,good,synthetic_demo_v1
2024-01-18T02:00:00+05:30,PV_30,pv,0.0,0.0,0.0,good,synthetic_demo_v1
2024-01-18T02:00:00+05:30,Battery_18,battery,0.0,0.0,0.0,good,synthetic_demo_v1
2024-01-18T03:00:00+05:30,Load_1,load,0.01718085639096987,0.0051542569172909605,0.0,good,synthetic_demo_v1
2024-01-18T03:00:00+05:30,Load_2,load,0.0375641383885104,0.01126924151655312,0.0,good,synthetic_demo_v1
2024-01-18T03:00:00+05:30,Load_3,load,0.029826480287101068,0.00894794408613032,0.0,good,synthetic_demo_v1
2024-01-18T03:00:00+05:30,Load_4,load,0.02510947926294512,0.007532843778883536,0.0,good,synthetic_demo_v1
2024-01-18T03:00:00+05:30,Load_5,load,0.00945023427530369,0.0028350702825911066,0.0,good,synthetic_demo_v1
2024-01-18T03:00:00+05:30,Load_6,load,0.009449380979654929,0.0028348142938964785,0.0,good,synthetic_demo_v1
2024-01-18T03:00:00+05:30,Load_7,load,0.0059855922593262684,0.0017956776777978804,0.0,good,synthetic_demo_v1
2024-01-18T03:00:00+05:30,Load_8,load,0.03457343660947744,0.010372030982843231,0.0,good,synthetic_demo_v1
2024-01-18T03:00:00+05:30,Load_9,load,0.02519638370050797,0.007558915110152391,0.0,good,synthetic_demo_v1
2024-01-18T03:00:00+05:30,Load_10,load,0.028980215530684927,0.008694064659205478,0.0,good,synthetic_demo_v1
2024-01-18T03:00:00+05:30,Load_11,load,0.004658988064359453,0.0013976964193078358,0.0,good,synthetic_demo_v1
2024-01-18T03:00:00+05:30,Load_12,load,0.03824321813662706,0.011472965440988117,0.0,good,synthetic_demo_v1
2024-01-18T03:00:00+05:30,Load_13,load,0.03338004829132011,0.010014014487396033,0.0,good,synthetic_demo_v1
2024-01-18T03:00:00+05:30,Load_14,load,0.011442680399812822,0.0034328041199438463,0.0,good,synthetic_demo_v1
2024-01-18T03:00:00+05:30,Load_15,load,0.010363183253441864,0.003108954976032559,0.0,good,synthetic_demo_v1
2024-01-18T03:00:00+05:30,Load_16,load,0.01041906264526876,0.003125718793580628,0.0,good,synthetic_demo_v1
2024-01-18T03:00:00+05:30,Load_17,load,0.014693932368719964,0.004408179710615989,0.0,good,synthetic_demo_v1
2024-01-18T03:00:00+05:30,Load_18,load,0.022495050484040803,0.006748515145212241,0.0,good,synthetic_demo_v1
2024-01-18T03:00:00+05:30,Load_19,load,0.019211666319312898,0.005763499895793869,0.0,good,synthetic_demo_v1
2024-01-18T03:00:00+05:30,Load_20,load,0.0142335685603851,0.004270070568115529,0.0,good,synthetic_demo_v1
2024-01-18T03:00:00+05:30,Load_21,load,0.025576257185897774,0.007672877155769332,0.0,good,synthetic_demo_v1
2024-01-18T03:00:00+05:30,Load_22,load,0.008865638065189184,0.0026596914195567553,0.0,good,synthetic_demo_v1
2024-01-18T03:00:00+05:30,Load_23,load,0.014265956447608417,0.004279786934282525,0.0,good,synthetic_demo_v1
2024-01-18T03:00:00+05:30,Load_24,load,0.016891533994266763,0.005067460198280029,0.0,good,synthetic_demo_v1
2024-01-18T03:00:00+05:30,Load_25,load,0.020065133876710488,0.006019540163013146,0.0,good,synthetic_demo_v1
2024-01-18T03:00:00+05:30,Load_26,load,0.03170789761840586,0.009512369285521757,0.0,good,synthetic_demo_v1
2024-01-18T03:00:00+05:30,Load_27,load,0.010994619781365,0.0032983859344095,0.0,good,synthetic_demo_v1
2024-01-18T03:00:00+05:30,Load_28,load,0.022122814518631153,0.0066368443555893455,0.0,good,synthetic_demo_v1
2024-01-18T03:00:00+05:30,Load_29,load,0.02488858861947433,0.007466576585842298,0.0,good,synthetic_demo_v1
2024-01-18T03:00:00+05:30,Load_30,load,0.005574045213302821,0.0016722135639908463,0.0,good,synthetic_demo_v1
2024-01-18T03:00:00+05:30,Load_31,load,0.025423851796048218,0.007627155538814465,0.0,good,synthetic_demo_v1
2024-01-18T03:00:00+05:30,Load_32,load,0.009963393944502475,0.0029890181833507425,0.0,good,synthetic_demo_v1
2024-01-18T03:00:00+05:30,PV_5,pv,0.0,0.0,0.0,good,synthetic_demo_v1
2024-01-18T03:00:00+05:30,PV_10,pv,0.0,0.0,0.0,good,synthetic_demo_v1
2024-01-18T03:00:00+05:30,PV_17,pv,0.0,0.0,0.0,good,synthetic_demo_v1
2024-01-18T03:00:00+05:30,PV_24,pv,0.0,0.0,0.0,good,synthetic_demo_v1
2024-01-18T03:00:00+05:30,PV_30,pv,0.0,0.0,0.0,good,synthetic_demo_v1
2024-01-18T03:00:00+05:30,Battery_18,battery,0.0,0.0,0.0,good,synthetic_demo_v1
2024-01-18T04:00:00+05:30,Load_1,load,0.018102064547418972,0.0054306193642256915,0.0,good,synthetic_demo_v1
2024-01-18T04:00:00+05:30,Load_2,load,0.039578263289273,0.011873478986781899,0.0,good,synthetic_demo_v1
2024-01-18T04:00:00+05:30,Load_3,load,0.03142572518464222,0.009427717555392666,0.0,good,synthetic_demo_v1
2024-01-18T04:00:00+05:30,Load_4,load,0.026455806627241826,0.007936741988172548,0.0,good,synthetic_demo_v1
2024-01-18T04:00:00+05:30,Load_5,load,0.009956939686061926,0.0029870819058185776,0.0,good,synthetic_demo_v1
2024-01-18T04:00:00+05:30,Load_6,load,0.009956040638158817,0.0029868121914476448,0.0,good,synthetic_demo_v1
2024-01-18T04:00:00+05:30,Load_7,load,0.006306529486493132,0.0018919588459479395,0.0,good,synthetic_demo_v1
2024-01-18T04:00:00+05:30,Load_8,load,0.03642720519215801,0.010928161557647403,0.0,good,synthetic_demo_v1
2024-01-18T04:00:00+05:30,Load_9,load,0.026547370732221288,0.007964211219666386,0.0,good,synthetic_demo_v1
2024-01-18T04:00:00+05:30,Load_10,load,0.030534085158310215,0.009160225547493064,0.0,good,synthetic_demo_v1
2024-01-18T04:00:00+05:30,Load_11,load,0.004908795041847649,0.0014726385125542947,0.0,good,synthetic_demo_v1
2024-01-18T04:00:00+05:30,Load_12,load,0.04029375413289088,0.012088126239867264,0.0,good,synthetic_demo_v1
2024-01-18T04:00:00+05:30,Load_13,load,0.035169829431961674,0.010550948829588501,0.0,good,synthetic_demo_v1
2024-01-18T04:00:00+05:30,Load_14,load,0.012056217366543314,0.003616865209962994,0.0,good,synthetic_demo_v1
2024-01-18T04:00:00+05:30,Load_15,load,0.010918839428116897,0.0032756518284350693,0.0,good,synthetic_demo_v1
2024-01-18T04:00:00+05:30,Load_16,load,0.010977714977431925,0.0032933144932295773,0.0,good,synthetic_demo_v1
2024-01-18T04:00:00+05:30,Load_17,load,0.015481795909415806,0.004644538772824742,0.0,good,synthetic_demo_v1
2024-01-18T04:00:00+05:30,Load_18,load,0.023701196645446607,0.007110358993633981,0.0,good,synthetic_demo_v1
2024-01-18T04:00:00+05:30,Load_19,load,0.02024176303332952,0.0060725289099988556,0.0,good,synthetic_demo_v1
2024-01-18T04:00:00+05:30,Load_20,load,0.01499674818047062,0.0044990244541411855,0.0,good,synthetic_demo_v1
2024-01-18T04:00:00+05:30,Load_21,load,0.026947612384668456,0.008084283715400537,0.0,good,synthetic_demo_v1
2024-01-18T04:00:00+05:30,Load_22,load,0.009340998426275171,0.0028022995278825513,0.0,good,synthetic_demo_v1
2024-01-18T04:00:00+05:30,Load_23,load,0.015030872650853783,0.004509261795256135,0.0,good,synthetic_demo_v1
2024-01-18T04:00:00+05:30,Load_24,load,0.017797229178276003,0.0053391687534828005,0.0,good,synthetic_demo_v1
2024-01-18T04:00:00+05:30,Load_25,load,0.02114099206252153,0.006342297618756459,0.0,good,synthetic_demo_v1
2024-01-18T04:00:00+05:30,Load_26,load,0.0334080208977833,0.010022406269334991,0.0,good,synthetic_demo_v1
2024-01-18T04:00:00+05:30,Load_27,load,0.011584132503499937,0.003475239751049981,0.0,good,synthetic_demo_v1
2024-01-18T04:00:00+05:30,Load_28,load,0.0233090020237479,0.006992700607124369,0.0,good,synthetic_demo_v1
2024-01-18T04:00:00+05:30,Load_29,load,0.02622307220498504,0.007866921661495512,0.0,good,synthetic_demo_v1
2024-01-18T04:00:00+05:30,Load_30,load,0.005872915991223384,0.0017618747973670152,0.0,good,synthetic_demo_v1
2024-01-18T04:00:00+05:30,Load_31,load,0.026787035278286186,0.008036110583485856,0.0,good,synthetic_demo_v1
2024-01-18T04:00:00+05:30,Load_32,load,0.010497614099698892,0.0031492842299096677,0.0,good,synthetic_demo_v1
2024-01-18T04:00:00+05:30,PV_5,pv,0.0,0.0,0.0,good,synthetic_demo_v1
2024-01-18T04:00:00+05:30,PV_10,pv,0.0,0.0,0.0,good,synthetic_demo_v1
2024-01-18T04:00:00+05:30,PV_17,pv,0.0,0.0,0.0,good,synthetic_demo_v1
2024-01-18T04:00:00+05:30,PV_24,pv,0.0,0.0,0.0,good,synthetic_demo_v1
2024-01-18T04:00:00+05:30,PV_30,pv,0.0,0.0,0.0,good,synthetic_demo_v1
2024-01-18T04:00:00+05:30,Battery_18,battery,0.0,0.0,0.0,good,synthetic_demo_v1
2024-01-18T05:00:00+05:30,Load_1,load,0.01723736008739294,0.005171208026217882,0.0,good,synthetic_demo_v1
2024-01-18T05:00:00+05:30,Load_2,load,0.03768767778745527,0.01130630333623658,0.0,good,synthetic_demo_v1
2024-01-18T05:00:00+05:30,Load_3,load,0.02992457239317308,0.008977371717951923,0.0,good,synthetic_demo_v1
2024-01-18T05:00:00+05:30,Load_4,load,0.02519205828935271,0.007557617486805812,0.0,good,synthetic_demo_v1
2024-01-18T05:00:00+05:30,Load_5,load,0.009481313818515478,0.002844394145554643,0.0,good,synthetic_demo_v1
2024-01-18T05:00:00+05:30,Load_6,load,0.009480457716582954,0.002844137314974886,0.0,good,synthetic_demo_v1
2024-01-18T05:00:00+05:30,Load_7,load,0.006005277429857757,0.0018015832289573269,0.0,good,synthetic_demo_v1
2024-01-18T05:00:00+05:30,Load_8,load,0.034687140310971094,0.010406142093291328,0.0,good,synthetic_demo_v1
2024-01-18T05:00:00+05:30,Load_9,load,0.02527924853466845,0.007583774560400535,0.0,good,synthetic_demo_v1
2024-01-18T05:00:00+05:30,Load_10,load,0.029075524475906167,0.008722657342771849,0.0,good,synthetic_demo_v1
2024-01-18T05:00:00+05:30,Load_11,load,0.004674310353379087,0.0014022931060137262,0.0,good,synthetic_demo_v1
2024-01-18T05:00:00+05:30,Load_12,load,0.03836899086521869,0.011510697259565605,0.0,good,synthetic_demo_v1
2024-01-18T05:00:00+05:30,Load_13,load,0.03348982722621834,0.010046948167865503,0.0,good,synthetic_demo_v1
2024-01-18T05:00:00+05:30,Load_14,load,0.011480312618187981,0.0034440937854563944,0.0,good,synthetic_demo_v1
2024-01-18T05:00:00+05:30,Load_15,load,0.010397265265840087,0.003119179579752026,0.0,good,synthetic_demo_v1
2024-01-18T05:00:00+05:30,Load_16,load,0.010453328431520872,0.0031359985294562615,0.0,good,synthetic_demo_v1
2024-01-18T05:00:00+05:30,Load_17,load,0.014742257171333392,0.004422677151400017,0.0,good,synthetic_demo_v1
2024-01-18T05:00:00+05:30,Load_18,load,0.022569031284220234,0.00677070938526607,0.0,good,synthetic_demo_v1
2024-01-18T05:00:00+05:30,Load_19,load,0.01927484886020523,0.005782454658061569,0.0,good,synthetic_demo_v1
2024-01-18T05:00:00+05:30,Load_20,load,0.014280379337371495,0.004284113801211448,0.0,good,synthetic_demo_v1
2024-01-18T05:00:00+05:30,Load_21,load,0.025660371332409698,0.007698111399722909,0.0,good,synthetic_demo_v1
2024-01-18T05:00:00+05:30,Load_22,load,0.008894795012342038,0.0026684385037026113,0.0,good,synthetic_demo_v1
2024-01-18T05:00:00+05:30,Load_23,load,0.01431287374055105,0.004293862122165315,0.0,good,synthetic_demo_v1
2024-01-18T05:00:00+05:30,Load_24,load,0.016947086179048054,0.005084125853714416,0.0,good,synthetic_demo_v1
2024-01-18T05:00:00+05:30,Load_25,load,0.02013112326673029,0.006039336980019087,0.0,good,synthetic_demo_v1
2024-01-18T05:00:00+05:30,Load_26,load,0.031812177252696146,0.009543653175808844,0.0,good,synthetic_demo_v1
2024-01-18T05:00:00+05:30,Load_27,load,0.011030778436339839,0.0033092335309019517,0.0,good,synthetic_demo_v1
2024-01-18T05:00:00+05:30,Load_28,load,0.022195571124421866,0.00665867133732656,0.0,good,synthetic_demo_v1
2024-01-18T05:00:00+05:30,Load_29,load,0.02497044118978582,0.007491132356935745,0.0,good,synthetic_demo_v1
2024-01-18T05:00:00+05:30,Load_30,load,0.005592376904774643,0.0016777130714323927,0.0,good,synthetic_demo_v1
2024-01-18T05:00:00+05:30,Load_31,load,0.02550746471795961,0.007652239415387882,0.0,good,synthetic_demo_v1
2024-01-18T05:00:00+05:30,Load_32,load,0.00999616114620492,0.002998848343861476,0.0,good,synthetic_demo_v1
2024-01-18T05:00:00+05:30,PV_5,pv,0.0,0.0,0.0,good,synthetic_demo_v1
2024-01-18T05:00:00+05:30,PV_10,pv,0.0,0.0,0.0,good,synthetic_demo_v1
2024-01-18T05:00:00+05:30,PV_17,pv,0.0,0.0,0.0,good,synthetic_demo_v1
2024-01-18T05:00:00+05:30,PV_24,pv,0.0,0.0,0.0,good,synthetic_demo_v1
2024-01-18T05:00:00+05:30,PV_30,pv,0.0,0.0,0.0,good,synthetic_demo_v1
2024-01-18T05:00:00+05:30,Battery_18,battery,0.0,0.0,0.0,good,synthetic_demo_v1
2024-01-18T06:00:00+05:30,Load_1,load,0.03497238923292028,0.010491716769876083,0.0,good,synthetic_demo_v1
2024-01-18T06:00:00+05:30,Load_2,load,0.07646345671178204,0.02293903701353461,0.0,good,synthetic_demo_v1
2024-01-18T06:00:00+05:30,Load_3,load,0.06071311314823454,0.01821393394447036,0.0,good,synthetic_demo_v1
2024-01-18T06:00:00+05:30,Load_4,load,0.051111449990420735,0.01533343499712622,0.0,good,synthetic_demo_v1
2024-01-18T06:00:00+05:30,Load_5,load,0.019236367727973786,0.005770910318392135,0.0,good,synthetic_demo_v1
2024-01-18T06:00:00+05:30,Load_6,load,0.01923463080713118,0.005770389242139354,0.0,good,synthetic_demo_v1
2024-01-18T06:00:00+05:30,Load_7,load,0.012183936441767565,0.003655180932530269,0.0,good,synthetic_demo_v1
2024-01-18T06:00:00+05:30,Load_8,load,0.07037575163376855,0.021112725490130563,0.0,good,synthetic_demo_v1
2024-01-18T06:00:00+05:30,Load_9,load,0.05128834779733759,0.015386504339201277,0.0,good,synthetic_demo_v1
2024-01-18T06:00:00+05:30,Load_10,load,0.0589905039963972,0.01769715119891916,0.0,good,synthetic_demo_v1
2024-01-18T06:00:00+05:30,Load_11,load,0.009483575225269129,0.0028450725675807386,0.0,good,synthetic_demo_v1
2024-01-18T06:00:00+05:30,Load_12,load,0.07784575342219582,0.023353726026658746,0.0,good,synthetic_demo_v1
2024-01-18T06:00:00+05:30,Load_13,load,0.06794655719672324,0.020383967159016973,0.0,good,synthetic_demo_v1
2024-01-18T06:00:00+05:30,Load_14,load,0.02329207949264347,0.006987623847793042,0.0,good,synthetic_demo_v1
2024-01-18T06:00:00+05:30,Load_15,load,0.02109471554758691,0.006328414664276073,0.0,good,synthetic_demo_v1
2024-01-18T06:00:00+05:30,Load_16,load,0.02120846050864113,0.006362538152592339,0.0,good,synthetic_demo_v1
2024-01-18T06:00:00+05:30,Load_17,load,0.02991014594774061,0.008973043784322184,0.0,good,synthetic_demo_v1
2024-01-18T06:00:00+05:30,Load_18,load,0.04578966516218326,0.013736899548654978,0.0,good,synthetic_demo_v1
2024-01-18T06:00:00+05:30,Load_19,load,0.039106192208505364,0.011731857662551609,0.0,good,synthetic_demo_v1
2024-01-18T06:00:00+05:30,Load_20,load,0.02897305515741782,0.008691916547225346,0.0,good,synthetic_demo_v1
2024-01-18T06:00:00+05:30,Load_21,load,0.05206159699330321,0.015618479097990964,0.0,good,synthetic_demo_v1
2024-01-18T06:00:00+05:30,Load_22,load,0.018046396416941807,0.005413918925082542,0.0,good,synthetic_demo_v1
2024-01-18T06:00:00+05:30,Load_23,load,0.029038982127100255,0.008711694638130076,0.0,good,synthetic_demo_v1
2024-01-18T06:00:00+05:30,Load_24,load,0.03438346076270615,0.010315038228811845,0.0,good,synthetic_demo_v1
2024-01-18T06:00:00+05:30,Load_25,load,0.04084346297870202,0.012253038893610605,0.0,good,synthetic_demo_v1
2024-01-18T06:00:00+05:30,Load_26,load,0.06454282091847911,0.019362846275543733,0.0,good,synthetic_demo_v1
2024-01-18T06:00:00+05:30,Load_27,load,0.022380032386741574,0.006714009716022472,0.0,good,synthetic_demo_v1
2024-01-18T06:00:00+05:30,Load_28,load,0.04503196247422876,0.013509588742268628,0.0,good,synthetic_demo_v1
2024-01-18T06:00:00+05:30,Load_29,load,0.05066181736527226,0.015198545209581677,0.0,good,synthetic_demo_v1
2024-01-18T06:00:00+05:30,Load_30,load,0.011346214319326958,0.0034038642957980873,0.0,good,synthetic_demo_v1
2024-01-18T06:00:00+05:30,Load_31,load,0.05175136911561633,0.015525410734684898,0.0,good,synthetic_demo_v1
2024-01-18T06:00:00+05:30,Load_32,load,0.020280926816383896,0.006084278044915168,0.0,good,synthetic_demo_v1
2024-01-18T06:00:00+05:30,PV_5,pv,0.0,0.0,0.04450330837148808,good,synthetic_demo_v1
2024-01-18T06:00:00+05:30,PV_10,pv,0.0,0.0,0.07523980416400905,good,synthetic_demo_v1
2024-01-18T06:00:00+05:30,PV_17,pv,0.0,0.0,0.054792467001619105,good,synthetic_demo_v1
2024-01-18T06:00:00+05:30,PV_24,pv,0.0,0.0,0.05182842762996846,good,synthetic_demo_v1
2024-01-18T06:00:00+05:30,PV_30,pv,0.0,0.0,0.031948149143463264,good,synthetic_demo_v1
2024-01-18T06:00:00+05:30,Battery_18,battery,0.0,0.0,0.0,good,synthetic_demo_v1
2024-01-18T07:00:00+05:30,Load_1,load,0.05252425726890828,0.015757277180672484,0.0,good,synthetic_demo_v1
2024-01-18T07:00:00+05:30,Load_2,load,0.11483877310330136,0.034451631930990406,0.0,good,synthetic_demo_v1
2024-01-18T07:00:00+05:30,Load_3,load,0.09118368074184698,0.02735510422255409,0.0,good,synthetic_demo_v1
2024-01-18T07:00:00+05:30,Load_4,load,0.07676315537963686,0.023028946613891058,0.0,good,synthetic_demo_v1
2024-01-18T07:00:00+05:30,Load_5,load,0.028890674890245435,0.00866720246707363,0.0,good,synthetic_demo_v1
2024-01-18T07:00:00+05:30,Load_6,load,0.02888806624727898,0.008666419874183694,0.0,good,synthetic_demo_v1
2024-01-18T07:00:00+05:30,Load_7,load,0.018298784448304874,0.005489635334491462,0.0,good,synthetic_demo_v1
2024-01-18T07:00:00+05:30,Load_8,load,0.1056957835990604,0.031708735079718116,0.0,good,synthetic_demo_v1
2024-01-18T07:00:00+05:30,Load_9,load,0.07702883428018106,0.02310865028405432,0.0,good,synthetic_demo_v1
2024-01-18T07:00:00+05:30,Load_10,load,0.0885965321869604,0.026578959656088117,0.0,good,synthetic_demo_v1
2024-01-18T07:00:00+05:30,Load_11,load,0.01424317171021851,0.004272951513065552,0.0,good,synthetic_demo_v1
2024-01-18T07:00:00+05:30,Load_12,load,0.11691481393528991,0.03507444418058697,0.0,good,synthetic_demo_v1
2024-01-18T07:00:00+05:30,Load_13,load,0.10204743024471011,0.030614229073413032,0.0,good,synthetic_demo_v1
2024-01-18T07:00:00+05:30,Load_14,load,0.03498185861570635,0.010494557584711905,0.0,good,synthetic_demo_v1
2024-01-18T07:00:00+05:30,Load_15,load,0.03168168634566506,0.009504505903699518,0.0,good,synthetic_demo_v1
2024-01-18T07:00:00+05:30,Load_16,load,0.03185251738490759,0.009555755215472276,0.0,good,synthetic_demo_v1
2024-01-18T07:00:00+05:30,Load_17,load,0.04492138613254647,0.01347641583976394,0.0,good,synthetic_demo_v1
2024-01-18T07:00:00+05:30,Load_18,load,0.06877048454475443,0.020631145363426327,0.0,good,synthetic_demo_v1
2024-01-18T07:00:00+05:30,Load_19,load,0.058732724455480285,0.017619817336644084,0.0,good,synthetic_demo_v1
2024-01-18T07:00:00+05:30,Load_20,load,0.043513990217230875,0.013054197065169262,0.0,good,synthetic_demo_v1
2024-01-18T07:00:00+05:30,Load_21,load,0.07819016013159427,0.02345704803947828,0.0,good,synthetic_demo_v1
2024-01-18T07:00:00+05:30,Load_22,load,0.027103483318431723,0.008131044995529517,0.0,good,synthetic_demo_v1
2024-01-18T07:00:00+05:30,Load_23,load,0.043613004473691805,0.01308390134210754,0.0,good,synthetic_demo_v1
2024-01-18T07:00:00+05:30,Load_24,load,0.05163975863552943,0.015491927590658828,0.0,good,synthetic_demo_v1
2024-01-18T07:00:00+05:30,Load_25,load,0.06134189297044319,0.018402567891132957,0.0,good,synthetic_demo_v1
2024-01-18T07:00:00+05:30,Load_26,load,0.09693543407071915,0.029080630221215743,0.0,good,synthetic_demo_v1
2024-01-18T07:00:00+05:30,Load_27,load,0.033612075255676124,0.010083622576702837,0.0,good,synthetic_demo_v1
2024-01-18T07:00:00+05:30,Load_28,load,0.06763250764959844,0.02028975229487953,0.0,good,synthetic_demo_v1
2024-01-18T07:00:00+05:30,Load_29,load,0.07608786209262396,0.022826358627787185,0.0,good,synthetic_demo_v1
2024-01-18T07:00:00+05:30,Load_30,load,0.01704062813573852,0.005112188440721556,0.0,good,synthetic_demo_v1
2024-01-18T07:00:00+05:30,Load_31,load,0.07772423574904522,0.023317270724713565,0.0,good,synthetic_demo_v1
2024-01-18T07:00:00+05:30,Load_32,load,0.030459475063628606,0.009137842519088581,0.0,good,synthetic_demo_v1
2024-01-18T07:00:00+05:30,PV_5,pv,0.0,0.0,0.06880344991687425,good,synthetic_demo_v1
2024-01-18T07:00:00+05:30,PV_10,pv,0.0,0.0,0.14696222620801258,good,synthetic_demo_v1
2024-01-18T07:00:00+05:30,PV_17,pv,0.0,0.0,0.09855783219640535,good,synthetic_demo_v1
2024-01-18T07:00:00+05:30,PV_24,pv,0.0,0.0,0.10021630150635083,good,synthetic_demo_v1
2024-01-18T07:00:00+05:30,PV_30,pv,0.0,0.0,0.0671698895893973,good,synthetic_demo_v1
2024-01-18T07:00:00+05:30,Battery_18,battery,0.0,0.0,0.0,good,synthetic_demo_v1
2024-01-18T08:00:00+05:30,Load_1,load,0.05003638886963224,0.015010916660889672,0.0,good,synthetic_demo_v1
2024-01-18T08:00:00+05:30,Load_2,load,0.1093993100919042,0.03281979302757126,0.0,good,synthetic_demo_v1
2024-01-18T08:00:00+05:30,Load_3,load,0.0868646668301243,0.026059400049037288,0.0,good,synthetic_demo_v1
2024-01-18T08:00:00+05:30,Load_4,load,0.07312718528833272,0.021938155586499815,0.0,good,synthetic_demo_v1
2024-01-18T08:00:00+05:30,Load_5,load,0.027522236746984983,0.008256671024095495,0.0,good,synthetic_demo_v1
2024-01-18T08:00:00+05:30,Load_6,load,0.02751975166522127,0.00825592549956638,0.0,good,synthetic_demo_v1
2024-01-18T08:00:00+05:30,Load_7,load,0.017432042680952938,0.005229612804285882,0.0,good,synthetic_demo_v1
2024-01-18T08:00:00+05:30,Load_8,load,0.10068938819956794,0.03020681645987038,0.0,good,synthetic_demo_v1
2024-01-18T08:00:00+05:30,Load_9,load,0.07338028001966851,0.02201408400590055,0.0,good,synthetic_demo_v1
2024-01-18T08:00:00+05:30,Load_10,load,0.08440006137186795,0.025320018411560386,0.0,good,synthetic_demo_v1
2024-01-18T08:00:00+05:30,Load_11,load,0.013568528437836801,0.004070558531351041,0.0,good,synthetic_demo_v1
2024-01-18T08:00:00+05:30,Load_12,load,0.11137701699876806,0.03341310509963042,0.0,good,synthetic_demo_v1
2024-01-18T08:00:00+05:30,Load_13,load,0.09721384305787284,0.029164152917361852,0.0,good,synthetic_demo_v1
2024-01-18T08:00:00+05:30,Load_14,load,0.03332490495042387,0.00999747148512716,0.0,good,synthetic_demo_v1
2024-01-18T08:00:00+05:30,Load_15,load,0.030181048918435555,0.009054314675530667,0.0,good,synthetic_demo_v1
2024-01-18T08:00:00+05:30,Load_16,load,0.030343788360266796,0.009103136508080038,0.0,good,synthetic_demo_v1
2024-01-18T08:00:00+05:30,Load_17,load,0.042793635968680854,0.012838090790604256,0.0,good,synthetic_demo_v1
2024-01-18T08:00:00+05:30,Load_18,load,0.06551309597425344,0.01965392879227603,0.0,good,synthetic_demo_v1
2024-01-18T08:00:00+05:30,Load_19,load,0.055950785275872474,0.01678523558276174,0.0,good,synthetic_demo_v1
2024-01-18T08:00:00+05:30,Load_20,load,0.04145290288697865,0.012435870866093594,0.0,good,synthetic_demo_v1
2024-01-18T08:00:00+05:30,Load_21,load,0.07448659841286671,0.022345979523860013,0.0,good,synthetic_demo_v1
2024-01-18T08:00:00+05:30,Load_22,load,0.025819697441879282,0.007745909232563785,0.0,good,synthetic_demo_v1
2024-01-18T08:00:00+05:30,Load_23,load,0.04154722722581798,0.012464168167745393,0.0,good,synthetic_demo_v1
2024-01-18T08:00:00+05:30,Load_24,load,0.04919378547311357,0.01475813564193407,0.0,good,synthetic_demo_v1
2024-01-18T08:00:00+05:30,Load_25,load,0.058436367694919195,0.01753091030847576,0.0,good,synthetic_demo_v1
2024-01-18T08:00:00+05:30,Load_26,load,0.09234398212576411,0.027703194637729234,0.0,good,synthetic_demo_v1
2024-01-18T08:00:00+05:30,Load_27,load,0.03202000286454143,0.009606000859362428,0.0,good,synthetic_demo_v1
2024-01-18T08:00:00+05:30,Load_28,load,0.0644290205886813,0.01932870617660439,0.0,good,synthetic_demo_v1
2024-01-18T08:00:00+05:30,Load_29,load,0.07248387800010132,0.021745163400030396,0.0,good,synthetic_demo_v1
2024-01-18T08:00:00+05:30,Load_30,load,0.016233480306390467,0.00487004409191714,0.0,good,synthetic_demo_v1
2024-01-18T08:00:00+05:30,Load_31,load,0.07404274304391383,0.022212822913174148,0.0,good,synthetic_demo_v1
2024-01-18T08:00:00+05:30,Load_32,load,0.02901672899905559,0.008705018699716677,0.0,good,synthetic_demo_v1
2024-01-18T08:00:00+05:30,PV_5,pv,0.0,0.0,0.11915837644965482,good,synthetic_demo_v1
2024-01-18T08:00:00+05:30,PV_10,pv,0.0,0.0,0.23413207651130002,good,synthetic_demo_v1
2024-01-18T08:00:00+05:30,PV_17,pv,0.0,0.0,0.1667594884896209,good,synthetic_demo_v1
2024-01-18T08:00:00+05:30,PV_24,pv,0.0,0.0,0.21173407401286498,good,synthetic_demo_v1
2024-01-18T08:00:00+05:30,PV_30,pv,0.0,0.0,0.1111673745482299,good,synthetic_demo_v1
2024-01-18T08:00:00+05:30,Battery_18,battery,0.0,0.0,0.0,good,synthetic_demo_v1
2024-01-18T09:00:00+05:30,Load_1,load,0.054460770072459155,0.016338231021737745,0.0,good,synthetic_demo_v1
2024-01-18T09:00:00+05:30,Load_2,load,0.11907275500084755,0.03572182650025426,0.0,good,synthetic_demo_v1
2024-01-18T09:00:00+05:30,Load_3,load,0.0945455248575563,0.028363657457266888,0.0,good,synthetic_demo_v1
2024-01-18T09:00:00+05:30,Load_4,load,0.0795933302543157,0.023877999076294707,0.0,good,synthetic_demo_v1
2024-01-18T09:00:00+05:30,Load_5,load,0.02995584296186144,0.008986752888558432,0.0,good,synthetic_demo_v1
2024-01-18T09:00:00+05:30,Load_6,load,0.02995313814103799,0.008985941442311397,0.0,good,synthetic_demo_v1
2024-01-18T09:00:00+05:30,Load_7,load,0.018973440925447223,0.005692032277634167,0.0,good,synthetic_demo_v1
2024-01-18T09:00:00+05:30,Load_8,load,0.10959267331942364,0.03287780199582709,0.0,good,synthetic_demo_v1
2024-01-18T09:00:00+05:30,Load_9,load,0.07986880444982054,0.023960641334946162,0.0,good,synthetic_demo_v1
2024-01-18T09:00:00+05:30,Load_10,load,0.09186299092148144,0.027558897276444432,0.0,good,synthetic_demo_v1
2024-01-18T09:00:00+05:30,Load_11,load,0.014768302113087413,0.004430490633926224,0.0,good,synthetic_demo_v1
2024-01-18T09:00:00+05:30,Load_12,load,0.12122533722267922,0.036367601166803765,0.0,good,synthetic_demo_v1
2024-01-18T09:00:00+05:30,Load_13,load,0.10580980910571162,0.031742942731713485,0.0,good,synthetic_demo_v1
2024-01-18T09:00:00+05:30,Load_14,load,0.036271602071848895,0.010881480621554668,0.0,good,synthetic_demo_v1
2024-01-18T09:00:00+05:30,Load_15,load,0.032849756004077545,0.009854926801223263,0.0,good,synthetic_demo_v1
2024-01-18T09:00:00+05:30,Load_16,load,0.033026885399773616,0.009908065619932084,0.0,good,synthetic_demo_v1
2024-01-18T09:00:00+05:30,Load_17,load,0.04657758926462622,0.013973276779387865,0.0,good,synthetic_demo_v1
2024-01-18T09:00:00+05:30,Load_18,load,0.07130597825284248,0.021391793475852742,0.0,good,synthetic_demo_v1
2024-01-18T09:00:00+05:30,Load_19,load,0.060898136758469466,0.01826944102754084,0.0,good,synthetic_demo_v1
2024-01-18T09:00:00+05:30,Load_20,load,0.04511830417749959,0.013535491253249876,0.0,good,synthetic_demo_v1
2024-01-18T09:00:00+05:30,Load_21,load,0.0810729471347749,0.02432188414043247,0.0,good,synthetic_demo_v1
2024-01-18T09:00:00+05:30,Load_22,load,0.028102759561373283,0.008430827868411985,0.0,good,synthetic_demo_v1
2024-01-18T09:00:00+05:30,Load_23,load,0.045220968982970455,0.013566290694891136,0.0,good,synthetic_demo_v1
2024-01-18T09:00:00+05:30,Load_24,load,0.05354366092696031,0.016063098278088092,0.0,good,synthetic_demo_v1
2024-01-18T09:00:00+05:30,Load_25,load,0.06360350250683597,0.01908105075205079,0.0,good,synthetic_demo_v1
2024-01-18T09:00:00+05:30,Load_26,load,0.10050933913775621,0.03015280174132686,0.0,good,synthetic_demo_v1
2024-01-18T09:00:00+05:30,Load_27,load,0.03485131627441705,0.010455394882325116,0.0,good,synthetic_demo_v1
2024-01-18T09:00:00+05:30,Load_28,load,0.07012604537501865,0.021037813612505594,0.0,good,synthetic_demo_v1
2024-01-18T09:00:00+05:30,Load_29,load,0.07889313963101574,0.02366794188930472,0.0,good,synthetic_demo_v1
2024-01-18T09:00:00+05:30,Load_30,load,0.01766889774451109,0.005300669323353327,0.0,good,synthetic_demo_v1
2024-01-18T09:00:00+05:30,Load_31,load,0.08058984462198265,0.024176953386594795,0.0,good,synthetic_demo_v1
2024-01-18T09:00:00+05:30,Load_32,load,0.03158248310823872,0.009474744932471616,0.0,good,synthetic_demo_v1
2024-01-18T09:00:00+05:30,PV_5,pv,0.0,0.0,0.24194094264581892,good,synthetic_demo_v1
2024-01-18T09:00:00+05:30,PV_10,pv,0.0,0.0,0.3506159668133002,good,synthetic_demo_v1
2024-01-18T09:00:00+05:30,PV_17,pv,0.0,0.0,0.263785076261569,good,synthetic_demo_v1
2024-01-18T09:00:00+05:30,PV_24,pv,0.0,0.0,0.34131945008021564,good,synthetic_demo_v1
2024-01-18T09:00:00+05:30,PV_30,pv,0.0,0.0,0.16628970216593983,good,synthetic_demo_v1
2024-01-18T09:00:00+05:30,Battery_18,battery,0.0,0.0,0.0,good,synthetic_demo_v1
2024-01-18T10:00:00+05:30,Load_1,load,0.035643892224205664,0.010693167667261699,0.0,good,synthetic_demo_v1
2024-01-18T10:00:00+05:30,Load_2,load,0.07793162748970674,0.02337948824691202,0.0,good,synthetic_demo_v1
2024-01-18T10:00:00+05:30,Load_3,load,0.06187886241454177,0.01856365872436253,0.0,good,synthetic_demo_v1
2024-01-18T10:00:00+05:30,Load_4,load,0.052092838231553355,0.015627851469466006,0.0,good,synthetic_demo_v1
2024-01-18T10:00:00+05:30,Load_5,load,0.019605724204729474,0.005881717261418842,0.0,good,synthetic_demo_v1
2024-01-18T10:00:00+05:30,Load_6,load,0.01960395393336187,0.005881186180008561,0.0,good,synthetic_demo_v1
2024-01-18T10:00:00+05:30,Load_7,load,0.012417879559344916,0.0037253638678034747,0.0,good,synthetic_demo_v1
2024-01-18T10:00:00+05:30,Load_8,load,0.0717270327092848,0.021518109812785437,0.0,good,synthetic_demo_v1
2024-01-18T10:00:00+05:30,Load_9,load,0.05227313264388099,0.015681939793164297,0.0,good,synthetic_demo_v1
2024-01-18T10:00:00+05:30,Load_10,load,0.06012317753571963,0.018036953260715888,0.0,good,synthetic_demo_v1
2024-01-18T10:00:00+05:30,Load_11,load,0.009665668850312443,0.0028997006550937326,0.0,good,synthetic_demo_v1
2024-01-18T10:00:00+05:30,Load_12,load,0.07934046560596228,0.023802139681788684,0.0,good,synthetic_demo_v1
2024-01-18T10:00:00+05:30,Load_13,load,0.06925119543865937,0.020775358631597813,0.0,good,synthetic_demo_v1
2024-01-18T10:00:00+05:30,Load_14,load,0.02373930947594253,0.0071217928427827586,0.0,good,synthetic_demo_v1
2024-01-18T10:00:00+05:30,Load_15,load,0.021499754062289957,0.006449926218686987,0.0,good,synthetic_demo_v1
2024-01-18T10:00:00+05:30,Load_16,load,0.02161568303431017,0.006484704910293051,0.0,good,synthetic_demo_v1
2024-01-18T10:00:00+05:30,Load_17,load,0.030484449074127642,0.009145334722238291,0.0,good,synthetic_demo_v1
2024-01-18T10:00:00+05:30,Load_18,load,0.0466688700950112,0.01400066102850336,0.0,good,synthetic_demo_v1
2024-01-18T10:00:00+05:30,Load_19,load,0.039857068131534196,0.011957120439460258,0.0,good,synthetic_demo_v1
2024-01-18T10:00:00+05:30,Load_20,load,0.029529365253228163,0.008858809575968449,0.0,good,synthetic_demo_v1
2024-01-18T10:00:00+05:30,Load_21,load,0.05306122895665758,0.015918368686997274,0.0,good,synthetic_demo_v1
2024-01-18T10:00:00+05:30,Load_22,load,0.018392904317651407,0.0055178712952954215,0.0,good,synthetic_demo_v1
2024-01-18T10:00:00+05:30,Load_23,load,0.029596558083159762,0.008878967424947929,0.0,good,synthetic_demo_v1
2024-01-18T10:00:00+05:30,Load_24,load,0.0350436557696623,0.01051309673089869,0.0,good,synthetic_demo_v1
2024-01-18T10:00:00+05:30,Load_25,load,0.041627696145672355,0.012488308843701706,0.0,good,synthetic_demo_v1
2024-01-18T10:00:00+05:30,Load_26,load,0.06578210420061639,0.019734631260184918,0.0,good,synthetic_demo_v1
2024-01-18T10:00:00+05:30,Load_27,load,0.022809750201920595,0.006842925060576178,0.0,good,synthetic_demo_v1
2024-01-18T10:00:00+05:30,Load_28,load,0.045896618797921715,0.013768985639376514,0.0,good,synthetic_demo_v1
2024-01-18T10:00:00+05:30,Load_29,load,0.051634572234210724,0.015490371670263216,0.0,good,synthetic_demo_v1
2024-01-18T10:00:00+05:30,Load_30,load,0.011564072378850702,0.0034692217136552106,0.0,good,synthetic_demo_v1
2024-01-18T10:00:00+05:30,Load_31,load,0.05274504440994075,0.015823513322982225,0.0,good,synthetic_demo_v1
2024-01-18T10:00:00+05:30,Load_32,load,0.02067033981680945,0.0062011019450428344,0.0,good,synthetic_demo_v1
2024-01-18T10:00:00+05:30,PV_5,pv,0.0,0.0,0.3219574105904672,good,synthetic_demo_v1
2024-01-18T10:00:00+05:30,PV_10,pv,0.0,0.0,0.43184081751448533,good,synthetic_demo_v1
2024-01-18T10:00:00+05:30,PV_17,pv,0.0,0.0,0.314138277007256,good,synthetic_demo_v1
2024-01-18T10:00:00+05:30,PV_24,pv,0.0,0.0,0.34841602836898816,good,synthetic_demo_v1
2024-01-18T10:00:00+05:30,PV_30,pv,0.0,0.0,0.22759056916044323,good,synthetic_demo_v1
2024-01-18T10:00:00+05:30,Battery_18,battery,0.0,0.0,0.0,good,synthetic_demo_v1
2024-01-18T11:00:00+05:30,Load_1,load,0.036402592171445335,0.0109207776514336,0.0,good,synthetic_demo_v1
2024-01-18T11:00:00+05:30,Load_2,load,0.07959044525553394,0.02387713357666018,0.0,good,synthetic_demo_v1
2024-01-18T11:00:00+05:30,Load_3,load,0.06319598820298981,0.018958796460896942,0.0,good,synthetic_demo_v1
2024-01-18T11:00:00+05:30,Load_4,load,0.05320166308629255,0.015960498925887766,0.0,good,synthetic_demo_v1
2024-01-18T11:00:00+05:30,Load_5,load,0.02002304288098847,0.006006912864296541,0.0,good,synthetic_demo_v1
2024-01-18T11:00:00+05:30,Load_6,load,0.020021234928416336,0.006006370478524901,0.0,good,synthetic_demo_v1
2024-01-18T11:00:00+05:30,Load_7,load,0.012682200989430082,0.0038046602968290245,0.0,good,synthetic_demo_v1
2024-01-18T11:00:00+05:30,Load_8,load,0.07325378224578004,0.02197613467373401,0.0,good,synthetic_demo_v1
2024-01-18T11:00:00+05:30,Load_9,load,0.05338579516483969,0.016015738549451906,0.0,good,synthetic_demo_v1
2024-01-18T11:00:00+05:30,Load_10,load,0.06140293260111214,0.018420879780333643,0.0,good,synthetic_demo_v1
2024-01-18T11:00:00+05:30,Load_11,load,0.009871407954241955,0.0029614223862725864,0.0,good,synthetic_demo_v1
2024-01-18T11:00:00+05:30,Load_12,load,0.08102927126979313,0.02430878138093794,0.0,good,synthetic_demo_v1
2024-01-18T11:00:00+05:30,Load_13,load,0.0707252454103938,0.021217573623118137,0.0,good,synthetic_demo_v1
2024-01-18T11:00:00+05:30,Load_14,load,0.024244613799432563,0.007273384139829768,0.0,good,synthetic_demo_v1
2024-01-18T11:00:00+05:30,Load_15,load,0.021957388210943566,0.00658721646328307,0.0,good,synthetic_demo_v1
2024-01-18T11:00:00+05:30,Load_16,load,0.022075784795209996,0.006622735438562999,0.0,good,synthetic_demo_v1
2024-01-18T11:00:00+05:30,Load_17,load,0.031133327422168,0.0093399982266504,0.0,good,synthetic_demo_v1
2024-01-18T11:00:00+05:30,Load_18,load,0.04766224279000479,0.014298672837001437,0.0,good,synthetic_demo_v1
2024-01-18T11:00:00+05:30,Load_19,load,0.040705447856686304,0.01221163435700589,0.0,good,synthetic_demo_v1
2024-01-18T11:00:00+05:30,Load_20,load,0.030157914114242585,0.009047374234272775,0.0,good,synthetic_demo_v1
2024-01-18T11:00:00+05:30,Load_21,load,0.05419066654323376,0.016257199962970127,0.0,good,synthetic_demo_v1
2024-01-18T11:00:00+05:30,Load_22,load,0.018784407452258855,0.005635322235677656,0.0,good,synthetic_demo_v1
2024-01-18T11:00:00+05:30,Load_23,load,0.03022653718069839,0.009067961154209518,0.0,good,synthetic_demo_v1
2024-01-18T11:00:00+05:30,Load_24,load,0.03578957935220171,0.010736873805660511,0.0,good,synthetic_demo_v1
2024-01-18T11:00:00+05:30,Load_25,load,0.04251376466677463,0.012754129400032389,0.0,good,synthetic_demo_v1
2024-01-18T11:00:00+05:30,Load_26,load,0.06718231264789784,0.020154693794369353,0.0,good,synthetic_demo_v1
2024-01-18T11:00:00+05:30,Load_27,load,0.023295268342473016,0.006988580502741905,0.0,good,synthetic_demo_v1
2024-01-18T11:00:00+05:30,Load_28,load,0.046873553697214645,0.014062066109164393,0.0,good,synthetic_demo_v1
2024-01-18T11:00:00+05:30,Load_29,load,0.0527336426439017,0.01582009279317051,0.0,good,synthetic_demo_v1
2024-01-18T11:00:00+05:30,Load_30,load,0.011810220051179024,0.003543066015353707,0.0,good,synthetic_demo_v1
2024-01-18T11:00:00+05:30,Load_31,load,0.05386775183367717,0.01616032555010315,0.0,good,synthetic_demo_v1
2024-01-18T11:00:00+05:30,Load_32,load,0.02111031942481055,0.006333095827443165,0.0,good,synthetic_demo_v1
2024-01-18T11:00:00+05:30,PV_5,pv,0.0,0.0,0.3869639956189708,good,synthetic_demo_v1
2024-01-18T11:00:00+05:30,PV_10,pv,0.0,0.0,0.5772752626132374,good,synthetic_demo_v1
2024-01-18T11:00:00+05:30,PV_17,pv,0.0,0.0,0.44014134654151815,good,synthetic_demo_v1
2024-01-18T11:00:00+05:30,PV_24,pv,0.0,0.0,0.5999861042069412,good,synthetic_demo_v1
2024-01-18T11:00:00+05:30,PV_30,pv,0.0,0.0,0.2839792572384324,good,synthetic_demo_v1
2024-01-18T11:00:00+05:30,Battery_18,battery,0.0,0.0,0.0,good,synthetic_demo_v1
2024-01-18T12:00:00+05:30,Load_1,load,0.03654287110541451,0.010962861331624352,0.0,good,synthetic_demo_v1
2024-01-18T12:00:00+05:30,Load_2,load,0.07989715041438622,0.023969145124315864,0.0,good,synthetic_demo_v1
2024-01-18T12:00:00+05:30,Load_3,load,0.0634395166257596,0.01903185498772788,0.0,good,synthetic_demo_v1
2024-01-18T12:00:00+05:30,Load_4,load,0.05340667795303564,0.016022003385910692,0.0,good,synthetic_demo_v1
2024-01-18T12:00:00+05:30,Load_5,load,0.020100202526569078,0.006030060757970723,0.0,good,synthetic_demo_v1
2024-01-18T12:00:00+05:30,Load_6,load,0.02009838760697497,0.00602951628209249,0.0,good,synthetic_demo_v1
2024-01-18T12:00:00+05:30,Load_7,load,0.012731072389213956,0.0038193217167641867,0.0,good,synthetic_demo_v1
2024-01-18T12:00:00+05:30,Load_8,load,0.07353606880477702,0.022060820641433106,0.0,good,synthetic_demo_v1
2024-01-18T12:00:00+05:30,Load_9,load,0.053591519592362594,0.016077455877708778,0.0,good,synthetic_demo_v1
2024-01-18T12:00:00+05:30,Load_10,load,0.061639551408017364,0.018491865422405208,0.0,good,synthetic_demo_v1
2024-01-18T12:00:00+05:30,Load_11,load,0.009909447843766144,0.0029728343531298432,0.0,good,synthetic_demo_v1
2024-01-18T12:00:00+05:30,Load_12,load,0.0813415210057595,0.02440245630172785,0.0,good,synthetic_demo_v1
2024-01-18T12:00:00+05:30,Load_13,load,0.07099778814537684,0.02129933644361305,0.0,good,synthetic_demo_v1
2024-01-18T12:00:00+05:30,Load_14,load,0.024338041447723675,0.007301412434317102,0.0,good,synthetic_demo_v1
2024-01-18T12:00:00+05:30,Load_15,load,0.02204200193835264,0.006612600581505792,0.0,good,synthetic_demo_v1
2024-01-18T12:00:00+05:30,Load_16,load,0.02216085476888165,0.0066482564306644945,0.0,good,synthetic_demo_v1
2024-01-18T12:00:00+05:30,Load_17,load,0.03125330102078224,0.009375990306234672,0.0,good,synthetic_demo_v1
2024-01-18T12:00:00+05:30,Load_18,load,0.04784591126552633,0.014353773379657897,0.0,good,synthetic_demo_v1
2024-01-18T12:00:00+05:30,Load_19,load,0.04086230802766481,0.012258692408299443,0.0,good,synthetic_demo_v1
2024-01-18T12:00:00+05:30,Load_20,load,0.030274128916275234,0.00908223867488257,0.0,good,synthetic_demo_v1
2024-01-18T12:00:00+05:30,Load_21,load,0.05439949257677449,0.016319847773032345,0.0,good,synthetic_demo_v1
2024-01-18T12:00:00+05:30,Load_22,load,0.0188567939636434,0.00565703818909302,0.0,good,synthetic_demo_v1
2024-01-18T12:00:00+05:30,Load_23,load,0.0303430164246302,0.00910290492738906,0.0,good,synthetic_demo_v1
2024-01-18T12:00:00+05:30,Load_24,load,0.0359274960152538,0.01077824880457614,0.0,good,synthetic_demo_v1
2024-01-18T12:00:00+05:30,Load_25,load,0.04267759326333126,0.012803277978999378,0.0,good,synthetic_demo_v1
2024-01-18T12:00:00+05:30,Load_26,load,0.06744120254110779,0.020232360762332337,0.0,good,synthetic_demo_v1
2024-01-18T12:00:00+05:30,Load_27,load,0.023385037647752634,0.00701551129432579,0.0,good,synthetic_demo_v1
2024-01-18T12:00:00+05:30,Load_28,load,0.047054182925842764,0.014116254877752829,0.0,good,synthetic_demo_v1
2024-01-18T12:00:00+05:30,Load_29,load,0.05293685397400583,0.01588105619220175,0.0,good,synthetic_demo_v1
2024-01-18T12:00:00+05:30,Load_30,load,0.01185573123540783,0.0035567193706223486,0.0,good,synthetic_demo_v1
2024-01-18T12:00:00+05:30,Load_31,load,0.05407533350167914,0.01622260005050374,0.0,good,synthetic_demo_v1
2024-01-18T12:00:00+05:30,Load_32,load,0.02119166893670009,0.0063575006810100265,0.0,good,synthetic_demo_v1
2024-01-18T12:00:00+05:30,PV_5,pv,0.0,0.0,0.4038334879631712,good,synthetic_demo_v1
2024-01-18T12:00:00+05:30,PV_10,pv,0.0,0.0,0.6995175048157455,good,synthetic_demo_v1
2024-01-18T12:00:00+05:30,PV_17,pv,0.0,0.0,0.567291449854234,good,synthetic_demo_v1
2024-01-18T12:00:00+05:30,PV_24,pv,0.0,0.0,0.6798905264792395,good,synthetic_demo_v1
2024-01-18T12:00:00+05:30,PV_30,pv,0.0,0.0,0.2935433823174787,good,synthetic_demo_v1
2024-01-18T12:00:00+05:30,Battery_18,battery,0.0,0.0,0.0,good,synthetic_demo_v1
2024-01-18T13:00:00+05:30,Load_1,load,0.03504461447489794,0.010513384342469382,0.0,good,synthetic_demo_v1
2024-01-18T13:00:00+05:30,Load_2,load,0.07662136961920955,0.022986410885762865,0.0,good,synthetic_demo_v1
2024-01-18T13:00:00+05:30,Load_3,load,0.060838498327358104,0.01825154949820743,0.0,good,synthetic_demo_v1
2024-01-18T13:00:00+05:30,Load_4,load,0.0512170057423827,0.015365101722714809,0.0,good,synthetic_demo_v1
2024-01-18T13:00:00+05:30,Load_5,load,0.019276094819670922,0.005782828445901276,0.0,good,synthetic_demo_v1
2024-01-18T13:00:00+05:30,Load_6,load,0.019274354311726298,0.005782306293517889,0.0,good,synthetic_demo_v1
2024-01-18T13:00:00+05:30,Load_7,load,0.012209098799188623,0.0036627296397565867,0.0,good,synthetic_demo_v1
2024-01-18T13:00:00+05:30,Load_8,load,0.07052109216676034,0.0211563276500281,0.0,good,synthetic_demo_v1
2024-01-18T13:00:00+05:30,Load_9,load,0.05139426887998442,0.015418280663995325,0.0,good,synthetic_demo_v1
2024-01-18T13:00:00+05:30,Load_10,load,0.05911233163010984,0.01773369948903295,0.0,good,synthetic_demo_v1
2024-01-18T13:00:00+05:30,Load_11,load,0.009503160776341908,0.002850948232902572,0.0,good,synthetic_demo_v1
2024-01-18T13:00:00+05:30,Load_12,load,0.07800652105921387,0.02340195631776416,0.0,good,synthetic_demo_v1
2024-01-18T13:00:00+05:30,Load_13,load,0.0680868809390446,0.02042606428171338,0.0,good,synthetic_demo_v1
2024-01-18T13:00:00+05:30,Load_14,load,0.023340182470861944,0.007002054741258583,0.0,good,synthetic_demo_v1
2024-01-18T13:00:00+05:30,Load_15,load,0.02113828051321529,0.006341484153964586,0.0,good,synthetic_demo_v1
2024-01-18T13:00:00+05:30,Load_16,load,0.021252260381220852,0.006375678114366255,0.0,good,synthetic_demo_v1
2024-01-18T13:00:00+05:30,Load_17,load,0.029971916606710326,0.008991574982013098,0.0,good,synthetic_demo_v1
2024-01-18T13:00:00+05:30,Load_18,load,0.045884230323985295,0.013765269097195588,0.0,good,synthetic_demo_v1
2024-01-18T13:00:00+05:30,Load_19,load,0.03918695461156205,0.011756086383468613,0.0,good,synthetic_demo_v1
2024-01-18T13:00:00+05:30,Load_20,load,0.02903289052942057,0.00870986715882617,0.0,good,synthetic_demo_v1
2024-01-18T13:00:00+05:30,Load_21,load,0.05216911499602078,0.015650734498806235,0.0,good,synthetic_demo_v1
2024-01-18T13:00:00+05:30,Load_22,load,0.018083665970913588,0.005425099791274076,0.0,good,synthetic_demo_v1
2024-01-18T13:00:00+05:30,Load_23,load,0.02909895365197796,0.008729686095593388,0.0,good,synthetic_demo_v1
2024-01-18T13:00:00+05:30,Load_24,load,0.0344544697451659,0.01033634092354977,0.0,good,synthetic_demo_v1
2024-01-18T13:00:00+05:30,Load_25,load,0.04092781320645442,0.012278343961936326,0.0,good,synthetic_demo_v1
2024-01-18T13:00:00+05:30,Load_26,load,0.06467611523897038,0.019402834571691112,0.0,good,synthetic_demo_v1
2024-01-18T13:00:00+05:30,Load_27,load,0.022426251798399008,0.006727875539519702,0.0,good,synthetic_demo_v1
2024-01-18T13:00:00+05:30,Load_28,load,0.04512496282272564,0.013537488846817693,0.0,good,synthetic_demo_v1
2024-01-18T13:00:00+05:30,Load_29,load,0.050766444532546,0.0152299333597638,0.0,good,synthetic_demo_v1
2024-01-18T13:00:00+05:30,Load_30,load,0.01136964660670332,0.003410893982010996,0.0,good,synthetic_demo_v1
2024-01-18T13:00:00+05:30,Load_31,load,0.051858246433381404,0.01555747393001442,0.0,good,synthetic_demo_v1
2024-01-18T13:00:00+05:30,Load_32,load,0.02032281113938765,0.006096843341816295,0.0,good,synthetic_demo_v1
2024-01-18T13:00:00+05:30,PV_5,pv,0.0,0.0,0.48224358739353723,good,synthetic_demo_v1
2024-01-18T13:00:00+05:30,PV_10,pv,0.0,0.0,0.6687548470967553,good,synthetic_demo_v1
2024-01-18T13:00:00+05:30,PV_17,pv,0.0,0.0,0.46004983068037497,good,synthetic_demo_v1
2024-01-18T13:00:00+05:30,PV_24,pv,0.0,0.0,0.5783301067788114,good,synthetic_demo_v1
2024-01-18T13:00:00+05:30,PV_30,pv,0.0,0.0,0.39211980473478525,good,synthetic_demo_v1
2024-01-18T13:00:00+05:30,Battery_18,battery,0.0,0.0,0.0,good,synthetic_demo_v1
2024-01-18T14:00:00+05:30,Load_1,load,0.03279812803170515,0.009839438409511543,0.0,good,synthetic_demo_v1
2024-01-18T14:00:00+05:30,Load_2,load,0.07170966290799112,0.021512898872397334,0.0,good,synthetic_demo_v1
2024-01-18T14:00:00+05:30,Load_3,load,0.056938530707097514,0.017081559212129255,0.0,good,synthetic_demo_v1
2024-01-18T14:00:00+05:30,Load_4,load,0.04793381057002304,0.014380143171006912,0.0,good,synthetic_demo_v1
2024-01-18T14:00:00+05:30,Load_5,load,0.01804042747565984,0.005412128242697952,0.0,good,synthetic_demo_v1
2024-01-18T14:00:00+05:30,Load_6,load,0.018038798540564862,0.005411639562169459,0.0,good,synthetic_demo_v1
2024-01-18T14:00:00+05:30,Load_7,load,0.011426451441043916,0.0034279354323131744,0.0,good,synthetic_demo_v1
2024-01-18T14:00:00+05:30,Load_8,load,0.06600043528736295,0.019800130586208883,0.0,good,synthetic_demo_v1
2024-01-18T14:00:00+05:30,Load_9,load,0.0480997104998547,0.014429913149956411,0.0,good,synthetic_demo_v1
2024-01-18T14:00:00+05:30,Load_10,load,0.055323017533712014,0.016596905260113603,0.0,good,synthetic_demo_v1
2024-01-18T14:00:00+05:30,Load_11,load,0.008893973825039434,0.0026681921475118302,0.0,good,synthetic_demo_v1
2024-01-18T14:00:00+05:30,Load_12,load,0.0730060211345912,0.02190180634037736,0.0,good,synthetic_demo_v1
2024-01-18T14:00:00+05:30,Load_13,load,0.063722265796869,0.0191166797390607,0.0,good,synthetic_demo_v1
2024-01-18T14:00:00+05:30,Load_14,load,0.02184399242031952,0.0065531977260958555,0.0,good,synthetic_demo_v1
2024-01-18T14:00:00+05:30,Load_15,load,0.019783240336090243,0.0059349721008270725,0.0,good,synthetic_demo_v1
2024-01-18T14:00:00+05:30,Load_16,load,0.019889913682620025,0.005966974104786007,0.0,good,synthetic_demo_v1
2024-01-18T14:00:00+05:30,Load_17,load,0.028050608430194114,0.008415182529058233,0.0,good,synthetic_demo_v1
2024-01-18T14:00:00+05:30,Load_18,load,0.04294288532922148,0.012882865598766443,0.0,good,synthetic_demo_v1
2024-01-18T14:00:00+05:30,Load_19,load,0.03667492919470541,0.011002478758411623,0.0,good,synthetic_demo_v1
2024-01-18T14:00:00+05:30,Load_20,load,0.02717177731820914,0.008151533195462742,0.0,good,synthetic_demo_v1
2024-01-18T14:00:00+05:30,Load_21,load,0.04882488617946828,0.014647465853840483,0.0,good,synthetic_demo_v1
2024-01-18T14:00:00+05:30,Load_22,load,0.01692443762568573,0.005077331287705719,0.0,good,synthetic_demo_v1
2024-01-18T14:00:00+05:30,Load_23,load,0.027233605555850724,0.008170081666755216,0.0,good,synthetic_demo_v1
2024-01-18T14:00:00+05:30,Load_24,load,0.03224581371200128,0.009673744113600384,0.0,good,synthetic_demo_v1
2024-01-18T14:00:00+05:30,Load_25,load,0.0383041924619978,0.011491257738599341,0.0,good,synthetic_demo_v1
2024-01-18T14:00:00+05:30,Load_26,load,0.060530142505077295,0.018159042751523188,0.0,good,synthetic_demo_v1
2024-01-18T14:00:00+05:30,Load_27,load,0.020988648007014225,0.006296594402104267,0.0,good,synthetic_demo_v1
2024-01-18T14:00:00+05:30,Load_28,load,0.04223228961887448,0.012669686885662343,0.0,good,synthetic_demo_v1
2024-01-18T14:00:00+05:30,Load_29,load,0.047512131962117995,0.014253639588635398,0.0,good,synthetic_demo_v1
2024-01-18T14:00:00+05:30,Load_30,load,0.010640811167975717,0.003192243350392715,0.0,good,synthetic_demo_v1
2024-01-18T14:00:00+05:30,Load_31,load,0.04853394541520958,0.014560183624562873,0.0,good,synthetic_demo_v1
2024-01-18T14:00:00+05:30,Load_32,load,0.01902004549632703,0.005706013648898109,0.0,good,synthetic_demo_v1
2024-01-18T14:00:00+05:30,PV_5,pv,0.0,0.0,0.39272005970895046,good,synthetic_demo_v1
2024-01-18T14:00:00+05:30,PV_10,pv,0.0,0.0,0.5450609289852174,good,synthetic_demo_v1
2024-01-18T14:00:00+05:30,PV_17,pv,0.0,0.0,0.38269954645914794,good,synthetic_demo_v1
2024-01-18T14:00:00+05:30,PV_24,pv,0.0,0.0,0.45630803289879523,good,synthetic_demo_v1
2024-01-18T14:00:00+05:30,PV_30,pv,0.0,0.0,0.2606591394759763,good,synthetic_demo_v1
2024-01-18T14:00:00+05:30,Battery_18,battery,0.0,0.0,0.0,good,synthetic_demo_v1
2024-01-18T15:00:00+05:30,Load_1,load,0.03487340104231491,0.010462020312694472,0.0,good,synthetic_demo_v1
2024-01-18T15:00:00+05:30,Load_2,load,0.07624702942747723,0.02287410882824317,0.0,good,synthetic_demo_v1
2024-01-18T15:00:00+05:30,Load_3,load,0.060541266690260616,0.018162380007078184,0.0,good,synthetic_demo_v1
2024-01-18T15:00:00+05:30,Load_4,load,0.050966780722328346,0.015290034216698504,0.0,good,synthetic_demo_v1
2024-01-18T15:00:00+05:30,Load_5,load,0.019181919825586285,0.005754575947675885,0.0,good,synthetic_demo_v1
2024-01-18T15:00:00+05:30,Load_6,load,0.019180187821040657,0.005754056346312197,0.0,good,synthetic_demo_v1
2024-01-18T15:00:00+05:30,Load_7,load,0.012149450212794505,0.003644835063838351,0.0,good,synthetic_demo_v1
2024-01-18T15:00:00+05:30,Load_8,load,0.07017655539726544,0.021052966619179634,0.0,good,synthetic_demo_v1
2024-01-18T15:00:00+05:30,Load_9,load,0.051143177825855674,0.015342953347756701,0.0,good,synthetic_demo_v1
2024-01-18T15:00:00+05:30,Load_10,load,0.058823533326632226,0.017647059997989666,0.0,good,synthetic_demo_v1
2024-01-18T15:00:00+05:30,Load_11,load,0.009456732279373523,0.002837019683812057,0.0,good,synthetic_demo_v1
2024-01-18T15:00:00+05:30,Load_12,load,0.07762541359278773,0.023287624077836317,0.0,good,synthetic_demo_v1
2024-01-18T15:00:00+05:30,Load_13,load,0.06775423671470034,0.0203262710144101,0.0,good,synthetic_demo_v1
2024-01-18T15:00:00+05:30,Load_14,load,0.0232261520322959,0.006967845609688769,0.0,good,synthetic_demo_v1
2024-01-18T15:00:00+05:30,Load_15,load,0.021035007653182457,0.006310502295954737,0.0,good,synthetic_demo_v1
2024-01-18T15:00:00+05:30,Load_16,load,0.02114843066288785,0.0063445291988663555,0.0,good,synthetic_demo_v1
2024-01-18T15:00:00+05:30,Load_17,load,0.029825486269261382,0.008947645880778414,0.0,good,synthetic_demo_v1
2024-01-18T15:00:00+05:30,Load_18,load,0.04566005902996729,0.013698017708990186,0.0,good,synthetic_demo_v1
2024-01-18T15:00:00+05:30,Load_19,load,0.0389955034253512,0.01169865102760536,0.0,good,synthetic_demo_v1
2024-01-18T15:00:00+05:30,Load_20,load,0.028891047883415427,0.008667314365024627,0.0,good,synthetic_demo_v1
2024-01-18T15:00:00+05:30,Load_21,load,0.05191423836555633,0.015574271509666898,0.0,good,synthetic_demo_v1
2024-01-18T15:00:00+05:30,Load_22,load,0.017995316688978046,0.005398595006693413,0.0,good,synthetic_demo_v1
2024-01-18T15:00:00+05:30,Load_23,load,0.02895678824899148,0.008687036474697443,0.0,good,synthetic_demo_v1
2024-01-18T15:00:00+05:30,Load_24,load,0.034286139514650066,0.010285841854395019,0.0,good,synthetic_demo_v1
2024-01-18T15:00:00+05:30,Load_25,load,0.040727856908113244,0.012218357072433973,0.0,good,synthetic_demo_v1
2024-01-18T15:00:00+05:30,Load_26,load,0.06436013459937362,0.019308040379812087,0.0,good,synthetic_demo_v1
2024-01-18T15:00:00+05:30,Load_27,load,0.022316686445550692,0.006695005933665207,0.0,good,synthetic_demo_v1
2024-01-18T15:00:00+05:30,Load_28,load,0.044904500994401214,0.013471350298320363,0.0,good,synthetic_demo_v1
2024-01-18T15:00:00+05:30,Load_29,load,0.05051842076744853,0.015155526230234558,0.0,good,synthetic_demo_v1
2024-01-18T15:00:00+05:30,Load_30,load,0.011314099235104067,0.0033942297705312203,0.0,good,synthetic_demo_v1
2024-01-18T15:00:00+05:30,Load_31,load,0.05160488857761284,0.015481466573283852,0.0,good,synthetic_demo_v1
2024-01-18T15:00:00+05:30,Load_32,load,0.02022352232405759,0.006067056697217277,0.0,good,synthetic_demo_v1
2024-01-18T15:00:00+05:30,PV_5,pv,0.0,0.0,0.2634281637660624,good,synthetic_demo_v1
2024-01-18T15:00:00+05:30,PV_10,pv,0.0,0.0,0.4192675113937358,good,synthetic_demo_v1
2024-01-18T15:00:00+05:30,PV_17,pv,0.0,0.0,0.3783094229530259,good,synthetic_demo_v1
2024-01-18T15:00:00+05:30,PV_24,pv,0.0,0.0,0.37324795831790797,good,synthetic_demo_v1
2024-01-18T15:00:00+05:30,PV_30,pv,0.0,0.0,0.22717334065686812,good,synthetic_demo_v1
2024-01-18T15:00:00+05:30,Battery_18,battery,0.0,0.0,0.0,good,synthetic_demo_v1
2024-01-18T16:00:00+05:30,Load_1,load,0.03490113776673396,0.010470341330020188,0.0,good,synthetic_demo_v1
2024-01-18T16:00:00+05:30,Load_2,load,0.07630767286286902,0.022892301858860705,0.0,good,synthetic_demo_v1
2024-01-18T16:00:00+05:30,Load_3,load,0.06058941847299412,0.018176825541898235,0.0,good,synthetic_demo_v1
2024-01-18T16:00:00+05:30,Load_4,load,0.051007317392373984,0.015302195217712195,0.0,good,synthetic_demo_v1
2024-01-18T16:00:00+05:30,Load_5,load,0.019197176256221915,0.005759152876866574,0.0,good,synthetic_demo_v1
2024-01-18T16:00:00+05:30,Load_6,load,0.019195442874118285,0.005758632862235485,0.0,good,synthetic_demo_v1
2024-01-18T16:00:00+05:30,Load_7,load,0.012159113335470335,0.0036477340006411,0.0,good,synthetic_demo_v1
2024-01-18T16:00:00+05:30,Load_8,load,0.07023237065243285,0.021069711195729854,0.0,good,synthetic_demo_v1
2024-01-18T16:00:00+05:30,Load_9,load,0.0511838547941717,0.01535515643825151,0.0,good,synthetic_demo_v1
2024-01-18T16:00:00+05:30,Load_10,load,0.05887031890201261,0.017661095670603782,0.0,good,synthetic_demo_v1
2024-01-18T16:00:00+05:30,Load_11,load,0.009464253736108399,0.0028392761208325197,0.0,good,synthetic_demo_v1
2024-01-18T16:00:00+05:30,Load_12,load,0.07768715333254313,0.023306145999762936,0.0,good,synthetic_demo_v1
2024-01-18T16:00:00+05:30,Load_13,load,0.06780812536724955,0.020342437610174863,0.0,good,synthetic_demo_v1
2024-01-18T16:00:00+05:30,Load_14,load,0.023244625062140423,0.006973387518642127,0.0,good,synthetic_demo_v1
2024-01-18T16:00:00+05:30,Load_15,load,0.021051737945984153,0.006315521383795246,0.0,good,synthetic_demo_v1
2024-01-18T16:00:00+05:30,Load_16,load,0.021165251167216643,0.006349575350164993,0.0,good,synthetic_demo_v1
2024-01-18T16:00:00+05:30,Load_17,load,0.029849208110796454,0.008954762433238936,0.0,good,synthetic_demo_v1
2024-01-18T16:00:00+05:30,Load_18,load,0.04569637497382189,0.013708912492146567,0.0,good,synthetic_demo_v1
2024-01-18T16:00:00+05:30,Load_19,load,0.039026518683392096,0.011707955605017629,0.0,good,synthetic_demo_v1
2024-01-18T16:00:00+05:30,Load_20,load,0.02891402651496179,0.008674207954488537,0.0,good,synthetic_demo_v1
2024-01-18T16:00:00+05:30,Load_21,load,0.05195552860051859,0.015586658580155576,0.0,good,synthetic_demo_v1
2024-01-18T16:00:00+05:30,Load_22,load,0.018009629349198083,0.005402888804759425,0.0,good,synthetic_demo_v1
2024-01-18T16:00:00+05:30,Load_23,load,0.02897981916744846,0.008693945750234537,0.0,good,synthetic_demo_v1
2024-01-18T16:00:00+05:30,Load_24,load,0.034313409157836205,0.010294022747350862,0.0,good,synthetic_demo_v1
2024-01-18T16:00:00+05:30,Load_25,load,0.04076025000168815,0.012228075000506444,0.0,good,synthetic_demo_v1
2024-01-18T16:00:00+05:30,Load_26,load,0.06441132373675629,0.019323397121026886,0.0,good,synthetic_demo_v1
2024-01-18T16:00:00+05:30,Load_27,load,0.022334436127640363,0.0067003308382921085,0.0,good,synthetic_demo_v1
2024-01-18T16:00:00+05:30,Load_28,load,0.04494021600159955,0.013482064800479865,0.0,good,synthetic_demo_v1
2024-01-18T16:00:00+05:30,Load_29,load,0.050558600832283966,0.01516758024968519,0.0,good,synthetic_demo_v1
2024-01-18T16:00:00+05:30,Load_30,load,0.011323097957429805,0.003396929387228941,0.0,good,synthetic_demo_v1
2024-01-18T16:00:00+05:30,Load_31,load,0.05164593276975849,0.015493779830927546,0.0,good,synthetic_demo_v1
2024-01-18T16:00:00+05:30,Load_32,load,0.020239607198165633,0.006071882159449689,0.0,good,synthetic_demo_v1
2024-01-18T16:00:00+05:30,PV_5,pv,0.0,0.0,0.22791870470417358,good,synthetic_demo_v1
2024-01-18T16:00:00+05:30,PV_10,pv,0.0,0.0,0.30448835050188,good,synthetic_demo_v1
2024-01-18T16:00:00+05:30,PV_17,pv,0.0,0.0,0.2301862591965686,good,synthetic_demo_v1
2024-01-18T16:00:00+05:30,PV_24,pv,0.0,0.0,0.2524500317215261,good,synthetic_demo_v1
2024-01-18T16:00:00+05:30,PV_30,pv,0.0,0.0,0.15203851338156377,good,synthetic_demo_v1
2024-01-18T16:00:00+05:30,Battery_18,battery,0.0,0.0,0.0,good,synthetic_demo_v1
2024-01-18T17:00:00+05:30,Load_1,load,0.03596883920932163,0.01079065176279649,0.0,good,synthetic_demo_v1
2024-01-18T17:00:00+05:30,Load_2,load,0.07864208995095175,0.023592626985285522,0.0,good,synthetic_demo_v1
2024-01-18T17:00:00+05:30,Load_3,load,0.06244298009443859,0.018732894028331577,0.0,good,synthetic_demo_v1
2024-01-18T17:00:00+05:30,Load_4,load,0.05256774177527975,0.015770322532583925,0.0,good,synthetic_demo_v1
2024-01-18T17:00:00+05:30,Load_5,load,0.019784459482326787,0.005935337844698036,0.0,good,synthetic_demo_v1
2024-01-18T17:00:00+05:30,Load_6,load,0.01978267307230799,0.005934801921692397,0.0,good,synthetic_demo_v1
2024-01-18T17:00:00+05:30,Load_7,load,0.012531086963827024,0.0037593260891481068,0.0,good,synthetic_demo_v1
2024-01-18T17:00:00+05:30,Load_8,load,0.07238093107940635,0.021714279323821906,0.0,good,synthetic_demo_v1
2024-01-18T17:00:00+05:30,Load_9,load,0.05274967983879314,0.01582490395163794,0.0,good,synthetic_demo_v1
2024-01-18T17:00:00+05:30,Load_10,load,0.0606712895419207,0.01820138686257621,0.0,good,synthetic_demo_v1
2024-01-18T17:00:00+05:30,Load_11,load,0.009753785768977835,0.0029261357306933507,0.0,good,synthetic_demo_v1
2024-01-18T17:00:00+05:30,Load_12,load,0.0800637717178253,0.02401913151534759,0.0,good,synthetic_demo_v1
2024-01-18T17:00:00+05:30,Load_13,load,0.06988252287708618,0.020964756863125853,0.0,good,synthetic_demo_v1
2024-01-18T17:00:00+05:30,Load_14,load,0.023955728518914046,0.007186718555674213,0.0,good,synthetic_demo_v1
2024-01-18T17:00:00+05:30,Load_15,load,0.02169575623341457,0.0065087268700243705,0.0,good,synthetic_demo_v1
2024-01-18T17:00:00+05:30,Load_16,load,0.021812742070092227,0.006543822621027668,0.0,good,synthetic_demo_v1
2024-01-18T17:00:00+05:30,Load_17,load,0.030762360076586347,0.009228708022975905,0.0,good,synthetic_demo_v1
2024-01-18T17:00:00+05:30,Load_18,load,0.047094326118184905,0.01412829783545547,0.0,good,synthetic_demo_v1
2024-01-18T17:00:00+05:30,Load_19,load,0.040220424468811765,0.012066127340643528,0.0,good,synthetic_demo_v1
2024-01-18T17:00:00+05:30,Load_20,load,0.02979856924899461,0.008939570774698383,0.0,good,synthetic_demo_v1
2024-01-18T17:00:00+05:30,Load_21,load,0.05354496081925998,0.016063488245777992,0.0,good,synthetic_demo_v1
2024-01-18T17:00:00+05:30,Load_22,load,0.018560582941746465,0.005568174882523939,0.0,good,synthetic_demo_v1
2024-01-18T17:00:00+05:30,Load_23,load,0.029866374641307734,0.00895991239239232,0.0,good,synthetic_demo_v1
2024-01-18T17:00:00+05:30,Load_24,load,0.03536313070854286,0.01060893921256286,0.0,good,synthetic_demo_v1
2024-01-18T17:00:00+05:30,Load_25,load,0.042007194385504695,0.012602158315651408,0.0,good,synthetic_demo_v1
2024-01-18T17:00:00+05:30,Load_26,load,0.06638180572311338,0.019914541716934013,0.0,good,synthetic_demo_v1
2024-01-18T17:00:00+05:30,Load_27,load,0.02301769493233163,0.006905308479699489,0.0,good,synthetic_demo_v1
2024-01-18T17:00:00+05:30,Load_28,load,0.04631503460424248,0.013894510381272743,0.0,good,synthetic_demo_v1
2024-01-18T17:00:00+05:30,Load_29,load,0.052105298003150884,0.015631589400945264,0.0,good,synthetic_demo_v1
2024-01-18T17:00:00+05:30,Load_30,load,0.011669496063546352,0.0035008488190639057,0.0,good,synthetic_demo_v1
2024-01-18T17:00:00+05:30,Load_31,load,0.0532258937810759,0.01596776813432277,0.0,good,synthetic_demo_v1
2024-01-18T17:00:00+05:30,Load_32,load,0.020858780645957548,0.006257634193787265,0.0,good,synthetic_demo_v1
2024-01-18T17:00:00+05:30,PV_5,pv,0.0,0.0,0.1271951197177611,good,synthetic_demo_v1
2024-01-18T17:00:00+05:30,PV_10,pv,0.0,0.0,0.19559743543317398,good,synthetic_demo_v1
2024-01-18T17:00:00+05:30,PV_17,pv,0.0,0.0,0.14153758565063665,good,synthetic_demo_v1
2024-01-18T17:00:00+05:30,PV_24,pv,0.0,0.0,0.16730430297858548,good,synthetic_demo_v1
2024-01-18T17:00:00+05:30,PV_30,pv,0.0,0.0,0.10885384653411774,good,synthetic_demo_v1
2024-01-18T17:00:00+05:30,Battery_18,battery,0.0,0.0,0.0,good,synthetic_demo_v1
2024-01-18T18:00:00+05:30,Load_1,load,0.05157916012532682,0.015473748037598045,0.0,good,synthetic_demo_v1
2024-01-18T18:00:00+05:30,Load_2,load,0.11277241744068493,0.03383172523220548,0.0,good,synthetic_demo_v1
2024-01-18T18:00:00+05:30,Load_3,load,0.08954296384852355,0.026862889154557062,0.0,good,synthetic_demo_v1
2024-01-18T18:00:00+05:30,Load_4,load,0.0753819147366675,0.02261457442100025,0.0,good,synthetic_demo_v1
2024-01-18T18:00:00+05:30,Load_5,load,0.02837082947529514,0.008511248842588541,0.0,good,synthetic_demo_v1
2024-01-18T18:00:00+05:30,Load_6,load,0.02836826777104128,0.008510480331312383,0.0,good,synthetic_demo_v1
2024-01-18T18:00:00+05:30,Load_7,load,0.017969524601286663,0.0053908573803859985,0.0,good,synthetic_demo_v1
2024-01-18T18:00:00+05:30,Load_8,load,0.10379394265237826,0.031138182795713478,0.0,good,synthetic_demo_v1
2024-01-18T18:00:00+05:30,Load_9,load,0.0756428131342009,0.02269284394026027,0.0,good,synthetic_demo_v1
2024-01-18T18:00:00+05:30,Load_10,load,0.08700236724575171,0.026100710173725512,0.0,good,synthetic_demo_v1
2024-01-18T18:00:00+05:30,Load_11,load,0.013986886679286027,0.004196066003785808,0.0,good,synthetic_demo_v1
2024-01-18T18:00:00+05:30,Load_12,load,0.11481110295605805,0.03444333088681741,0.0,good,synthetic_demo_v1
2024-01-18T18:00:00+05:30,Load_13,load,0.10021123607750206,0.030063370823250616,0.0,good,synthetic_demo_v1
2024-01-18T18:00:00+05:30,Load_14,load,0.03435241126368363,0.010305723379105089,0.0,good,synthetic_demo_v1
2024-01-18T18:00:00+05:30,Load_15,load,0.031111620764045573,0.00933348622921367,0.0,good,synthetic_demo_v1
2024-01-18T18:00:00+05:30,Load_16,load,0.031279377948737495,0.009383813384621248,0.0,good,synthetic_demo_v1
2024-01-18T18:00:00+05:30,Load_17,load,0.04411309152873641,0.013233927458620922,0.0,good,synthetic_demo_v1
2024-01-18T18:00:00+05:30,Load_18,load,0.06753306031668382,0.020259918095005148,0.0,good,synthetic_demo_v1
2024-01-18T18:00:00+05:30,Load_19,load,0.05767591503058072,0.017302774509174217,0.0,good,synthetic_demo_v1
2024-01-18T18:00:00+05:30,Load_20,load,0.04273101964328083,0.01281930589298425,0.0,good,synthetic_demo_v1
2024-01-18T18:00:00+05:30,Load_21,load,0.07678324262644583,0.023034972787933747,0.0,good,synthetic_demo_v1
2024-01-18T18:00:00+05:30,Load_22,load,0.026615795800372887,0.007984738740111866,0.0,good,synthetic_demo_v1
2024-01-18T18:00:00+05:30,Load_23,load,0.04282825228309794,0.01284847568492938,0.0,good,synthetic_demo_v1
2024-01-18T18:00:00+05:30,Load_24,load,0.050710576750447066,0.015213173025134119,0.0,good,synthetic_demo_v1
2024-01-18T18:00:00+05:30,Load_25,load,0.060238135376472164,0.01807144061294165,0.0,good,synthetic_demo_v1
2024-01-18T18:00:00+05:30,Load_26,load,0.09519122279357471,0.02855736683807241,0.0,good,synthetic_demo_v1
2024-01-18T18:00:00+05:30,Load_27,load,0.03300727515062468,0.009902182545187405,0.0,good,synthetic_demo_v1
2024-01-18T18:00:00+05:30,Load_28,load,0.066415559650398,0.0199246678951194,0.0,good,synthetic_demo_v1
2024-01-18T18:00:00+05:30,Load_29,load,0.07471877236410482,0.022415631709231446,0.0,good,synthetic_demo_v1
2024-01-18T18:00:00+05:30,Load_30,load,0.016734006970331696,0.005020202091099509,0.0,good,synthetic_demo_v1
2024-01-18T18:00:00+05:30,Load_31,load,0.07632570187130949,0.022897710561392847,0.0,good,synthetic_demo_v1
2024-01-18T18:00:00+05:30,Load_32,load,0.029911401385399425,0.008973420415619828,0.0,good,synthetic_demo_v1
2024-01-18T18:00:00+05:30,PV_5,pv,0.0,0.0,0.07926042756553013,good,synthetic_demo_v1
2024-01-18T18:00:00+05:30,PV_10,pv,0.0,0.0,0.13517549923790131,good,synthetic_demo_v1
2024-01-18T18:00:00+05:30,PV_17,pv,0.0,0.0,0.07955167904612145,good,synthetic_demo_v1
2024-01-18T18:00:00+05:30,PV_24,pv,0.0,0.0,0.12254290180667927,good,synthetic_demo_v1
2024-01-18T18:00:00+05:30,PV_30,pv,0.0,0.0,0.06619084544012888,good,synthetic_demo_v1
2024-01-18T18:00:00+05:30,Battery_18,battery,0.0,0.0,0.0,good,synthetic_demo_v1
2024-01-18T19:00:00+05:30,Load_1,load,0.050565460010637435,0.01516963800319123,0.0,good,synthetic_demo_v1
2024-01-18T19:00:00+05:30,Load_2,load,0.11055606858553389,0.033166820575660165,0.0,good,synthetic_demo_v1
2024-01-18T19:00:00+05:30,Load_3,load,0.08778315014658805,0.026334945043976415,0.0,good,synthetic_demo_v1
2024-01-18T19:00:00+05:30,Load_4,load,0.07390041221843353,0.022170123665530058,0.0,good,synthetic_demo_v1
2024-01-18T19:00:00+05:30,Load_5,load,0.027813249378545606,0.008343974813563682,0.0,good,synthetic_demo_v1
2024-01-18T19:00:00+05:30,Load_6,load,0.027810738020204506,0.00834322140606135,0.0,good,synthetic_demo_v1
2024-01-18T19:00:00+05:30,Load_7,load,0.017616364350034466,0.00528490930501034,0.0,good,synthetic_demo_v1
2024-01-18T19:00:00+05:30,Load_8,load,0.1017540503525594,0.030526215105767817,0.0,good,synthetic_demo_v1
2024-01-18T19:00:00+05:30,Load_9,load,0.07415618310449022,0.022246854931347065,0.0,good,synthetic_demo_v1
2024-01-18T19:00:00+05:30,Load_10,load,0.08529248462182042,0.025587745386546124,0.0,good,synthetic_demo_v1
2024-01-18T19:00:00+05:30,Load_11,load,0.013711998360118193,0.004113599508035458,0.0,good,synthetic_demo_v1
2024-01-18T19:00:00+05:30,Load_12,load,0.11255468722630634,0.0337664061678919,0.0,good,synthetic_demo_v1
2024-01-18T19:00:00+05:30,Load_13,load,0.09824175574362111,0.029472526723086333,0.0,good,synthetic_demo_v1
2024-01-18T19:00:00+05:30,Load_14,load,0.03367727341434215,0.010103182024302645,0.0,good,synthetic_demo_v1
2024-01-18T19:00:00+05:30,Load_15,load,0.030500175105371508,0.009150052531611452,0.0,good,synthetic_demo_v1
2024-01-18T19:00:00+05:30,Load_16,load,0.030664635309714215,0.009199390592914265,0.0,good,synthetic_demo_v1
2024-01-18T19:00:00+05:30,Load_17,load,0.043246124214159576,0.012973837264247872,0.0,good,synthetic_demo_v1
2024-01-18T19:00:00+05:30,Load_18,load,0.06620581359878444,0.01986174407963533,0.0,good,synthetic_demo_v1
2024-01-18T19:00:00+05:30,Load_19,load,0.056542393632805846,0.016962718089841754,0.0,good,synthetic_demo_v1
2024-01-18T19:00:00+05:30,Load_20,load,0.04189121458620085,0.012567364375860254,0.0,good,synthetic_demo_v1
2024-01-18T19:00:00+05:30,Load_21,load,0.07527419940690665,0.022582259822071994,0.0,good,synthetic_demo_v1
2024-01-18T19:00:00+05:30,Load_22,load,0.026092707886769213,0.007827812366030763,0.0,good,synthetic_demo_v1
2024-01-18T19:00:00+05:30,Load_23,load,0.04198653628489571,0.012595960885468712,0.0,good,synthetic_demo_v1
2024-01-18T19:00:00+05:30,Load_24,load,0.04971394715541318,0.014914184146623953,0.0,good,synthetic_demo_v1
2024-01-18T19:00:00+05:30,Load_25,load,0.05905425792303103,0.01771627737690931,0.0,good,synthetic_demo_v1
2024-01-18T19:00:00+05:30,Load_26,load,0.09332040222905204,0.02799612066871561,0.0,good,synthetic_demo_v1
2024-01-18T19:00:00+05:30,Load_27,load,0.03235857364938906,0.009707572094816716,0.0,good,synthetic_demo_v1
2024-01-18T19:00:00+05:30,Load_28,load,0.0651102754954955,0.01953308264864865,0.0,good,synthetic_demo_v1
2024-01-18T19:00:00+05:30,Load_29,load,0.07325030277423744,0.02197509083227123,0.0,good,synthetic_demo_v1
2024-01-18T19:00:00+05:30,Load_30,load,0.01640512870353129,0.004921538611059387,0.0,good,synthetic_demo_v1
2024-01-18T19:00:00+05:30,Load_31,load,0.07482565083223292,0.022447695249669875,0.0,good,synthetic_demo_v1
2024-01-18T19:00:00+05:30,Load_32,load,0.029323543984440877,0.008797063195332263,0.0,good,synthetic_demo_v1
2024-01-18T19:00:00+05:30,PV_5,pv,0.0,0.0,0.03464490263595995,good,synthetic_demo_v1
2024-01-18T19:00:00+05:30,PV_10,pv,0.0,0.0,0.07360589872238756,good,synthetic_demo_v1
2024-01-18T19:00:00+05:30,PV_17,pv,0.0,0.0,0.056018548571230314,good,synthetic_demo_v1
2024-01-18T19:00:00+05:30,PV_24,pv,0.0,0.0,0.04808752089221097,good,synthetic_demo_v1
2024-01-18T19:00:00+05:30,PV_30,pv,0.0,0.0,0.029955129373162442,good,synthetic_demo_v1
2024-01-18T19:00:00+05:30,Battery_18,battery,0.0,0.0,0.0,good,synthetic_demo_v1
2024-01-18T20:00:00+05:30,Load_1,load,0.05341673027052819,0.016025019081158456,0.0,good,synthetic_demo_v1
2024-01-18T20:00:00+05:30,Load_2,load,0.1167900716054226,0.035037021481626775,0.0,good,synthetic_demo_v1
2024-01-18T20:00:00+05:30,Load_3,load,0.09273304055161624,0.02781991216548487,0.0,good,synthetic_demo_v1
2024-01-18T20:00:00+05:30,Load_4,load,0.07806748688773862,0.023420246066321586,0.0,good,synthetic_demo_v1
2024-01-18T20:00:00+05:30,Load_5,load,0.02938157468928715,0.008814472406786145,0.0,good,synthetic_demo_v1
2024-01-18T20:00:00+05:30,Load_6,load,0.029378921721211888,0.008813676516363566,0.0,good,synthetic_demo_v1
2024-01-18T20:00:00+05:30,Load_7,load,0.018609710712315878,0.005582913213694763,0.0,good,synthetic_demo_v1
2024-01-18T20:00:00+05:30,Load_8,load,0.10749172776185507,0.03224751832855652,0.0,good,synthetic_demo_v1
2024-01-18T20:00:00+05:30,Load_9,load,0.078337680107155,0.023501304032146498,0.0,good,synthetic_demo_v1
2024-01-18T20:00:00+05:30,Load_10,load,0.09010193211311637,0.02703057963393491,0.0,good,synthetic_demo_v1
2024-01-18T20:00:00+05:30,Load_11,load,0.014485186483387537,0.004345555945016261,0.0,good,synthetic_demo_v1
2024-01-18T20:00:00+05:30,Load_12,load,0.11890138776521492,0.035670416329564476,0.0,good,synthetic_demo_v1
2024-01-18T20:00:00+05:30,Load_13,load,0.10378138291941089,0.031134414875823264,0.0,good,synthetic_demo_v1
2024-01-18T20:00:00+05:30,Load_14,load,0.03557625758457066,0.010672877275371199,0.0,good,synthetic_demo_v1
2024-01-18T20:00:00+05:30,Load_15,load,0.03222000999229059,0.009666002997687178,0.0,good,synthetic_demo_v1
2024-01-18T20:00:00+05:30,Load_16,load,0.03239374373017733,0.009718123119053198,0.0,good,synthetic_demo_v1
2024-01-18T20:00:00+05:30,Load_17,load,0.04568467392381187,0.01370540217714356,0.0,good,synthetic_demo_v1
2024-01-18T20:00:00+05:30,Load_18,load,0.06993900750834985,0.020981702252504952,0.0,good,synthetic_demo_v1
2024-01-18T20:00:00+05:30,Load_19,load,0.05973068946467092,0.017919206839401278,0.0,good,synthetic_demo_v1
2024-01-18T20:00:00+05:30,Load_20,load,0.04425336405097797,0.01327600921529339,0.0,good,synthetic_demo_v1
2024-01-18T20:00:00+05:30,Load_21,load,0.07951873878340689,0.023855621635022067,0.0,good,synthetic_demo_v1
2024-01-18T20:00:00+05:30,Load_22,load,0.027564015810832614,0.008269204743249783,0.0,good,synthetic_demo_v1
2024-01-18T20:00:00+05:30,Load_23,load,0.044354060721532154,0.013306218216459645,0.0,good,synthetic_demo_v1
2024-01-18T20:00:00+05:30,Load_24,load,0.05251720255932309,0.015755160767796924,0.0,good,synthetic_demo_v1
2024-01-18T20:00:00+05:30,Load_25,load,0.06238419201836873,0.018715257605510616,0.0,good,synthetic_demo_v1
2024-01-18T20:00:00+05:30,Load_26,load,0.09858252557294654,0.029574757671883962,0.0,good,synthetic_demo_v1
2024-01-18T20:00:00+05:30,Load_27,load,0.03418319936582827,0.01025495980974848,0.0,good,synthetic_demo_v1
2024-01-18T20:00:00+05:30,Load_28,load,0.06878169452529462,0.020634508357588385,0.0,good,synthetic_demo_v1
2024-01-18T20:00:00+05:30,Load_29,load,0.07738071926375893,0.02321421577912768,0.0,good,synthetic_demo_v1
2024-01-18T20:00:00+05:30,Load_30,load,0.017330176267070094,0.005199052880121028,0.0,good,synthetic_demo_v1
2024-01-18T20:00:00+05:30,Load_31,load,0.07904489758386997,0.02371346927516099,0.0,good,synthetic_demo_v1
2024-01-18T20:00:00+05:30,Load_32,load,0.03097703134240906,0.009293109402722719,0.0,good,synthetic_demo_v1
2024-01-18T20:00:00+05:30,PV_5,pv,0.0,0.0,0.0,good,synthetic_demo_v1
2024-01-18T20:00:00+05:30,PV_10,pv,0.0,0.0,0.0,good,synthetic_demo_v1
2024-01-18T20:00:00+05:30,PV_17,pv,0.0,0.0,0.0,good,synthetic_demo_v1
2024-01-18T20:00:00+05:30,PV_24,pv,0.0,0.0,0.0,good,synthetic_demo_v1
2024-01-18T20:00:00+05:30,PV_30,pv,0.0,0.0,0.0,good,synthetic_demo_v1
2024-01-18T20:00:00+05:30,Battery_18,battery,0.0,0.0,0.0,good,synthetic_demo_v1
2024-01-18T21:00:00+05:30,Load_1,load,0.053642278781038666,0.0160926836343116,0.0,good,synthetic_demo_v1
2024-01-18T21:00:00+05:30,Load_2,load,0.11728320973947923,0.03518496292184377,0.0,good,synthetic_demo_v1
2024-01-18T21:00:00+05:30,Load_3,load,0.09312459950825018,0.027937379852475054,0.0,good,synthetic_demo_v1
2024-01-18T21:00:00+05:30,Load_4,load,0.07839712154148193,0.02351913646244458,0.0,good,synthetic_demo_v1
2024-01-18T21:00:00+05:30,Load_5,load,0.02950563639007001,0.008851690917021003,0.0,good,synthetic_demo_v1
2024-01-18T21:00:00+05:30,Load_6,load,0.029502972220017486,0.008850891666005245,0.0,good,synthetic_demo_v1
2024-01-18T21:00:00+05:30,Load_7,load,0.018688288950087752,0.0056064866850263255,0.0,good,synthetic_demo_v1
2024-01-18T21:00:00+05:30,Load_8,load,0.10794560427144481,0.032383681281433443,0.0,good,synthetic_demo_v1
2024-01-18T21:00:00+05:30,Load_9,load,0.07866845563339052,0.023600536690017156,0.0,good,synthetic_demo_v1
2024-01-18T21:00:00+05:30,Load_10,load,0.09048238139331953,0.027144714417995857,0.0,good,synthetic_demo_v1
2024-01-18T21:00:00+05:30,Load_11,load,0.01454634919812594,0.004363904759437782,0.0,good,synthetic_demo_v1
2024-01-18T21:00:00+05:30,Load_12,load,0.11940344078815834,0.0358210322364475,0.0,good,synthetic_demo_v1
2024-01-18T21:00:00+05:30,Load_13,load,0.1042195927502568,0.03126587782507704,0.0,good,synthetic_demo_v1
2024-01-18T21:00:00+05:30,Load_14,load,0.03572647591255702,0.010717942773767105,0.0,good,synthetic_demo_v1
2024-01-18T21:00:00+05:30,Load_15,load,0.03235605679308857,0.00970681703792657,0.0,good,synthetic_demo_v1
2024-01-18T21:00:00+05:30,Load_16,load,0.0325305241098673,0.00975915723296019,0.0,good,synthetic_demo_v1
2024-01-18T21:00:00+05:30,Load_17,load,0.04587757435228226,0.013763272305684679,0.0,good,synthetic_demo_v1
2024-01-18T21:00:00+05:30,Load_18,load,0.07023432021075972,0.021070296063227915,0.0,good,synthetic_demo_v1
2024-01-18T21:00:00+05:30,Load_19,load,0.05998289823844443,0.01799486947153333,0.0,good,synthetic_demo_v1
2024-01-18T21:00:00+05:30,Load_20,load,0.044440220870858665,0.013332066261257599,0.0,good,synthetic_demo_v1
2024-01-18T21:00:00+05:30,Load_21,load,0.079854501249575,0.0239563503748725,0.0,good,synthetic_demo_v1
2024-01-18T21:00:00+05:30,Load_22,load,0.027680402992869675,0.008304120897860902,0.0,good,synthetic_demo_v1
2024-01-18T21:00:00+05:30,Load_23,load,0.04454134272625554,0.013362402817876661,0.0,good,synthetic_demo_v1
2024-01-18T21:00:00+05:30,Load_24,load,0.052738952875252994,0.015821685862575898,0.0,good,synthetic_demo_v1
2024-01-18T21:00:00+05:30,Load_25,load,0.06264760502620133,0.0187942815078604,0.0,good,synthetic_demo_v1
2024-01-18T21:00:00+05:30,Load_26,load,0.0989987835822393,0.02969963507467179,0.0,good,synthetic_demo_v1
2024-01-18T21:00:00+05:30,Load_27,load,0.0343275356002327,0.010298260680069811,0.0,good,synthetic_demo_v1
2024-01-18T21:00:00+05:30,Load_28,load,0.0690721205523464,0.02072163616570392,0.0,good,synthetic_demo_v1
2024-01-18T21:00:00+05:30,Load_29,load,0.07770745408791943,0.023312236226375828,0.0,good,synthetic_demo_v1
2024-01-18T21:00:00+05:30,Load_30,load,0.017403351757672488,0.0052210055273017465,0.0,good,synthetic_demo_v1
2024-01-18T21:00:00+05:30,Load_31,load,0.07937865928780061,0.023813597786340183,0.0,good,synthetic_demo_v1
2024-01-18T21:00:00+05:30,Load_32,load,0.031107829750397192,0.009332348925119157,0.0,good,synthetic_demo_v1
2024-01-18T21:00:00+05:30,PV_5,pv,0.0,0.0,0.0,good,synthetic_demo_v1
2024-01-18T21:00:00+05:30,PV_10,pv,0.0,0.0,0.0,good,synthetic_demo_v1
2024-01-18T21:00:00+05:30,PV_17,pv,0.0,0.0,0.0,good,synthetic_demo_v1
2024-01-18T21:00:00+05:30,PV_24,pv,0.0,0.0,0.0,good,synthetic_demo_v1
2024-01-18T21:00:00+05:30,PV_30,pv,0.0,0.0,0.0,good,synthetic_demo_v1
2024-01-18T21:00:00+05:30,Battery_18,battery,0.0,0.0,0.0,good,synthetic_demo_v1
2024-01-18T22:00:00+05:30,Load_1,load,0.05335755097384242,0.016007265292152725,0.0,good,synthetic_demo_v1
2024-01-18T22:00:00+05:30,Load_2,load,0.1166606822874601,0.03499820468623803,0.0,good,synthetic_demo_v1
2024-01-18T22:00:00+05:30,Load_3,load,0.09263030352350567,0.0277890910570517,0.0,good,synthetic_demo_v1
2024-01-18T22:00:00+05:30,Load_4,load,0.07798099752486215,0.023394299257458645,0.0,good,synthetic_demo_v1
2024-01-18T22:00:00+05:30,Load_5,load,0.029349023447067222,0.008804707034120167,0.0,good,synthetic_demo_v1
2024-01-18T22:00:00+05:30,Load_6,load,0.029346373418160716,0.008803912025448215,0.0,good,synthetic_demo_v1
2024-01-18T22:00:00+05:30,Load_7,load,0.018589093396619037,0.005576728018985711,0.0,good,synthetic_demo_v1
2024-01-18T22:00:00+05:30,Load_8,load,0.10737263988777015,0.032211791966331046,0.0,good,synthetic_demo_v1
2024-01-18T22:00:00+05:30,Load_9,load,0.07825089140276861,0.023475267420830583,0.0,good,synthetic_demo_v1
2024-01-18T22:00:00+05:30,Load_10,load,0.09000211003592297,0.02700063301077689,0.0,good,synthetic_demo_v1
2024-01-18T22:00:00+05:30,Load_11,load,0.014469138643242554,0.004340741592972766,0.0,good,synthetic_demo_v1
2024-01-18T22:00:00+05:30,Load_12,load,0.11876965936350872,0.03563089780905262,0.0,good,synthetic_demo_v1
2024-01-18T22:00:00+05:30,Load_13,load,0.1036664056600552,0.031099921698016557,0.0,good,synthetic_demo_v1
2024-01-18T22:00:00+05:30,Load_14,load,0.03553684338059554,0.010661053014178662,0.0,good,synthetic_demo_v1
2024-01-18T22:00:00+05:30,Load_15,load,0.03218431410598502,0.009655294231795505,0.0,good,synthetic_demo_v1
2024-01-18T22:00:00+05:30,Load_16,load,0.03235785536783725,0.009707356610351174,0.0,good,synthetic_demo_v1
2024-01-18T22:00:00+05:30,Load_17,load,0.04563406081330439,0.013690218243991317,0.0,good,synthetic_demo_v1
2024-01-18T22:00:00+05:30,Load_18,load,0.06986152352057516,0.02095845705617255,0.0,good,synthetic_demo_v1
2024-01-18T22:00:00+05:30,Load_19,load,0.05966451506247196,0.017899354518741587,0.0,good,synthetic_demo_v1
2024-01-18T22:00:00+05:30,Load_20,load,0.0442043366592366,0.013261300997770979,0.0,good,synthetic_demo_v1
2024-01-18T22:00:00+05:30,Load_21,load,0.07943064160840743,0.02382919248252223,0.0,good,synthetic_demo_v1
2024-01-18T22:00:00+05:30,Load_22,load,0.02753347820470698,0.008260043461412094,0.0,good,synthetic_demo_v1
2024-01-18T22:00:00+05:30,Load_23,load,0.04430492177002081,0.013291476531006242,0.0,good,synthetic_demo_v1
2024-01-18T22:00:00+05:30,Load_24,load,0.052459019830885294,0.015737705949265587,0.0,good,synthetic_demo_v1
2024-01-18T22:00:00+05:30,Load_25,load,0.06231507785527301,0.0186945233565819,0.0,good,synthetic_demo_v1
2024-01-18T22:00:00+05:30,Load_26,load,0.09847330802070461,0.029541992406211384,0.0,good,synthetic_demo_v1
2024-01-18T22:00:00+05:30,Load_27,load,0.034145328502398514,0.010243598550719555,0.0,good,synthetic_demo_v1
2024-01-18T22:00:00+05:30,Load_28,load,0.06870549270076795,0.020611647810230383,0.0,good,synthetic_demo_v1
2024-01-18T22:00:00+05:30,Load_29,load,0.07729499075660627,0.02318849722698188,0.0,good,synthetic_demo_v1
2024-01-18T22:00:00+05:30,Load_30,load,0.017310976521265144,0.005193292956379543,0.0,good,synthetic_demo_v1
2024-01-18T22:00:00+05:30,Load_31,load,0.07895732536778857,0.02368719761033657,0.0,good,synthetic_demo_v1
2024-01-18T22:00:00+05:30,Load_32,load,0.030942712526581647,0.009282813757974493,0.0,good,synthetic_demo_v1
2024-01-18T22:00:00+05:30,PV_5,pv,0.0,0.0,0.0,good,synthetic_demo_v1
2024-01-18T22:00:00+05:30,PV_10,pv,0.0,0.0,0.0,good,synthetic_demo_v1
2024-01-18T22:00:00+05:30,PV_17,pv,0.0,0.0,0.0,good,synthetic_demo_v1
2024-01-18T22:00:00+05:30,PV_24,pv,0.0,0.0,0.0,good,synthetic_demo_v1
2024-01-18T22:00:00+05:30,PV_30,pv,0.0,0.0,0.0,good,synthetic_demo_v1
2024-01-18T22:00:00+05:30,Battery_18,battery,0.0,0.0,0.0,good,synthetic_demo_v1
2024-01-18T23:00:00+05:30,Load_1,load,0.03529339204102839,0.010588017612308516,0.0,good,synthetic_demo_v1
2024-01-18T23:00:00+05:30,Load_2,load,0.07716529564416559,0.023149588693249675,0.0,good,synthetic_demo_v1
2024-01-18T23:00:00+05:30,Load_3,load,0.06127038361894128,0.01838111508568238,0.0,good,synthetic_demo_v1
2024-01-18T23:00:00+05:30,Load_4,load,0.05158058919804336,0.015474176759413007,0.0,good,synthetic_demo_v1
2024-01-18T23:00:00+05:30,Load_5,load,0.019412933532996543,0.0058238800598989626,0.0,good,synthetic_demo_v1
2024-01-18T23:00:00+05:30,Load_6,load,0.01941118066939223,0.005823354200817668,0.0,good,synthetic_demo_v1
2024-01-18T23:00:00+05:30,Load_7,load,0.012295769745050616,0.0036887309235151848,0.0,good,synthetic_demo_v1
2024-01-18T23:00:00+05:30,Load_8,load,0.07102171304483203,0.021306513913449607,0.0,good,synthetic_demo_v1
2024-01-18T23:00:00+05:30,Load_9,load,0.05175911070565708,0.015527733211697124,0.0,good,synthetic_demo_v1
2024-01-18T23:00:00+05:30,Load_10,load,0.05953196306882257,0.01785958892064677,0.0,good,synthetic_demo_v1
2024-01-18T23:00:00+05:30,Load_11,load,0.009570622588774686,0.002871186776632406,0.0,good,synthetic_demo_v1
2024-01-18T23:00:00+05:30,Load_12,load,0.07856028011013208,0.023568084033039623,0.0,good,synthetic_demo_v1
2024-01-18T23:00:00+05:30,Load_13,load,0.06857022164001199,0.020571066492003597,0.0,good,synthetic_demo_v1
2024-01-18T23:00:00+05:30,Load_14,load,0.023505871660917114,0.007051761498275134,0.0,good,synthetic_demo_v1
2024-01-18T23:00:00+05:30,Load_15,load,0.021288338662150755,0.006386501598645226,0.0,good,synthetic_demo_v1
2024-01-18T23:00:00+05:30,Load_16,load,0.02140312765973515,0.006420938297920544,0.0,good,synthetic_demo_v1
2024-01-18T23:00:00+05:30,Load_17,load,0.030184683691679197,0.009055405107503758,0.0,good,synthetic_demo_v1
2024-01-18T23:00:00+05:30,Load_18,load,0.046209957038769,0.0138629871116307,0.0,good,synthetic_demo_v1
2024-01-18T23:00:00+05:30,Load_19,load,0.03946513815954519,0.011839541447863557,0.0,good,synthetic_demo_v1
2024-01-18T23:00:00+05:30,Load_20,load,0.02923899157952099,0.008771697473856296,0.0,good,synthetic_demo_v1
2024-01-18T23:00:00+05:30,Load_21,load,0.05253945736246872,0.015761837208740616,0.0,good,synthetic_demo_v1
2024-01-18T23:00:00+05:30,Load_22,load,0.01821203977311884,0.005463611931935651,0.0,good,synthetic_demo_v1
2024-01-18T23:00:00+05:30,Load_23,load,0.029305523676358372,0.008791657102907512,0.0,good,synthetic_demo_v1
2024-01-18T23:00:00+05:30,Load_24,load,0.03469905794377933,0.0104097173831338,0.0,good,synthetic_demo_v1
2024-01-18T23:00:00+05:30,Load_25,load,0.041218354903348714,0.012365506471004614,0.0,good,synthetic_demo_v1
2024-01-18T23:00:00+05:30,Load_26,load,0.06513524331833472,0.019540572995500414,0.0,good,synthetic_demo_v1
2024-01-18T23:00:00+05:30,Load_27,load,0.02258545310289133,0.006775635930867398,0.0,good,synthetic_demo_v1
2024-01-18T23:00:00+05:30,Load_28,load,0.04544529958747463,0.01363358987624239,0.0,good,synthetic_demo_v1
2024-01-18T23:00:00+05:30,Load_29,load,0.05112682950755976,0.015338048852267926,0.0,good,synthetic_demo_v1
2024-01-18T23:00:00+05:30,Load_30,load,0.01145035838090774,0.003435107514272322,0.0,good,synthetic_demo_v1
2024-01-18T23:00:00+05:30,Load_31,load,0.05222638198073435,0.015667914594220303,0.0,good,synthetic_demo_v1
2024-01-18T23:00:00+05:30,Load_32,load,0.020467080367853753,0.0061401241103561256,0.0,good,synthetic_demo_v1
2024-01-18T23:00:00+05:30,PV_5,pv,0.0,0.0,0.0,good,synthetic_demo_v1
2024-01-18T23:00:00+05:30,PV_10,pv,0.0,0.0,0.0,good,synthetic_demo_v1
2024-01-18T23:00:00+05:30,PV_17,pv,0.0,0.0,0.0,good,synthetic_demo_v1
2024-01-18T23:00:00+05:30,PV_24,pv,0.0,0.0,0.0,good,synthetic_demo_v1
2024-01-18T23:00:00+05:30,PV_30,pv,0.0,0.0,0.0,good,synthetic_demo_v1
2024-01-18T23:00:00+05:30,Battery_18,battery,0.0,0.0,0.0,good,synthetic_demo_v1
2024-01-19T00:00:00+05:30,Load_1,load,0.034288629297391314,0.010286588789217394,0.0,good,synthetic_demo_v1
2024-01-19T00:00:00+05:30,Load_2,load,0.0749684874123338,0.022490546223700142,0.0,good,synthetic_demo_v1
2024-01-19T00:00:00+05:30,Load_3,load,0.05952608546032004,0.01785782563809601,0.0,good,synthetic_demo_v1
2024-01-19T00:00:00+05:30,Load_4,load,0.05011214846951279,0.015033644540853836,0.0,good,synthetic_demo_v1
2024-01-19T00:00:00+05:30,Load_5,load,0.01886026938736886,0.005658080816210658,0.0,good,synthetic_demo_v1
2024-01-19T00:00:00+05:30,Load_6,load,0.0188585664257984,0.00565756992773952,0.0,good,synthetic_demo_v1
2024-01-19T00:00:00+05:30,Load_7,load,0.01194572316041503,0.003583716948124509,0.0,good,synthetic_demo_v1
2024-01-19T00:00:00+05:30,Load_8,load,0.06899980562449186,0.020699941687347557,0.0,good,synthetic_demo_v1
2024-01-19T00:00:00+05:30,Load_9,load,0.050285587672779575,0.015085676301833871,0.0,good,synthetic_demo_v1
2024-01-19T00:00:00+05:30,Load_10,load,0.05783715576671923,0.017351146730015768,0.0,good,synthetic_demo_v1
2024-01-19T00:00:00+05:30,Load_11,load,0.009298157845248947,0.002789447353574684,0.0,good,synthetic_demo_v1
2024-01-19T00:00:00+05:30,Load_12,load,0.07632375825661933,0.022897127476985798,0.0,good,synthetic_demo_v1
2024-01-19T00:00:00+05:30,Load_13,load,0.06661810539267797,0.01998543161780339,0.0,good,synthetic_demo_v1
2024-01-19T00:00:00+05:30,Load_14,load,0.022836686220363587,0.006851005866109076,0.0,good,synthetic_demo_v1
2024-01-19T00:00:00+05:30,Load_15,load,0.02068228386478834,0.006204685159436502,0.0,good,synthetic_demo_v1
2024-01-19T00:00:00+05:30,Load_16,load,0.020793804950123944,0.006238141485037183,0.0,good,synthetic_demo_v1
2024-01-19T00:00:00+05:30,Load_17,load,0.029325360066264784,0.008797608019879435,0.0,good,synthetic_demo_v1
2024-01-19T00:00:00+05:30,Load_18,load,0.044894412101528336,0.0134683236304585,0.0,good,synthetic_demo_v1
2024-01-19T00:00:00+05:30,Load_19,load,0.03834161054709286,0.011502483164127858,0.0,good,synthetic_demo_v1
2024-01-19T00:00:00+05:30,Load_20,load,0.028406590733309645,0.008521977219992894,0.0,good,synthetic_demo_v1
2024-01-19T00:00:00+05:30,Load_21,load,0.0510437187475079,0.015313115624252369,0.0,good,synthetic_demo_v1
2024-01-19T00:00:00+05:30,Load_22,load,0.017693563707446427,0.005308069112233928,0.0,good,synthetic_demo_v1
2024-01-19T00:00:00+05:30,Load_23,load,0.02847122873699552,0.008541368621098656,0.0,good,synthetic_demo_v1
2024-01-19T00:00:00+05:30,Load_24,load,0.03371121521614681,0.010113364564844043,0.0,good,synthetic_demo_v1
2024-01-19T00:00:00+05:30,Load_25,load,0.04004491520356721,0.012013474561070164,0.0,good,synthetic_demo_v1
2024-01-19T00:00:00+05:30,Load_26,load,0.06328091699832789,0.018984275099498366,0.0,good,synthetic_demo_v1
2024-01-19T00:00:00+05:30,Load_27,load,0.021942470932190167,0.00658274127965705,0.0,good,synthetic_demo_v1
2024-01-19T00:00:00+05:30,Load_28,load,0.044151523578474475,0.013245457073542343,0.0,good,synthetic_demo_v1
2024-01-19T00:00:00+05:30,Load_29,load,0.04967130680150298,0.014901392040450894,0.0,good,synthetic_demo_v1
2024-01-19T00:00:00+05:30,Load_30,load,0.011124379696596121,0.0033373139089788364,0.0,good,synthetic_demo_v1
2024-01-19T00:00:00+05:30,Load_31,load,0.05073955626593203,0.015221866879779609,0.0,good,synthetic_demo_v1
2024-01-19T00:00:00+05:30,Load_32,load,0.019884405860378273,0.005965321758113482,0.0,good,synthetic_demo_v1
2024-01-19T00:00:00+05:30,PV_5,pv,0.0,0.0,0.0,good,synthetic_demo_v1
2024-01-19T00:00:00+05:30,PV_10,pv,0.0,0.0,0.0,good,synthetic_demo_v1
2024-01-19T00:00:00+05:30,PV_17,pv,0.0,0.0,0.0,good,synthetic_demo_v1
2024-01-19T00:00:00+05:30,PV_24,pv,0.0,0.0,0.0,good,synthetic_demo_v1
2024-01-19T00:00:00+05:30,PV_30,pv,0.0,0.0,0.0,good,synthetic_demo_v1
2024-01-19T00:00:00+05:30,Battery_18,battery,0.0,0.0,0.0,good,synthetic_demo_v1
2024-01-19T01:00:00+05:30,Load_1,load,0.033832337501666865,0.010149701250500059,0.0,good,synthetic_demo_v1
2024-01-19T01:00:00+05:30,Load_2,load,0.07397085331481909,0.022191255994445727,0.0,good,synthetic_demo_v1
2024-01-19T01:00:00+05:30,Load_3,load,0.05873394926287796,0.017620184778863388,0.0,good,synthetic_demo_v1
2024-01-19T01:00:00+05:30,Load_4,load,0.04944528710231011,0.014833586130693032,0.0,good,synthetic_demo_v1
2024-01-19T01:00:00+05:30,Load_5,load,0.018609288628938132,0.00558278658868144,0.0,good,synthetic_demo_v1
2024-01-19T01:00:00+05:30,Load_6,load,0.018607608329323223,0.0055822824987969664,0.0,good,synthetic_demo_v1
2024-01-19T01:00:00+05:30,Load_7,load,0.011786756891311131,0.0035360270673933394,0.0,good,synthetic_demo_v1
2024-01-19T01:00:00+05:30,Load_8,load,0.06808159903944669,0.020424479711834007,0.0,good,synthetic_demo_v1
2024-01-19T01:00:00+05:30,Load_9,load,0.0496164182843136,0.01488492548529408,0.0,good,synthetic_demo_v1
2024-01-19T01:00:00+05:30,Load_10,load,0.057067494797320296,0.017120248439196087,0.0,good,synthetic_demo_v1
2024-01-19T01:00:00+05:30,Load_11,load,0.009174423732014481,0.0027523271196043444,0.0,good,synthetic_demo_v1
2024-01-19T01:00:00+05:30,Load_12,load,0.075308089055926,0.0225924267167778,0.0,good,synthetic_demo_v1
2024-01-19T01:00:00+05:30,Load_13,load,0.06573159299599554,0.019719477898798663,0.0,good,synthetic_demo_v1
2024-01-19T01:00:00+05:30,Load_14,load,0.022532789774882805,0.006759836932464841,0.0,good,synthetic_demo_v1
2024-01-19T01:00:00+05:30,Load_15,load,0.020407056868617192,0.006122117060585157,0.0,good,synthetic_demo_v1
2024-01-19T01:00:00+05:30,Load_16,load,0.02051709390057033,0.006155128170171099,0.0,good,synthetic_demo_v1
2024-01-19T01:00:00+05:30,Load_17,load,0.02893511637676507,0.00868053491302952,0.0,good,synthetic_demo_v1
2024-01-19T01:00:00+05:30,Load_18,load,0.04429698513125985,0.013289095539377955,0.0,good,synthetic_demo_v1
2024-01-19T01:00:00+05:30,Load_19,load,0.03783138419258439,0.011349415257775317,0.0,good,synthetic_demo_v1
2024-01-19T01:00:00+05:30,Load_20,load,0.028028573455812424,0.008408572036743727,0.0,good,synthetic_demo_v1
2024-01-19T01:00:00+05:30,Load_21,load,0.05036446062127169,0.015109338186381506,0.0,good,synthetic_demo_v1
2024-01-19T01:00:00+05:30,Load_22,load,0.01745810874402945,0.0052374326232088346,0.0,good,synthetic_demo_v1
2024-01-19T01:00:00+05:30,Load_23,load,0.02809235129706608,0.008427705389119824,0.0,good,synthetic_demo_v1
2024-01-19T01:00:00+05:30,Load_24,load,0.033262607288614424,0.009978782186584326,0.0,good,synthetic_demo_v1
2024-01-19T01:00:00+05:30,Load_25,load,0.039512022327932224,0.011853606698379668,0.0,good,synthetic_demo_v1
2024-01-19T01:00:00+05:30,Load_26,load,0.06243881383340337,0.01873164415002101,0.0,good,synthetic_demo_v1
2024-01-19T01:00:00+05:30,Load_27,load,0.021650474148724626,0.006495142244617388,0.0,good,synthetic_demo_v1
2024-01-19T01:00:00+05:30,Load_28,load,0.0435639825075596,0.01306919475226788,0.0,good,synthetic_demo_v1
2024-01-19T01:00:00+05:30,Load_29,load,0.04901031188158758,0.014703093564476273,0.0,good,synthetic_demo_v1
2024-01-19T01:00:00+05:30,Load_30,load,0.010976343356500527,0.0032929030069501577,0.0,good,synthetic_demo_v1
2024-01-19T01:00:00+05:30,Load_31,load,0.050064345745206865,0.015019303723562059,0.0,good,synthetic_demo_v1
2024-01-19T01:00:00+05:30,Load_32,load,0.019619796529446634,0.00588593895883399,0.0,good,synthetic_demo_v1
2024-01-19T01:00:00+05:30,PV_5,pv,0.0,0.0,0.0,good,synthetic_demo_v1
2024-01-19T01:00:00+05:30,PV_10,pv,0.0,0.0,0.0,good,synthetic_demo_v1
2024-01-19T01:00:00+05:30,PV_17,pv,0.0,0.0,0.0,good,synthetic_demo_v1
2024-01-19T01:00:00+05:30,PV_24,pv,0.0,0.0,0.0,good,synthetic_demo_v1
2024-01-19T01:00:00+05:30,PV_30,pv,0.0,0.0,0.0,good,synthetic_demo_v1
2024-01-19T01:00:00+05:30,Battery_18,battery,0.0,0.0,0.0,good,synthetic_demo_v1
2024-01-19T02:00:00+05:30,Load_1,load,0.016939405218237245,0.005081821565471174,0.0,good,synthetic_demo_v1
2024-01-19T02:00:00+05:30,Load_2,load,0.03703623075339603,0.011110869226018808,0.0,good,synthetic_demo_v1
2024-01-19T02:00:00+05:30,Load_3,load,0.029407313833466533,0.00882219415003996,0.0,good,synthetic_demo_v1
2024-01-19T02:00:00+05:30,Load_4,load,0.0247566031852468,0.00742698095557404,0.0,good,synthetic_demo_v1
2024-01-19T02:00:00+05:30,Load_5,load,0.009317425403822207,0.0027952276211466623,0.0,good,synthetic_demo_v1
2024-01-19T02:00:00+05:30,Load_6,load,0.009316584099964217,0.002794975229989265,0.0,good,synthetic_demo_v1
2024-01-19T02:00:00+05:30,Load_7,load,0.005901473735917083,0.0017704421207751248,0.0,good,synthetic_demo_v1
2024-01-19T02:00:00+05:30,Load_8,load,0.03408755880311018,0.010226267640933054,0.0,good,synthetic_demo_v1
2024-01-19T02:00:00+05:30,Load_9,load,0.024842286311258715,0.007452685893377614,0.0,good,synthetic_demo_v1
2024-01-19T02:00:00+05:30,Load_10,load,0.02857294205917126,0.008571882617751377,0.0,good,synthetic_demo_v1
2024-01-19T02:00:00+05:30,Load_11,load,0.004593512973578871,0.0013780538920736614,0.0,good,synthetic_demo_v1
2024-01-19T02:00:00+05:30,Load_12,load,0.037705767053978385,0.011311730116193516,0.0,good,synthetic_demo_v1
2024-01-19T02:00:00+05:30,Load_13,load,0.032910941768199004,0.009873282530459701,0.0,good,synthetic_demo_v1
2024-01-19T02:00:00+05:30,Load_14,load,0.011281870685857493,0.003384561205757248,0.0,good,synthetic_demo_v1
2024-01-19T02:00:00+05:30,Load_15,load,0.01021754425310066,0.003065263275930198,0.0,good,synthetic_demo_v1
2024-01-19T02:00:00+05:30,Load_16,load,0.010272638343870311,0.0030817915031610935,0.0,good,synthetic_demo_v1
2024-01-19T02:00:00+05:30,Load_17,load,0.014487431183811274,0.004346229355143382,0.0,good,synthetic_demo_v1
2024-01-19T02:00:00+05:30,Load_18,load,0.022178916282319286,0.006653674884695785,0.0,good,synthetic_demo_v1
2024-01-19T02:00:00+05:30,Load_19,load,0.01894167515837263,0.005682502547511788,0.0,good,synthetic_demo_v1
2024-01-19T02:00:00+05:30,Load_20,load,0.014033537098456257,0.004210061129536877,0.0,good,synthetic_demo_v1
2024-01-19T02:00:00+05:30,Load_21,load,0.025216821244457045,0.007565046373337114,0.0,good,synthetic_demo_v1
2024-01-19T02:00:00+05:30,Load_22,load,0.008741044816799772,0.0026223134450399314,0.0,good,synthetic_demo_v1
2024-01-19T02:00:00+05:30,Load_23,load,0.014065469822492453,0.004219640946747736,0.0,good,synthetic_demo_v1
2024-01-19T02:00:00+05:30,Load_24,load,0.016654148813961527,0.004996244644188458,0.0,good,synthetic_demo_v1
2024-01-19T02:00:00+05:30,Load_25,load,0.019783148509082644,0.005934944552724793,0.0,good,synthetic_demo_v1
2024-01-19T02:00:00+05:30,Load_26,load,0.031262290665490876,0.009378687199647262,0.0,good,synthetic_demo_v1
2024-01-19T02:00:00+05:30,Load_27,load,0.010840106887505113,0.003252032066251534,0.0,good,synthetic_demo_v1
2024-01-19T02:00:00+05:30,Load_28,load,0.02181191153521076,0.006543573460563228,0.0,good,synthetic_demo_v1
2024-01-19T02:00:00+05:30,Load_29,load,0.024538816828529705,0.007361645048558911,0.0,good,synthetic_demo_v1
2024-01-19T02:00:00+05:30,Load_30,load,0.005495710366483194,0.001648713109944958,0.0,good,synthetic_demo_v1
2024-01-19T02:00:00+05:30,Load_31,load,0.025066557683819754,0.007519967305145926,0.0,good,synthetic_demo_v1
2024-01-19T02:00:00+05:30,Load_32,load,0.009823373383387625,0.0029470120150162874,0.0,good,synthetic_demo_v1
2024-01-19T02:00:00+05:30,PV_5,pv,0.0,0.0,0.0,good,synthetic_demo_v1
2024-01-19T02:00:00+05:30,PV_10,pv,0.0,0.0,0.0,good,synthetic_demo_v1
2024-01-19T02:00:00+05:30,PV_17,pv,0.0,0.0,0.0,good,synthetic_demo_v1
2024-01-19T02:00:00+05:30,PV_24,pv,0.0,0.0,0.0,good,synthetic_demo_v1
2024-01-19T02:00:00+05:30,PV_30,pv,0.0,0.0,0.0,good,synthetic_demo_v1
2024-01-19T02:00:00+05:30,Battery_18,battery,0.0,0.0,0.0,good,synthetic_demo_v1
2024-01-19T03:00:00+05:30,Load_1,load,0.017383611008335482,0.005215083302500644,0.0,good,synthetic_demo_v1
2024-01-19T03:00:00+05:30,Load_2,load,0.038007440068724335,0.0114022320206173,0.0,good,synthetic_demo_v1
2024-01-19T03:00:00+05:30,Load_3,load,0.03017846836385099,0.009053540509155297,0.0,good,synthetic_demo_v1
2024-01-19T03:00:00+05:30,Load_4,load,0.025405801096057237,0.007621740328817171,0.0,good,synthetic_demo_v1
2024-01-19T03:00:00+05:30,Load_5,load,0.00956175832223721,0.0028685274966711626,0.0,good,synthetic_demo_v1
2024-01-19T03:00:00+05:30,Load_6,load,0.009560894956681058,0.0028682684870043173,0.0,good,synthetic_demo_v1
2024-01-19T03:00:00+05:30,Load_7,load,0.006056229394090058,0.0018168688182270173,0.0,good,synthetic_demo_v1
2024-01-19T03:00:00+05:30,Load_8,load,0.03498144443814733,0.0104944333314442,0.0,good,synthetic_demo_v1
2024-01-19T03:00:00+05:30,Load_9,load,0.02549373110973716,0.007648119332921147,0.0,good,synthetic_demo_v1
2024-01-19T03:00:00+05:30,Load_10,load,0.02932221667296706,0.008796665001890117,0.0,good,synthetic_demo_v1
2024-01-19T03:00:00+05:30,Load_11,load,0.00471396968581091,0.001414190905743273,0.0,good,synthetic_demo_v1
2024-01-19T03:00:00+05:30,Load_12,load,0.038694533768611324,0.011608360130583396,0.0,good,synthetic_demo_v1
2024-01-19T03:00:00+05:30,Load_13,load,0.03377397271306834,0.010132191813920501,0.0,good,synthetic_demo_v1
2024-01-19T03:00:00+05:30,Load_14,load,0.0115777176897654,0.00347331530692962,0.0,good,synthetic_demo_v1
2024-01-19T03:00:00+05:30,Load_15,load,0.010485481188272732,0.0031456443564818197,0.0,good,synthetic_demo_v1
2024-01-19T03:00:00+05:30,Load_16,load,0.010542020023636705,0.0031626060070910115,0.0,good,synthetic_demo_v1
2024-01-19T03:00:00+05:30,Load_17,load,0.014867338313523848,0.004460201494057154,0.0,good,synthetic_demo_v1
2024-01-19T03:00:00+05:30,Load_18,load,0.02276051893623676,0.006828155680871028,0.0,good,synthetic_demo_v1
2024-01-19T03:00:00+05:30,Load_19,load,0.019438386918384745,0.005831516075515423,0.0,good,synthetic_demo_v1
2024-01-19T03:00:00+05:30,Load_20,load,0.014401541662629578,0.004320462498788874,0.0,good,synthetic_demo_v1
2024-01-19T03:00:00+05:30,Load_21,load,0.025878087555779496,0.007763426266733849,0.0,good,synthetic_demo_v1
2024-01-19T03:00:00+05:30,Load_22,load,0.008970263178903202,0.0026910789536709607,0.0,good,synthetic_demo_v1
2024-01-19T03:00:00+05:30,Load_23,load,0.014434311765589517,0.004330293529676855,0.0,good,synthetic_demo_v1
2024-01-19T03:00:00+05:30,Load_24,load,0.017090874261933852,0.005127262278580155,0.0,good,synthetic_demo_v1
2024-01-19T03:00:00+05:30,Load_25,load,0.02030192641190102,0.006090577923570306,0.0,good,synthetic_demo_v1
2024-01-19T03:00:00+05:30,Load_26,load,0.032082088665859515,0.009624626599757853,0.0,good,synthetic_demo_v1
2024-01-19T03:00:00+05:30,Load_27,load,0.011124369421087424,0.003337310826326227,0.0,good,synthetic_demo_v1
2024-01-19T03:00:00+05:30,Load_28,load,0.022383890142028656,0.0067151670426085965,0.0,good,synthetic_demo_v1
2024-01-19T03:00:00+05:30,Load_29,load,0.025182303679275653,0.007554691103782696,0.0,good,synthetic_demo_v1
2024-01-19T03:00:00+05:30,Load_30,load,0.005639825601584038,0.0016919476804752114,0.0,good,synthetic_demo_v1
2024-01-19T03:00:00+05:30,Load_31,load,0.025723883600375332,0.0077171650801125995,0.0,good,synthetic_demo_v1
2024-01-19T03:00:00+05:30,Load_32,load,0.010080973888185737,0.0030242921664557208,0.0,good,synthetic_demo_v1
2024-01-19T03:00:00+05:30,PV_5,pv,0.0,0.0,0.0,good,synthetic_demo_v1
2024-01-19T03:00:00+05:30,PV_10,pv,0.0,0.0,0.0,good,synthetic_demo_v1
2024-01-19T03:00:00+05:30,PV_17,pv,0.0,0.0,0.0,good,synthetic_demo_v1
2024-01-19T03:00:00+05:30,PV_24,pv,0.0,0.0,0.0,good,synthetic_demo_v1
2024-01-19T03:00:00+05:30,PV_30,pv,0.0,0.0,0.0,good,synthetic_demo_v1
2024-01-19T03:00:00+05:30,Battery_18,battery,0.0,0.0,0.0,good,synthetic_demo_v1
2024-01-19T04:00:00+05:30,Load_1,load,0.01714218008543111,0.005142654025629333,0.0,good,synthetic_demo_v1
2024-01-19T04:00:00+05:30,Load_2,load,0.037479576707733074,0.011243873012319923,0.0,good,synthetic_demo_v1
2024-01-19T04:00:00+05:30,Load_3,load,0.02975933706452364,0.008927801119357091,0.0,good,synthetic_demo_v1
2024-01-19T04:00:00+05:30,Load_4,load,0.0250529546130794,0.007515886383923819,0.0,good,synthetic_demo_v1
2024-01-19T04:00:00+05:30,Load_5,load,0.009428960589060866,0.0028286881767182596,0.0,good,synthetic_demo_v1
2024-01-19T04:00:00+05:30,Load_6,load,0.009428109214289765,0.0028284327642869294,0.0,good,synthetic_demo_v1
2024-01-19T04:00:00+05:30,Load_7,load,0.005972117925463969,0.0017916353776391907,0.0,good,synthetic_demo_v1
2024-01-19T04:00:00+05:30,Load_8,load,0.034495607380980085,0.010348682214294025,0.0,good,synthetic_demo_v1
2024-01-19T04:00:00+05:30,Load_9,load,0.025139663417636342,0.0075418990252909025,0.0,good,synthetic_demo_v1
2024-01-19T04:00:00+05:30,Load_10,load,0.028914977358329735,0.008674493207498921,0.0,good,synthetic_demo_v1
2024-01-19T04:00:00+05:30,Load_11,load,0.004648500086241359,0.0013945500258724078,0.0,good,synthetic_demo_v1
2024-01-19T04:00:00+05:30,Load_12,load,0.03815712776046775,0.011447138328140325,0.0,good,synthetic_demo_v1
2024-01-19T04:00:00+05:30,Load_13,load,0.03330490553258707,0.00999147165977612,0.0,good,synthetic_demo_v1
2024-01-19T04:00:00+05:30,Load_14,load,0.011416921462466825,0.0034250764387400473,0.0,good,synthetic_demo_v1
2024-01-19T04:00:00+05:30,Load_15,load,0.010339854402263355,0.0031019563206790067,0.0,good,synthetic_demo_v1
2024-01-19T04:00:00+05:30,Load_16,load,0.010395608002431068,0.00311868240072932,0.0,good,synthetic_demo_v1
2024-01-19T04:00:00+05:30,Load_17,load,0.014660854447286596,0.004398256334185979,0.0,good,synthetic_demo_v1
2024-01-19T04:00:00+05:30,Load_18,load,0.022444411247798314,0.006733323374339494,0.0,good,synthetic_demo_v1
2024-01-19T04:00:00+05:30,Load_19,load,0.019168418400840975,0.005750525520252292,0.0,good,synthetic_demo_v1
2024-01-19T04:00:00+05:30,Load_20,load,0.01420152697677477,0.004260458093032431,0.0,good,synthetic_demo_v1
2024-01-19T04:00:00+05:30,Load_21,load,0.025518681759216507,0.007655604527764951,0.0,good,synthetic_demo_v1
2024-01-19T04:00:00+05:30,Load_22,load,0.008845680379797813,0.002653704113939344,0.0,good,synthetic_demo_v1
2024-01-19T04:00:00+05:30,Load_23,load,0.014233841954720838,0.004270152586416251,0.0,good,synthetic_demo_v1
2024-01-19T04:00:00+05:30,Load_24,load,0.016853508990453566,0.0050560526971360695,0.0,good,synthetic_demo_v1
2024-01-19T04:00:00+05:30,Load_25,load,0.02001996469358993,0.006005989408076979,0.0,good,synthetic_demo_v1
2024-01-19T04:00:00+05:30,Load_26,load,0.03163651908474174,0.009490955725422523,0.0,good,synthetic_demo_v1
2024-01-19T04:00:00+05:30,Load_27,load,0.010969869485787763,0.0032909608457363285,0.0,good,synthetic_demo_v1
2024-01-19T04:00:00+05:30,Load_28,load,0.022073013233163824,0.006621903969949147,0.0,good,synthetic_demo_v1
2024-01-19T04:00:00+05:30,Load_29,load,0.024832561222703747,0.007449768366811124,0.0,good,synthetic_demo_v1
2024-01-19T04:00:00+05:30,Load_30,load,0.005561497324486879,0.0016684491973460636,0.0,good,synthetic_demo_v1
2024-01-19T04:00:00+05:30,Load_31,load,0.025366619453395443,0.0076099858360186325,0.0,good,synthetic_demo_v1
2024-01-19T04:00:00+05:30,Load_32,load,0.009940965070200078,0.002982289521060023,0.0,good,synthetic_demo_v1
2024-01-19T04:00:00+05:30,PV_5,pv,0.0,0.0,0.0,good,synthetic_demo_v1
2024-01-19T04:00:00+05:30,PV_10,pv,0.0,0.0,0.0,good,synthetic_demo_v1
2024-01-19T04:00:00+05:30,PV_17,pv,0.0,0.0,0.0,good,synthetic_demo_v1
2024-01-19T04:00:00+05:30,PV_24,pv,0.0,0.0,0.0,good,synthetic_demo_v1
2024-01-19T04:00:00+05:30,PV_30,pv,0.0,0.0,0.0,good,synthetic_demo_v1
2024-01-19T04:00:00+05:30,Battery_18,battery,0.0,0.0,0.0,good,synthetic_demo_v1
2024-01-19T05:00:00+05:30,Load_1,load,0.01722794539339419,0.005168383618018257,0.0,good,synthetic_demo_v1
2024-01-19T05:00:00+05:30,Load_2,load,0.037667093547635866,0.01130012806429076,0.0,good,synthetic_demo_v1
2024-01-19T05:00:00+05:30,Load_3,load,0.029908228202955044,0.008972468460886512,0.0,good,synthetic_demo_v1
2024-01-19T05:00:00+05:30,Load_4,load,0.025178298901674407,0.007553489670502322,0.0,good,synthetic_demo_v1
2024-01-19T05:00:00+05:30,Load_5,load,0.009476135318567986,0.0028428405955703956,0.0,good,synthetic_demo_v1
2024-01-19T05:00:00+05:30,Load_6,load,0.009475279684220853,0.0028425839052662557,0.0,good,synthetic_demo_v1
2024-01-19T05:00:00+05:30,Load_7,load,0.006001997469986114,0.001800599240995834,0.0,good,synthetic_demo_v1
2024-01-19T05:00:00+05:30,Load_8,load,0.034668194903433994,0.010400458471030197,0.0,good,synthetic_demo_v1
2024-01-19T05:00:00+05:30,Load_9,load,0.025265441525459058,0.007579632457637717,0.0,good,synthetic_demo_v1
2024-01-19T05:00:00+05:30,Load_10,load,0.02905964401831835,0.008717893205495505,0.0,good,synthetic_demo_v1
2024-01-19T05:00:00+05:30,Load_11,load,0.0046717573405390045,0.0014015272021617013,0.0,good,synthetic_demo_v1
2024-01-19T05:00:00+05:30,Load_12,load,0.03834803450611234,0.011504410351833702,0.0,good,synthetic_demo_v1
2024-01-19T05:00:00+05:30,Load_13,load,0.03347153576663246,0.010041460729989739,0.0,good,synthetic_demo_v1
2024-01-19T05:00:00+05:30,Load_14,load,0.011474042305926578,0.003442212691777973,0.0,good,synthetic_demo_v1
2024-01-19T05:00:00+05:30,Load_15,load,0.010391586491920797,0.003117475947576239,0.0,good,synthetic_demo_v1
2024-01-19T05:00:00+05:30,Load_16,load,0.010447619037045603,0.0031342857111136806,0.0,good,synthetic_demo_v1
2024-01-19T05:00:00+05:30,Load_17,load,0.014734205251583773,0.004420261575475132,0.0,good,synthetic_demo_v1
2024-01-19T05:00:00+05:30,Load_18,load,0.02255670454031561,0.006767011362094682,0.0,good,synthetic_demo_v1
2024-01-19T05:00:00+05:30,Load_19,load,0.019264321331455413,0.005779296399436623,0.0,good,synthetic_demo_v1
2024-01-19T05:00:00+05:30,Load_20,load,0.01427257968586072,0.004281773905758216,0.0,good,synthetic_demo_v1
2024-01-19T05:00:00+05:30,Load_21,load,0.025646356161712788,0.007693906848513836,0.0,good,synthetic_demo_v1
2024-01-19T05:00:00+05:30,Load_22,load,0.008889936856986563,0.0026669810570959687,0.0,good,synthetic_demo_v1
2024-01-19T05:00:00+05:30,Load_23,load,0.01430505634126097,0.004291516902378291,0.0,good,synthetic_demo_v1
2024-01-19T05:00:00+05:30,Load_24,load,0.016937830026729064,0.005081349008018719,0.0,good,synthetic_demo_v1
2024-01-19T05:00:00+05:30,Load_25,load,0.020120128058389426,0.006036038417516828,0.0,good,synthetic_demo_v1
2024-01-19T05:00:00+05:30,Load_26,load,0.03179480209125903,0.00953844062737771,0.0,good,synthetic_demo_v1
2024-01-19T05:00:00+05:30,Load_27,load,0.011024753650466618,0.0033074260951399853,0.0,good,synthetic_demo_v1
2024-01-19T05:00:00+05:30,Load_28,load,0.022183448356828422,0.006655034507048526,0.0,good,synthetic_demo_v1
2024-01-19T05:00:00+05:30,Load_29,load,0.02495680284484067,0.007487040853452201,0.0,good,synthetic_demo_v1
2024-01-19T05:00:00+05:30,Load_30,load,0.0055893224627361175,0.0016767967388208352,0.0,good,synthetic_demo_v1
2024-01-19T05:00:00+05:30,Load_31,load,0.025493533061732326,0.007648059918519697,0.0,good,synthetic_demo_v1
2024-01-19T05:00:00+05:30,Load_32,load,0.009990701447163037,0.002997210434148911,0.0,good,synthetic_demo_v1
2024-01-19T05:00:00+05:30,PV_5,pv,0.0,0.0,0.0,good,synthetic_demo_v1
2024-01-19T05:00:00+05:30,PV_10,pv,0.0,0.0,0.0,good,synthetic_demo_v1
2024-01-19T05:00:00+05:30,PV_17,pv,0.0,0.0,0.0,good,synthetic_demo_v1
2024-01-19T05:00:00+05:30,PV_24,pv,0.0,0.0,0.0,good,synthetic_demo_v1
2024-01-19T05:00:00+05:30,PV_30,pv,0.0,0.0,0.0,good,synthetic_demo_v1
2024-01-19T05:00:00+05:30,Battery_18,battery,0.0,0.0,0.0,good,synthetic_demo_v1
2024-01-19T06:00:00+05:30,Load_1,load,0.03436185159184427,0.01030855547755328,0.0,good,synthetic_demo_v1
2024-01-19T06:00:00+05:30,Load_2,load,0.07512858027030103,0.02253857408109031,0.0,good,synthetic_demo_v1
2024-01-19T06:00:00+05:30,Load_3,load,0.05965320155234588,0.017895960465703763,0.0,good,synthetic_demo_v1
2024-01-19T06:00:00+05:30,Load_4,load,0.05021916139379973,0.015065748418139917,0.0,good,synthetic_demo_v1
2024-01-19T06:00:00+05:30,Load_5,load,0.018900544902221508,0.005670163470666452,0.0,good,synthetic_demo_v1
2024-01-19T06:00:00+05:30,Load_6,load,0.01889883830402992,0.005669651491208976,0.0,good,synthetic_demo_v1
2024-01-19T06:00:00+05:30,Load_7,load,0.011971232878261111,0.003591369863478333,0.0,good,synthetic_demo_v1
2024-01-19T06:00:00+05:30,Load_8,load,0.06914715254935179,0.020744145764805537,0.0,good,synthetic_demo_v1
2024-01-19T06:00:00+05:30,Load_9,load,0.050392970971055544,0.015117891291316663,0.0,good,synthetic_demo_v1
2024-01-19T06:00:00+05:30,Load_10,load,0.05796066520225663,0.017388199560676987,0.0,good,synthetic_demo_v1
2024-01-19T06:00:00+05:30,Load_11,load,0.009318013770246993,0.002795404131074098,0.0,good,synthetic_demo_v1
2024-01-19T06:00:00+05:30,Load_12,load,0.07648674525304754,0.02294602357591426,0.0,good,synthetic_demo_v1
2024-01-19T06:00:00+05:30,Load_13,load,0.06676036627125241,0.02002810988137572,0.0,good,synthetic_demo_v1
2024-01-19T06:00:00+05:30,Load_14,load,0.022885453248880656,0.006865635974664197,0.0,good,synthetic_demo_v1
2024-01-19T06:00:00+05:30,Load_15,load,0.020726450234519026,0.006217935070355707,0.0,good,synthetic_demo_v1
2024-01-19T06:00:00+05:30,Load_16,load,0.020838209469641177,0.0062514628408923524,0.0,good,synthetic_demo_v1
2024-01-19T06:00:00+05:30,Load_17,load,0.029387983454650688,0.008816395036395206,0.0,good,synthetic_demo_v1
2024-01-19T06:00:00+05:30,Load_18,load,0.044990282713143606,0.01349708481394308,0.0,good,synthetic_demo_v1
2024-01-19T06:00:00+05:30,Load_19,load,0.03842348785612525,0.011527046356837576,0.0,good,synthetic_demo_v1
2024-01-19T06:00:00+05:30,Load_20,load,0.02846725211854726,0.008540175635564178,0.0,good,synthetic_demo_v1
2024-01-19T06:00:00+05:30,Load_21,load,0.05115272101096052,0.015345816303288157,0.0,good,synthetic_demo_v1
2024-01-19T06:00:00+05:30,Load_22,load,0.017731347758843528,0.005319404327653058,0.0,good,synthetic_demo_v1
2024-01-19T06:00:00+05:30,Load_23,load,0.028532028154666506,0.008559608446399952,0.0,good,synthetic_demo_v1
2024-01-19T06:00:00+05:30,Load_24,load,0.03378320446090531,0.010134961338271593,0.0,good,synthetic_demo_v1
2024-01-19T06:00:00+05:30,Load_25,load,0.04013042986637125,0.012039128959911374,0.0,good,synthetic_demo_v1
2024-01-19T06:00:00+05:30,Load_26,load,0.06341605141555748,0.019024815424667243,0.0,good,synthetic_demo_v1
2024-01-19T06:00:00+05:30,Load_27,load,0.02198932839195291,0.006596798517585873,0.0,good,synthetic_demo_v1
2024-01-19T06:00:00+05:30,Load_28,load,0.04424580777490502,0.013273742332471505,0.0,good,synthetic_demo_v1
2024-01-19T06:00:00+05:30,Load_29,load,0.04977737832220851,0.014933213496662552,0.0,good,synthetic_demo_v1
2024-01-19T06:00:00+05:30,Load_30,load,0.01114813546118752,0.003344440638356256,0.0,good,synthetic_demo_v1
2024-01-19T06:00:00+05:30,Load_31,load,0.05084790899992711,0.015254372699978133,0.0,good,synthetic_demo_v1
2024-01-19T06:00:00+05:30,Load_32,load,0.019926868386608256,0.005978060515982477,0.0,good,synthetic_demo_v1
2024-01-19T06:00:00+05:30,PV_5,pv,0.0,0.0,0.03592346662371165,good,synthetic_demo_v1
2024-01-19T06:00:00+05:30,PV_10,pv,0.0,0.0,0.068902166657065,good,synthetic_demo_v1
2024-01-19T06:00:00+05:30,PV_17,pv,0.0,0.0,0.0561649310466297,good,synthetic_demo_v1
2024-01-19T06:00:00+05:30,PV_24,pv,0.0,0.0,0.05804247710506044,good,synthetic_demo_v1
2024-01-19T06:00:00+05:30,PV_30,pv,0.0,0.0,0.03333754801911341,good,synthetic_demo_v1
2024-01-19T06:00:00+05:30,Battery_18,battery,0.0,0.0,0.0,good,synthetic_demo_v1
2024-01-19T07:00:00+05:30,Load_1,load,0.05363894847198281,0.016091684541594844,0.0,good,synthetic_demo_v1
2024-01-19T07:00:00+05:30,Load_2,load,0.1172759283684344,0.03518277851053032,0.0,good,synthetic_demo_v1
2024-01-19T07:00:00+05:30,Load_3,load,0.09311881799217532,0.027935645397652597,0.0,good,synthetic_demo_v1
2024-01-19T07:00:00+05:30,Load_4,load,0.07839225436115785,0.023517676308347352,0.0,good,synthetic_demo_v1
2024-01-19T07:00:00+05:30,Load_5,load,0.02950380457214017,0.00885114137164205,0.0,good,synthetic_demo_v1
2024-01-19T07:00:00+05:30,Load_6,load,0.02950114056748908,0.008850342170246724,0.0,good,synthetic_demo_v1
2024-01-19T07:00:00+05:30,Load_7,load,0.018687128712690255,0.0056061386138070764,0.0,good,synthetic_demo_v1
2024-01-19T07:00:00+05:30,Load_8,load,0.10793890261313326,0.03238167078393998,0.0,good,synthetic_demo_v1
2024-01-19T07:00:00+05:30,Load_9,load,0.07866357160765264,0.02359907148229579,0.0,good,synthetic_demo_v1
2024-01-19T07:00:00+05:30,Load_10,load,0.09047676391581864,0.027143029174745592,0.0,good,synthetic_demo_v1
2024-01-19T07:00:00+05:30,Load_11,load,0.014545446107512251,0.004363633832253675,0.0,good,synthetic_demo_v1
2024-01-19T07:00:00+05:30,Load_12,load,0.11939602778540767,0.0358188083356223,0.0,good,synthetic_demo_v1
2024-01-19T07:00:00+05:30,Load_13,load,0.10421312241638173,0.031263936724914516,0.0,good,synthetic_demo_v1
2024-01-19T07:00:00+05:30,Load_14,load,0.03572425788213458,0.010717277364640374,0.0,good,synthetic_demo_v1
2024-01-19T07:00:00+05:30,Load_15,load,0.03235404801062447,0.00970621440318734,0.0,good,synthetic_demo_v1
2024-01-19T07:00:00+05:30,Load_16,load,0.03252850449583344,0.009758551348750031,0.0,good,synthetic_demo_v1
2024-01-19T07:00:00+05:30,Load_17,load,0.04587472610450462,0.013762417831351384,0.0,good,synthetic_demo_v1
2024-01-19T07:00:00+05:30,Load_18,load,0.07022995980702698,0.021068987942108094,0.0,good,synthetic_demo_v1
2024-01-19T07:00:00+05:30,Load_19,load,0.0599791742805191,0.01799375228415573,0.0,good,synthetic_demo_v1
2024-01-19T07:00:00+05:30,Load_20,load,0.04443746185924743,0.013331238557774228,0.0,good,synthetic_demo_v1
2024-01-19T07:00:00+05:30,Load_21,load,0.07984954358978304,0.02395486307693491,0.0,good,synthetic_demo_v1
2024-01-19T07:00:00+05:30,Load_22,load,0.027678684492111475,0.008303605347633441,0.0,good,synthetic_demo_v1
2024-01-19T07:00:00+05:30,Load_23,load,0.0445385774366293,0.013361573230988789,0.0,good,synthetic_demo_v1
2024-01-19T07:00:00+05:30,Load_24,load,0.05273567864797653,0.015820703594392957,0.0,good,synthetic_demo_v1
2024-01-19T07:00:00+05:30,Load_25,load,0.06264371563352288,0.018793114690056862,0.0,good,synthetic_demo_v1
2024-01-19T07:00:00+05:30,Load_26,load,0.09899263737531122,0.029697791212593364,0.0,good,synthetic_demo_v1
2024-01-19T07:00:00+05:30,Load_27,load,0.034325404421146496,0.010297621326343948,0.0,good,synthetic_demo_v1
2024-01-19T07:00:00+05:30,Load_28,load,0.06906783230222338,0.020720349690667012,0.0,good,synthetic_demo_v1
2024-01-19T07:00:00+05:30,Load_29,load,0.0777026297246758,0.02331078891740274,0.0,good,synthetic_demo_v1
2024-01-19T07:00:00+05:30,Load_30,load,0.017402271293880164,0.005220681388164049,0.0,good,synthetic_demo_v1
2024-01-19T07:00:00+05:30,Load_31,load,0.07937373117001974,0.023812119351005922,0.0,good,synthetic_demo_v1
2024-01-19T07:00:00+05:30,Load_32,load,0.031105898462437775,0.009331769538731332,0.0,good,synthetic_demo_v1
2024-01-19T07:00:00+05:30,PV_5,pv,0.0,0.0,0.07301743763445981,good,synthetic_demo_v1
2024-01-19T07:00:00+05:30,PV_10,pv,0.0,0.0,0.1387115729853764,good,synthetic_demo_v1
2024-01-19T07:00:00+05:30,PV_17,pv,0.0,0.0,0.0845049253926363,good,synthetic_demo_v1
2024-01-19T07:00:00+05:30,PV_24,pv,0.0,0.0,0.10393382231728406,good,synthetic_demo_v1
2024-01-19T07:00:00+05:30,PV_30,pv,0.0,0.0,0.061665278958753685,good,synthetic_demo_v1
2024-01-19T07:00:00+05:30,Battery_18,battery,0.0,0.0,0.0,good,synthetic_demo_v1
2024-01-19T08:00:00+05:30,Load_1,load,0.04988937855838823,0.014966813567516469,0.0,good,synthetic_demo_v1
2024-01-19T08:00:00+05:30,Load_2,load,0.10907788748348228,0.03272336624504468,0.0,good,synthetic_demo_v1
2024-01-19T08:00:00+05:30,Load_3,load,0.08660945253518235,0.025982835760554702,0.0,good,synthetic_demo_v1
2024-01-19T08:00:00+05:30,Load_4,load,0.07291233264783449,0.021873699794350346,0.0,good,synthetic_demo_v1
2024-01-19T08:00:00+05:30,Load_5,load,0.027441374544861494,0.008232412363458447,0.0,good,synthetic_demo_v1
2024-01-19T08:00:00+05:30,Load_6,load,0.0274388967644369,0.00823166902933107,0.0,good,synthetic_demo_v1
2024-01-19T08:00:00+05:30,Load_7,load,0.0173808261547799,0.00521424784643397,0.0,good,synthetic_demo_v1
2024-01-19T08:00:00+05:30,Load_8,load,0.10039355593363934,0.030118066780091803,0.0,good,synthetic_demo_v1
2024-01-19T08:00:00+05:30,Load_9,load,0.07316468376964792,0.021949405130894377,0.0,good,synthetic_demo_v1
2024-01-19T08:00:00+05:30,Load_10,load,0.08415208825527035,0.025245626476581105,0.0,good,synthetic_demo_v1
2024-01-19T08:00:00+05:30,Load_11,load,0.013528663179095471,0.004058598953728641,0.0,good,synthetic_demo_v1
2024-01-19T08:00:00+05:30,Load_12,load,0.11104978375303806,0.03331493512591142,0.0,good,synthetic_demo_v1
2024-01-19T08:00:00+05:30,Load_13,load,0.09692822217978747,0.02907846665393624,0.0,good,synthetic_demo_v1
2024-01-19T08:00:00+05:30,Load_14,load,0.03322699411473779,0.009968098234421336,0.0,good,synthetic_demo_v1
2024-01-19T08:00:00+05:30,Load_15,load,0.030092374945445016,0.009027712483633505,0.0,good,synthetic_demo_v1
2024-01-19T08:00:00+05:30,Load_16,load,0.030254636247735493,0.009076390874320647,0.0,good,synthetic_demo_v1
2024-01-19T08:00:00+05:30,Load_17,load,0.0426679053577167,0.01280037160731501,0.0,good,synthetic_demo_v1
2024-01-19T08:00:00+05:30,Load_18,load,0.06532061404565488,0.019596184213696462,0.0,good,synthetic_demo_v1
2024-01-19T08:00:00+05:30,Load_19,load,0.05578639806601239,0.016735919419803718,0.0,good,synthetic_demo_v1
2024-01-19T08:00:00+05:30,Load_20,load,0.041331111440932045,0.012399333432279613,0.0,good,synthetic_demo_v1
2024-01-19T08:00:00+05:30,Load_21,load,0.0742677517242155,0.022280325517264648,0.0,good,synthetic_demo_v1
2024-01-19T08:00:00+05:30,Load_22,load,0.025743837415948018,0.007723151224784405,0.0,good,synthetic_demo_v1
2024-01-19T08:00:00+05:30,Load_23,load,0.04142515864845307,0.012427547594535921,0.0,good,synthetic_demo_v1
2024-01-19T08:00:00+05:30,Load_24,load,0.049049250787916436,0.01471477523637493,0.0,good,synthetic_demo_v1
2024-01-19T08:00:00+05:30,Load_25,load,0.058264677674978255,0.017479403302493476,0.0,good,synthetic_demo_v1
2024-01-19T08:00:00+05:30,Load_26,load,0.09207266923007952,0.027621800769023857,0.0,good,synthetic_demo_v1
2024-01-19T08:00:00+05:30,Load_27,load,0.03192592591987192,0.009577777775961577,0.0,good,synthetic_demo_v1
2024-01-19T08:00:00+05:30,Load_28,load,0.06423972374724521,0.019271917124173563,0.0,good,synthetic_demo_v1
2024-01-19T08:00:00+05:30,Load_29,load,0.07227091544013858,0.021681274632041576,0.0,good,synthetic_demo_v1
2024-01-19T08:00:00+05:30,Load_30,load,0.016185785237934708,0.0048557355713804125,0.0,good,synthetic_demo_v1
2024-01-19T08:00:00+05:30,Load_31,load,0.07382520043250342,0.022147560129751023,0.0,good,synthetic_demo_v1
2024-01-19T08:00:00+05:30,Load_32,load,0.028931475877121696,0.008679442763136508,0.0,good,synthetic_demo_v1
2024-01-19T08:00:00+05:30,PV_5,pv,0.0,0.0,0.11922067234969952,good,synthetic_demo_v1
2024-01-19T08:00:00+05:30,PV_10,pv,0.0,0.0,0.22938281453598855,good,synthetic_demo_v1
2024-01-19T08:00:00+05:30,PV_17,pv,0.0,0.0,0.1532208681181087,good,synthetic_demo_v1
2024-01-19T08:00:00+05:30,PV_24,pv,0.0,0.0,0.1987067977742356,good,synthetic_demo_v1
2024-01-19T08:00:00+05:30,PV_30,pv,0.0,0.0,0.09691639922616642,good,synthetic_demo_v1
2024-01-19T08:00:00+05:30,Battery_18,battery,0.0,0.0,0.0,good,synthetic_demo_v1
2024-01-19T09:00:00+05:30,Load_1,load,0.052525994979218185,0.015757798493765456,0.0,good,synthetic_demo_v1
2024-01-19T09:00:00+05:30,Load_2,load,0.1148425724244222,0.03445277172732666,0.0,good,synthetic_demo_v1
2024-01-19T09:00:00+05:30,Load_3,load,0.09118669745889085,0.027356009237667255,0.0,good,synthetic_demo_v1
2024-01-19T09:00:00+05:30,Load_4,load,0.07676569500862848,0.023029708502588543,0.0,good,synthetic_demo_v1
2024-01-19T09:00:00+05:30,Load_5,load,0.028891630708113736,0.008667489212434121,0.0,good,synthetic_demo_v1
2024-01-19T09:00:00+05:30,Load_6,load,0.028889021978843046,0.008666706593652913,0.0,good,synthetic_demo_v1
2024-01-19T09:00:00+05:30,Load_7,load,0.018299389844516987,0.005489816953355096,0.0,good,synthetic_demo_v1
2024-01-19T09:00:00+05:30,Load_8,load,0.1056992804339025,0.03170978413017075,0.0,good,synthetic_demo_v1
2024-01-19T09:00:00+05:30,Load_9,load,0.07703138269888223,0.023109414809664667,0.0,good,synthetic_demo_v1
2024-01-19T09:00:00+05:30,Load_10,load,0.08859946331089072,0.026579838993267216,0.0,good,synthetic_demo_v1
2024-01-19T09:00:00+05:30,Load_11,load,0.014243642930710022,0.004273092879213006,0.0,good,synthetic_demo_v1
2024-01-19T09:00:00+05:30,Load_12,load,0.11691868194005799,0.035075604582017396,0.0,good,synthetic_demo_v1
2024-01-19T09:00:00+05:30,Load_13,load,0.10205080637758387,0.03061524191327516,0.0,good,synthetic_demo_v1
2024-01-19T09:00:00+05:30,Load_14,load,0.03498301595403985,0.010494904786211956,0.0,good,synthetic_demo_v1
2024-01-19T09:00:00+05:30,Load_15,load,0.03168273450123852,0.009504820350371555,0.0,good,synthetic_demo_v1
2024-01-19T09:00:00+05:30,Load_16,load,0.03185357119224793,0.009556071357674379,0.0,good,synthetic_demo_v1
2024-01-19T09:00:00+05:30,Load_17,load,0.04492287230978869,0.013476861692936607,0.0,good,synthetic_demo_v1
2024-01-19T09:00:00+05:30,Load_18,load,0.06877275974456161,0.02063182792336848,0.0,good,synthetic_demo_v1
2024-01-19T09:00:00+05:30,Load_19,load,0.05873466756645646,0.01762040026993694,0.0,good,synthetic_demo_v1
2024-01-19T09:00:00+05:30,Load_20,load,0.04351542983224606,0.013054628949673817,0.0,good,synthetic_demo_v1
2024-01-19T09:00:00+05:30,Load_21,load,0.07819274697155086,0.023457824091465258,0.0,good,synthetic_demo_v1
2024-01-19T09:00:00+05:30,Load_22,load,0.027104380008929518,0.008131314002678854,0.0,good,synthetic_demo_v1
2024-01-19T09:00:00+05:30,Load_23,load,0.043614447364490466,0.01308433420934714,0.0,good,synthetic_demo_v1
2024-01-19T09:00:00+05:30,Load_24,load,0.051641467083123886,0.015492440124937164,0.0,good,synthetic_demo_v1
2024-01-19T09:00:00+05:30,Load_25,load,0.06134392240304037,0.018403176720912108,0.0,good,synthetic_demo_v1
2024-01-19T09:00:00+05:30,Load_26,load,0.09693864107852733,0.029081592323558197,0.0,good,synthetic_demo_v1
2024-01-19T09:00:00+05:30,Load_27,load,0.033613187276154775,0.010083956182846432,0.0,good,synthetic_demo_v1
2024-01-19T09:00:00+05:30,Load_28,load,0.06763474520062607,0.020290423560187818,0.0,good,synthetic_demo_v1
2024-01-19T09:00:00+05:30,Load_29,load,0.07609037938024099,0.022827113814072295,0.0,good,synthetic_demo_v1
2024-01-19T09:00:00+05:30,Load_30,load,0.017041191907160306,0.005112357572148092,0.0,good,synthetic_demo_v1
2024-01-19T09:00:00+05:30,Load_31,load,0.07772680717437921,0.023318042152313763,0.0,good,synthetic_demo_v1
2024-01-19T09:00:00+05:30,Load_32,load,0.030460482783615607,0.009138144835084681,0.0,good,synthetic_demo_v1
2024-01-19T09:00:00+05:30,PV_5,pv,0.0,0.0,0.21376022135185352,good,synthetic_demo_v1
2024-01-19T09:00:00+05:30,PV_10,pv,0.0,0.0,0.3482685050232409,good,synthetic_demo_v1
2024-01-19T09:00:00+05:30,PV_17,pv,0.0,0.0,0.21738417743749866,good,synthetic_demo_v1
2024-01-19T09:00:00+05:30,PV_24,pv,0.0,0.0,0.28389574645836785,good,synthetic_demo_v1
2024-01-19T09:00:00+05:30,PV_30,pv,0.0,0.0,0.14994104526160226,good,synthetic_demo_v1
2024-01-19T09:00:00+05:30,Battery_18,battery,0.0,0.0,0.0,good,synthetic_demo_v1
2024-01-19T10:00:00+05:30,Load_1,load,0.03602249641247577,0.010806748923742731,0.0,good,synthetic_demo_v1
2024-01-19T10:00:00+05:30,Load_2,load,0.07875940579126585,0.023627821737379755,0.0,good,synthetic_demo_v1
2024-01-19T10:00:00+05:30,Load_3,load,0.06253613060310467,0.0187608391809314,0.0,good,synthetic_demo_v1
2024-01-19T10:00:00+05:30,Load_4,load,0.05264616070849513,0.015793848212548537,0.0,good,synthetic_demo_v1
2024-01-19T10:00:00+05:30,Load_5,load,0.019813973327785075,0.0059441919983355225,0.0,good,synthetic_demo_v1
2024-01-19T10:00:00+05:30,Load_6,load,0.019812184252855,0.0059436552758565,0.0,good,synthetic_demo_v1
2024-01-19T10:00:00+05:30,Load_7,load,0.012549780452239237,0.003764934135671771,0.0,good,synthetic_demo_v1
2024-01-19T10:00:00+05:30,Load_8,load,0.07248890671634063,0.02174667201490219,0.0,good,synthetic_demo_v1
2024-01-19T10:00:00+05:30,Load_9,load,0.05282837018159109,0.015848511054477325,0.0,good,synthetic_demo_v1
2024-01-19T10:00:00+05:30,Load_10,load,0.060761797097353035,0.01822853912920591,0.0,good,synthetic_demo_v1
2024-01-19T10:00:00+05:30,Load_11,load,0.009768336165266196,0.0029305008495798587,0.0,good,synthetic_demo_v1
2024-01-19T10:00:00+05:30,Load_12,load,0.08018320837907948,0.024054962513723844,0.0,good,synthetic_demo_v1
2024-01-19T10:00:00+05:30,Load_13,load,0.06998677146584709,0.020996031439754124,0.0,good,synthetic_demo_v1
2024-01-19T10:00:00+05:30,Load_14,load,0.023991464934658917,0.007197439480397675,0.0,good,synthetic_demo_v1
2024-01-19T10:00:00+05:30,Load_15,load,0.021728121292320813,0.006518436387696244,0.0,good,synthetic_demo_v1
2024-01-19T10:00:00+05:30,Load_16,load,0.021845281644855604,0.006553584493456681,0.0,good,synthetic_demo_v1
2024-01-19T10:00:00+05:30,Load_17,load,0.030808250415013012,0.009242475124503904,0.0,good,synthetic_demo_v1
2024-01-19T10:00:00+05:30,Load_18,load,0.04716457997901219,0.014149373993703656,0.0,good,synthetic_demo_v1
2024-01-19T10:00:00+05:30,Load_19,load,0.04028042405551262,0.012084127216653785,0.0,good,synthetic_demo_v1
2024-01-19T10:00:00+05:30,Load_20,load,0.029843021834038877,0.008952906550211663,0.0,good,synthetic_demo_v1
2024-01-19T10:00:00+05:30,Load_21,load,0.05362483753765613,0.016087451261296837,0.0,good,synthetic_demo_v1
2024-01-19T10:00:00+05:30,Load_22,load,0.018588271045990496,0.005576481313797148,0.0,good,synthetic_demo_v1
2024-01-19T10:00:00+05:30,Load_23,load,0.029910928376341555,0.008973278512902466,0.0,good,synthetic_demo_v1
2024-01-19T10:00:00+05:30,Load_24,load,0.03541588433446757,0.010624765300340271,0.0,good,synthetic_demo_v1
2024-01-19T10:00:00+05:30,Load_25,load,0.042069859420368935,0.01262095782611068,0.0,good,synthetic_demo_v1
2024-01-19T10:00:00+05:30,Load_26,load,0.06648083205017095,0.019944249615051285,0.0,good,synthetic_demo_v1
2024-01-19T10:00:00+05:30,Load_27,load,0.023052032018550526,0.0069156096055651576,0.0,good,synthetic_demo_v1
2024-01-19T10:00:00+05:30,Load_28,load,0.046384125942063766,0.01391523778261913,0.0,good,synthetic_demo_v1
2024-01-19T10:00:00+05:30,Load_29,load,0.052183027077033185,0.015654908123109955,0.0,good,synthetic_demo_v1
2024-01-19T10:00:00+05:30,Load_30,load,0.011686904257270486,0.0035060712771811456,0.0,good,synthetic_demo_v1
2024-01-19T10:00:00+05:30,Load_31,load,0.05330529452512136,0.015991588357536408,0.0,good,synthetic_demo_v1
2024-01-19T10:00:00+05:30,Load_32,load,0.02088989713053895,0.006266969139161685,0.0,good,synthetic_demo_v1
2024-01-19T10:00:00+05:30,PV_5,pv,0.0,0.0,0.27431810427440695,good,synthetic_demo_v1
2024-01-19T10:00:00+05:30,PV_10,pv,0.0,0.0,0.5113028896038936,good,synthetic_demo_v1
2024-01-19T10:00:00+05:30,PV_17,pv,0.0,0.0,0.39349074413493157,good,synthetic_demo_v1
2024-01-19T10:00:00+05:30,PV_24,pv,0.0,0.0,0.4346481451082141,good,synthetic_demo_v1
2024-01-19T10:00:00+05:30,PV_30,pv,0.0,0.0,0.23785013798228158,good,synthetic_demo_v1
2024-01-19T10:00:00+05:30,Battery_18,battery,0.0,0.0,0.0,good,synthetic_demo_v1
2024-01-19T11:00:00+05:30,Load_1,load,0.03436172514567827,0.010308517543703481,0.0,good,synthetic_demo_v1
2024-01-19T11:00:00+05:30,Load_2,load,0.07512830380903682,0.022538491142711045,0.0,good,synthetic_demo_v1
2024-01-19T11:00:00+05:30,Load_3,load,0.05965298203802182,0.017895894611406546,0.0,good,synthetic_demo_v1
2024-01-19T11:00:00+05:30,Load_4,load,0.050218976595247745,0.015065692978574323,0.0,good,synthetic_demo_v1
2024-01-19T11:00:00+05:30,Load_5,load,0.018900475351212833,0.00567014260536385,0.0,good,synthetic_demo_v1
2024-01-19T11:00:00+05:30,Load_6,load,0.01889876875930126,0.005669630627790378,0.0,good,synthetic_demo_v1
2024-01-19T11:00:00+05:30,Load_7,load,0.011971188826022086,0.0035913566478066256,0.0,good,synthetic_demo_v1
2024-01-19T11:00:00+05:30,Load_8,load,0.06914689809879328,0.020744069429637982,0.0,good,synthetic_demo_v1
2024-01-19T11:00:00+05:30,Load_9,load,0.05039278553291187,0.01511783565987356,0.0,good,synthetic_demo_v1
2024-01-19T11:00:00+05:30,Load_10,load,0.057960451916198,0.0173881355748594,0.0,good,synthetic_demo_v1
2024-01-19T11:00:00+05:30,Load_11,load,0.009317979481433635,0.0027953938444300903,0.0,good,synthetic_demo_v1
2024-01-19T11:00:00+05:30,Load_12,load,0.07648646379395152,0.022945939138185455,0.0,good,synthetic_demo_v1
2024-01-19T11:00:00+05:30,Load_13,load,0.066760120603689,0.020028036181106698,0.0,good,synthetic_demo_v1
2024-01-19T11:00:00+05:30,Load_14,load,0.02288536903404105,0.006865610710212315,0.0,good,synthetic_demo_v1
2024-01-19T11:00:00+05:30,Load_15,load,0.02072637396446822,0.006217912189340466,0.0,good,synthetic_demo_v1
2024-01-19T11:00:00+05:30,Load_16,load,0.0208381327883341,0.00625143983650023,0.0,good,synthetic_demo_v1
2024-01-19T11:00:00+05:30,Load_17,load,0.029387875311530864,0.008816362593459259,0.0,good,synthetic_demo_v1
2024-01-19T11:00:00+05:30,Load_18,load,0.04499011715603616,0.013497035146810847,0.0,good,synthetic_demo_v1
2024-01-19T11:00:00+05:30,Load_19,load,0.03842334646378176,0.011527003939134528,0.0,good,synthetic_demo_v1
2024-01-19T11:00:00+05:30,Load_20,load,0.028467147363572778,0.008540144209071832,0.0,good,synthetic_demo_v1
2024-01-19T11:00:00+05:30,Load_21,load,0.05115253277705716,0.015345759833117149,0.0,good,synthetic_demo_v1
2024-01-19T11:00:00+05:30,Load_22,load,0.017731282510294974,0.005319384753088492,0.0,good,synthetic_demo_v1
2024-01-19T11:00:00+05:30,Load_23,load,0.028531923161326477,0.008559576948397943,0.0,good,synthetic_demo_v1
2024-01-19T11:00:00+05:30,Load_24,load,0.03378308014406902,0.010134924043220707,0.0,good,synthetic_demo_v1
2024-01-19T11:00:00+05:30,Load_25,load,0.04013028219275178,0.012039084657825534,0.0,good,synthetic_demo_v1
2024-01-19T11:00:00+05:30,Load_26,load,0.0634158180545425,0.01902474541636275,0.0,good,synthetic_demo_v1
2024-01-19T11:00:00+05:30,Load_27,load,0.021989247474710705,0.006596774242413212,0.0,good,synthetic_demo_v1
2024-01-19T11:00:00+05:30,Load_28,load,0.04424564495734732,0.013273693487204195,0.0,good,synthetic_demo_v1
2024-01-19T11:00:00+05:30,Load_29,load,0.04977719514934819,0.014933158544804457,0.0,good,synthetic_demo_v1
2024-01-19T11:00:00+05:30,Load_30,load,0.011148094437816494,0.003344428331344948,0.0,good,synthetic_demo_v1
2024-01-19T11:00:00+05:30,Load_31,load,0.050847721887683626,0.015254316566305087,0.0,good,synthetic_demo_v1
2024-01-19T11:00:00+05:30,Load_32,load,0.019926795058891878,0.005978038517667563,0.0,good,synthetic_demo_v1
2024-01-19T11:00:00+05:30,PV_5,pv,0.0,0.0,0.3633911655684943,good,synthetic_demo_v1
2024-01-19T11:00:00+05:30,PV_10,pv,0.0,0.0,0.5680883049595936,good,synthetic_demo_v1
2024-01-19T11:00:00+05:30,PV_17,pv,0.0,0.0,0.5183038854044769,good,synthetic_demo_v1
2024-01-19T11:00:00+05:30,PV_24,pv,0.0,0.0,0.5863574837323093,good,synthetic_demo_v1
2024-01-19T11:00:00+05:30,PV_30,pv,0.0,0.0,0.3492951238725642,good,synthetic_demo_v1
2024-01-19T11:00:00+05:30,Battery_18,battery,0.0,0.0,0.0,good,synthetic_demo_v1
2024-01-19T12:00:00+05:30,Load_1,load,0.03535622304878717,0.01060686691463615,0.0,good,synthetic_demo_v1
2024-01-19T12:00:00+05:30,Load_2,load,0.07730266904493396,0.02319080071348019,0.0,good,synthetic_demo_v1
2024-01-19T12:00:00+05:30,Load_3,load,0.06137946012663627,0.01841383803799088,0.0,good,synthetic_demo_v1
2024-01-19T12:00:00+05:30,Load_4,load,0.051672415463887615,0.015501724639166284,0.0,good,synthetic_demo_v1
2024-01-19T12:00:00+05:30,Load_5,load,0.019447493378534044,0.005834248013560213,0.0,good,synthetic_demo_v1
2024-01-19T12:00:00+05:30,Load_6,load,0.019445737394396954,0.005833721218319086,0.0,good,synthetic_demo_v1
2024-01-19T12:00:00+05:30,Load_7,load,0.012317659270527605,0.0036952977811582815,0.0,good,synthetic_demo_v1
2024-01-19T12:00:00+05:30,Load_8,load,0.07114814934197725,0.021344444802593173,0.0,good,synthetic_demo_v1
2024-01-19T12:00:00+05:30,Load_9,load,0.05185125478414504,0.01555537643524351,0.0,good,synthetic_demo_v1
2024-01-19T12:00:00+05:30,Load_10,load,0.059637944755964595,0.01789138342678938,0.0,good,synthetic_demo_v1
2024-01-19T12:00:00+05:30,Load_11,load,0.009587660675151669,0.0028762982025455006,0.0,good,synthetic_demo_v1
2024-01-19T12:00:00+05:30,Load_12,load,0.07870013692988445,0.023610041078965336,0.0,good,synthetic_demo_v1
2024-01-19T12:00:00+05:30,Load_13,load,0.06869229367329449,0.020607688101988347,0.0,good,synthetic_demo_v1
2024-01-19T12:00:00+05:30,Load_14,load,0.023547717953361524,0.007064315386008457,0.0,good,synthetic_demo_v1
2024-01-19T12:00:00+05:30,Load_15,load,0.021326237194830705,0.0063978711584492115,0.0,good,synthetic_demo_v1
2024-01-19T12:00:00+05:30,Load_16,load,0.0214412305453543,0.006432369163606289,0.0,good,synthetic_demo_v1
2024-01-19T12:00:00+05:30,Load_17,load,0.03023841992913191,0.009071525978739572,0.0,good,synthetic_demo_v1
2024-01-19T12:00:00+05:30,Load_18,load,0.04629222224484102,0.013887666673452306,0.0,good,synthetic_demo_v1
2024-01-19T12:00:00+05:30,Load_19,load,0.03953539591201685,0.011860618773605055,0.0,good,synthetic_demo_v1
2024-01-19T12:00:00+05:30,Load_20,load,0.029291044250022488,0.008787313275006746,0.0,good,synthetic_demo_v1
2024-01-19T12:00:00+05:30,Load_21,load,0.052632990651911286,0.015789897195573385,0.0,good,synthetic_demo_v1
2024-01-19T12:00:00+05:30,Load_22,load,0.018244461729358067,0.00547333851880742,0.0,good,synthetic_demo_v1
2024-01-19T12:00:00+05:30,Load_23,load,0.02935769479052456,0.008807308437157367,0.0,good,synthetic_demo_v1
2024-01-19T12:00:00+05:30,Load_24,load,0.034760830889161105,0.01042824926674833,0.0,good,synthetic_demo_v1
2024-01-19T12:00:00+05:30,Load_25,load,0.04129173381727476,0.012387520145182428,0.0,good,synthetic_demo_v1
2024-01-19T12:00:00+05:30,Load_26,load,0.06525120023665945,0.019575360070997836,0.0,good,synthetic_demo_v1
2024-01-19T12:00:00+05:30,Load_27,load,0.022625660821591016,0.006787698246477305,0.0,good,synthetic_demo_v1
2024-01-19T12:00:00+05:30,Load_28,load,0.04552620351327643,0.013657861053982928,0.0,good,synthetic_demo_v1
2024-01-19T12:00:00+05:30,Load_29,load,0.05121784796840187,0.01536535439052056,0.0,good,synthetic_demo_v1
2024-01-19T12:00:00+05:30,Load_30,load,0.011470742864083382,0.0034412228592250143,0.0,good,synthetic_demo_v1
2024-01-19T12:00:00+05:30,Load_31,load,0.052319357918202476,0.01569580737546074,0.0,good,synthetic_demo_v1
2024-01-19T12:00:00+05:30,Load_32,load,0.02050351685669839,0.006151055057009517,0.0,good,synthetic_demo_v1
2024-01-19T12:00:00+05:30,PV_5,pv,0.0,0.0,0.4839821963272174,good,synthetic_demo_v1
2024-01-19T12:00:00+05:30,PV_10,pv,0.0,0.0,0.595171986890648,good,synthetic_demo_v1
2024-01-19T12:00:00+05:30,PV_17,pv,0.0,0.0,0.4260112256129688,good,synthetic_demo_v1
2024-01-19T12:00:00+05:30,PV_24,pv,0.0,0.0,0.6367301635306218,good,synthetic_demo_v1
2024-01-19T12:00:00+05:30,PV_30,pv,0.0,0.0,0.34412392939982406,good,synthetic_demo_v1
2024-01-19T12:00:00+05:30,Battery_18,battery,0.0,0.0,0.0,good,synthetic_demo_v1
2024-01-19T13:00:00+05:30,Load_1,load,0.0343333040755908,0.01029999122267724,0.0,good,synthetic_demo_v1
2024-01-19T13:00:00+05:30,Load_2,load,0.07506616412370212,0.022519849237110635,0.0,good,synthetic_demo_v1
2024-01-19T13:00:00+05:30,Load_3,load,0.05960364221075058,0.017881092663225174,0.0,good,synthetic_demo_v1
2024-01-19T13:00:00+05:30,Load_4,load,0.05017743976764425,0.015053231930293275,0.0,good,synthetic_demo_v1
2024-01-19T13:00:00+05:30,Load_5,load,0.018884842500057484,0.005665452750017245,0.0,good,synthetic_demo_v1
2024-01-19T13:00:00+05:30,Load_6,load,0.018883137319692277,0.005664941195907683,0.0,good,synthetic_demo_v1
2024-01-19T13:00:00+05:30,Load_7,load,0.011961287286003,0.0035883861858008997,0.0,good,synthetic_demo_v1
2024-01-19T13:00:00+05:30,Load_8,load,0.06908970571893268,0.020726911715679804,0.0,good,synthetic_demo_v1
2024-01-19T13:00:00+05:30,Load_9,load,0.05035110494547157,0.01510533148364147,0.0,good,synthetic_demo_v1
2024-01-19T13:00:00+05:30,Load_10,load,0.057912512004589134,0.01737375360137674,0.0,good,synthetic_demo_v1
2024-01-19T13:00:00+05:30,Load_11,load,0.009310272448483667,0.0027930817345451,0.0,good,synthetic_demo_v1
2024-01-19T13:00:00+05:30,Load_12,load,0.07642320075523576,0.022926960226570727,0.0,good,synthetic_demo_v1
2024-01-19T13:00:00+05:30,Load_13,load,0.06670490236133703,0.02001147070840111,0.0,good,synthetic_demo_v1
2024-01-19T13:00:00+05:30,Load_14,load,0.022866440220818296,0.006859932066245488,0.0,good,synthetic_demo_v1
2024-01-19T13:00:00+05:30,Load_15,load,0.020709230886680186,0.0062127692660040555,0.0,good,synthetic_demo_v1
2024-01-19T13:00:00+05:30,Load_16,load,0.020820897273238208,0.006246269181971462,0.0,good,synthetic_demo_v1
2024-01-19T13:00:00+05:30,Load_17,load,0.029363568183166093,0.008809070454949828,0.0,good,synthetic_demo_v1
2024-01-19T13:00:00+05:30,Load_18,load,0.04495290519221553,0.01348587155766466,0.0,good,synthetic_demo_v1
2024-01-19T13:00:00+05:30,Load_19,load,0.03839156596911181,0.011517469790733542,0.0,good,synthetic_demo_v1
2024-01-19T13:00:00+05:30,Load_20,load,0.028443601782348886,0.008533080534704666,0.0,good,synthetic_demo_v1
2024-01-19T13:00:00+05:30,Load_21,load,0.05111022379189867,0.0153330671375696,0.0,good,synthetic_demo_v1
2024-01-19T13:00:00+05:30,Load_22,load,0.017716616715116488,0.0053149850145349465,0.0,good,synthetic_demo_v1
2024-01-19T13:00:00+05:30,Load_23,load,0.0285083240031218,0.00855249720093654,0.0,good,synthetic_demo_v1
2024-01-19T13:00:00+05:30,Load_24,load,0.033755137679467064,0.010126541303840119,0.0,good,synthetic_demo_v1
2024-01-19T13:00:00+05:30,Load_25,load,0.04009708986733753,0.012029126960201258,0.0,good,synthetic_demo_v1
2024-01-19T13:00:00+05:30,Load_26,load,0.06336336593224824,0.01900900977967447,0.0,good,synthetic_demo_v1
2024-01-19T13:00:00+05:30,Load_27,load,0.0219710598563359,0.00659131795690077,0.0,good,synthetic_demo_v1
2024-01-19T13:00:00+05:30,Load_28,load,0.0442090487570382,0.013262714627111458,0.0,good,synthetic_demo_v1
2024-01-19T13:00:00+05:30,Load_29,load,0.04973602372544267,0.0149208071176328,0.0,good,synthetic_demo_v1
2024-01-19T13:00:00+05:30,Load_30,load,0.011138873690836658,0.003341662107250997,0.0,good,synthetic_demo_v1
2024-01-19T13:00:00+05:30,Load_31,load,0.05080566501593369,0.015241699504780108,0.0,good,synthetic_demo_v1
2024-01-19T13:00:00+05:30,Load_32,load,0.019910313324153984,0.005973093997246195,0.0,good,synthetic_demo_v1
2024-01-19T13:00:00+05:30,PV_5,pv,0.0,0.0,0.4697051204681957,good,synthetic_demo_v1
2024-01-19T13:00:00+05:30,PV_10,pv,0.0,0.0,0.585358668389327,good,synthetic_demo_v1
2024-01-19T13:00:00+05:30,PV_17,pv,0.0,0.0,0.5553806799130497,good,synthetic_demo_v1
2024-01-19T13:00:00+05:30,PV_24,pv,0.0,0.0,0.5249992097763475,good,synthetic_demo_v1
2024-01-19T13:00:00+05:30,PV_30,pv,0.0,0.0,0.29550583135448777,good,synthetic_demo_v1
2024-01-19T13:00:00+05:30,Battery_18,battery,0.0,0.0,0.0,good,synthetic_demo_v1
2024-01-19T14:00:00+05:30,Load_1,load,0.035380671480118586,0.010614201444035576,0.0,good,synthetic_demo_v1
2024-01-19T14:00:00+05:30,Load_2,load,0.07735612297278344,0.02320683689183503,0.0,good,synthetic_demo_v1
2024-01-19T14:00:00+05:30,Load_3,load,0.06142190333427172,0.018426571000281517,0.0,good,synthetic_demo_v1
2024-01-19T14:00:00+05:30,Load_4,load,0.051708146359109475,0.015512443907732841,0.0,good,synthetic_demo_v1
2024-01-19T14:00:00+05:30,Load_5,load,0.019460941101888916,0.005838282330566675,0.0,good,synthetic_demo_v1
2024-01-19T14:00:00+05:30,Load_6,load,0.019459183903508506,0.0058377551710525515,0.0,good,synthetic_demo_v1
2024-01-19T14:00:00+05:30,Load_7,load,0.012326176793635877,0.003697853038090763,0.0,good,synthetic_demo_v1
2024-01-19T14:00:00+05:30,Load_8,load,0.0711973474885424,0.021359204246562718,0.0,good,synthetic_demo_v1
2024-01-19T14:00:00+05:30,Load_9,load,0.05188710934474922,0.015566132803424766,0.0,good,synthetic_demo_v1
2024-01-19T14:00:00+05:30,Load_10,load,0.05967918372527138,0.017903755117581414,0.0,good,synthetic_demo_v1
2024-01-19T14:00:00+05:30,Load_11,load,0.009594290434878035,0.0028782871304634102,0.0,good,synthetic_demo_v1
2024-01-19T14:00:00+05:30,Load_12,load,0.07875455719108848,0.023626367157326543,0.0,good,synthetic_demo_v1
2024-01-19T14:00:00+05:30,Load_13,load,0.06873979362323404,0.02062193808697021,0.0,good,synthetic_demo_v1
2024-01-19T14:00:00+05:30,Load_14,load,0.023564000935981013,0.007069200280794304,0.0,good,synthetic_demo_v1
2024-01-19T14:00:00+05:30,Load_15,load,0.02134098404844388,0.006402295214533164,0.0,good,synthetic_demo_v1
2024-01-19T14:00:00+05:30,Load_16,load,0.02145605691557845,0.006436817074673535,0.0,good,synthetic_demo_v1
2024-01-19T14:00:00+05:30,Load_17,load,0.03025932945705823,0.009077798837117469,0.0,good,synthetic_demo_v1
2024-01-19T14:00:00+05:30,Load_18,load,0.046324232796849635,0.01389726983905489,0.0,good,synthetic_demo_v1
2024-01-19T14:00:00+05:30,Load_19,load,0.03956273419446805,0.011868820258340414,0.0,good,synthetic_demo_v1
2024-01-19T14:00:00+05:30,Load_20,load,0.029311298678301886,0.008793389603490565,0.0,good,synthetic_demo_v1
2024-01-19T14:00:00+05:30,Load_21,load,0.05266938577409231,0.01580081573222769,0.0,good,synthetic_demo_v1
2024-01-19T14:00:00+05:30,Load_22,load,0.01825707756983269,0.005477123270949807,0.0,good,synthetic_demo_v1
2024-01-19T14:00:00+05:30,Load_23,load,0.0293779953069045,0.008813398592071349,0.0,good,synthetic_demo_v1
2024-01-19T14:00:00+05:30,Load_24,load,0.03478486761349798,0.010435460284049394,0.0,good,synthetic_demo_v1
2024-01-19T14:00:00+05:30,Load_25,load,0.04132028658767089,0.012396085976301267,0.0,good,synthetic_demo_v1
2024-01-19T14:00:00+05:30,Load_26,load,0.06529632070911706,0.01958889621273512,0.0,good,synthetic_demo_v1
2024-01-19T14:00:00+05:30,Load_27,load,0.022641306212054842,0.006792391863616453,0.0,good,synthetic_demo_v1
2024-01-19T14:00:00+05:30,Load_28,load,0.045557684371931445,0.013667305311579434,0.0,good,synthetic_demo_v1
2024-01-19T14:00:00+05:30,Load_29,load,0.05125326453530355,0.015375979360591065,0.0,good,synthetic_demo_v1
2024-01-19T14:00:00+05:30,Load_30,load,0.01147867475400403,0.003443602426201209,0.0,good,synthetic_demo_v1
2024-01-19T14:00:00+05:30,Load_31,load,0.052355536166868964,0.01570666085006069,0.0,good,synthetic_demo_v1
2024-01-19T14:00:00+05:30,Load_32,load,0.020517694808433552,0.0061553084425300655,0.0,good,synthetic_demo_v1
2024-01-19T14:00:00+05:30,PV_5,pv,0.0,0.0,0.39692908893545015,good,synthetic_demo_v1
2024-01-19T14:00:00+05:30,PV_10,pv,0.0,0.0,0.604983133577256,good,synthetic_demo_v1
2024-01-19T14:00:00+05:30,PV_17,pv,0.0,0.0,0.427648721428076,good,synthetic_demo_v1
2024-01-19T14:00:00+05:30,PV_24,pv,0.0,0.0,0.5949901019112028,good,synthetic_demo_v1
2024-01-19T14:00:00+05:30,PV_30,pv,0.0,0.0,0.2886589237318813,good,synthetic_demo_v1
2024-01-19T14:00:00+05:30,Battery_18,battery,0.0,0.0,0.0,good,synthetic_demo_v1
2024-01-19T15:00:00+05:30,Load_1,load,0.034525273034257925,0.010357581910277377,0.0,good,synthetic_demo_v1
2024-01-19T15:00:00+05:30,Load_2,load,0.07548588409374159,0.022645765228122474,0.0,good,synthetic_demo_v1
2024-01-19T15:00:00+05:30,Load_3,load,0.05993690606158108,0.017981071818474324,0.0,good,synthetic_demo_v1
2024-01-19T15:00:00+05:30,Load_4,load,0.05045799857548777,0.01513739957264633,0.0,good,synthetic_demo_v1
2024-01-19T15:00:00+05:30,Load_5,load,0.018990433955553495,0.005697130186666048,0.0,good,synthetic_demo_v1
2024-01-19T15:00:00+05:30,Load_6,load,0.01898871924095592,0.005696615772286776,0.0,good,synthetic_demo_v1
2024-01-19T15:00:00+05:30,Load_7,load,0.012028166834197862,0.0036084500502593583,0.0,good,synthetic_demo_v1
2024-01-19T15:00:00+05:30,Load_8,load,0.06947600931593809,0.020842802794781425,0.0,good,synthetic_demo_v1
2024-01-19T15:00:00+05:30,Load_9,load,0.0506326347732691,0.015189790431980729,0.0,good,synthetic_demo_v1
2024-01-19T15:00:00+05:30,Load_10,load,0.058236320182177906,0.017470896054653372,0.0,good,synthetic_demo_v1
2024-01-19T15:00:00+05:30,Load_11,load,0.009362329288189732,0.0028086987864569192,0.0,good,synthetic_demo_v1
2024-01-19T15:00:00+05:30,Load_12,load,0.07685050836986822,0.023055152510960464,0.0,good,synthetic_demo_v1
2024-01-19T15:00:00+05:30,Load_13,load,0.06707787172706148,0.020123361518118443,0.0,good,synthetic_demo_v1
2024-01-19T15:00:00+05:30,Load_14,load,0.022994294117662885,0.006898288235298865,0.0,good,synthetic_demo_v1
2024-01-19T15:00:00+05:30,Load_15,load,0.020825023106367524,0.006247506931910257,0.0,good,synthetic_demo_v1
2024-01-19T15:00:00+05:30,Load_16,load,0.020937313856951172,0.006281194157085351,0.0,good,synthetic_demo_v1
2024-01-19T15:00:00+05:30,Load_17,load,0.029527749690266687,0.008858324907080006,0.0,good,synthetic_demo_v1
2024-01-19T15:00:00+05:30,Load_18,load,0.04520425188404024,0.013561275565212071,0.0,good,synthetic_demo_v1
2024-01-19T15:00:00+05:30,Load_19,load,0.03860622602409702,0.011581867807229107,0.0,good,synthetic_demo_v1
2024-01-19T15:00:00+05:30,Load_20,load,0.02860263945034839,0.008580791835104516,0.0,good,synthetic_demo_v1
2024-01-19T15:00:00+05:30,Load_21,load,0.05139599810645262,0.015418799431935786,0.0,good,synthetic_demo_v1
2024-01-19T15:00:00+05:30,Load_22,load,0.01781567623046105,0.005344702869138314,0.0,good,synthetic_demo_v1
2024-01-19T15:00:00+05:30,Load_23,load,0.028667723554652733,0.008600317066395819,0.0,good,synthetic_demo_v1
2024-01-19T15:00:00+05:30,Load_24,load,0.03394387391690363,0.010183162175071089,0.0,good,synthetic_demo_v1
2024-01-19T15:00:00+05:30,Load_25,load,0.04032128607549937,0.01209638582264981,0.0,good,synthetic_demo_v1
2024-01-19T15:00:00+05:30,Load_26,load,0.06371765165286741,0.019115295495860222,0.0,good,synthetic_demo_v1
2024-01-19T15:00:00+05:30,Load_27,load,0.022093907382811875,0.006628172214843562,0.0,good,synthetic_demo_v1
2024-01-19T15:00:00+05:30,Load_28,load,0.0444562362993402,0.01333687088980206,0.0,good,synthetic_demo_v1
2024-01-19T15:00:00+05:30,Load_29,load,0.050014114428912265,0.015004234328673679,0.0,good,synthetic_demo_v1
2024-01-19T15:00:00+05:30,Load_30,load,0.011201154850216095,0.0033603464550648284,0.0,good,synthetic_demo_v1
2024-01-19T15:00:00+05:30,Load_31,load,0.051089736440752764,0.015326920932225829,0.0,good,synthetic_demo_v1
2024-01-19T15:00:00+05:30,Load_32,load,0.020021638529184028,0.006006491558755208,0.0,good,synthetic_demo_v1
2024-01-19T15:00:00+05:30,PV_5,pv,0.0,0.0,0.3338841853905256,good,synthetic_demo_v1
2024-01-19T15:00:00+05:30,PV_10,pv,0.0,0.0,0.47019837805352527,good,synthetic_demo_v1
2024-01-19T15:00:00+05:30,PV_17,pv,0.0,0.0,0.34473836044245143,good,synthetic_demo_v1
2024-01-19T15:00:00+05:30,PV_24,pv,0.0,0.0,0.41491754963631183,good,synthetic_demo_v1
2024-01-19T15:00:00+05:30,PV_30,pv,0.0,0.0,0.2234176964916618,good,synthetic_demo_v1
2024-01-19T15:00:00+05:30,Battery_18,battery,0.0,0.0,0.0,good,synthetic_demo_v1
2024-01-19T16:00:00+05:30,Load_1,load,0.034986209559385764,0.010495862867815729,0.0,good,synthetic_demo_v1
2024-01-19T16:00:00+05:30,Load_2,load,0.07649367340436766,0.0229481020213103,0.0,good,synthetic_demo_v1
2024-01-19T16:00:00+05:30,Load_3,load,0.060737105648113694,0.01822113169443411,0.0,good,synthetic_demo_v1
2024-01-19T16:00:00+05:30,Load_4,load,0.05113164812216082,0.015339494436648244,0.0,good,synthetic_demo_v1
2024-01-19T16:00:00+05:30,Load_5,load,0.01924396952149839,0.0057731908564495164,0.0,good,synthetic_demo_v1
2024-01-19T16:00:00+05:30,Load_6,load,0.0192422319142625,0.00577266957427875,0.0,good,synthetic_demo_v1
2024-01-19T16:00:00+05:30,Load_7,load,0.012188751268062058,0.0036566253804186173,0.0,good,synthetic_demo_v1
2024-01-19T16:00:00+05:30,Load_8,load,0.07040356259790814,0.02112106877937244,0.0,good,synthetic_demo_v1
2024-01-19T16:00:00+05:30,Load_9,load,0.051308615835237825,0.015392584750571347,0.0,good,synthetic_demo_v1
2024-01-19T16:00:00+05:30,Load_10,load,0.059013815758660965,0.01770414472759829,0.0,good,synthetic_demo_v1
2024-01-19T16:00:00+05:30,Load_11,load,0.009487322927629419,0.0028461968782888254,0.0,good,synthetic_demo_v1
2024-01-19T16:00:00+05:30,Load_12,load,0.0778765163683326,0.023362954910499778,0.0,good,synthetic_demo_v1
2024-01-19T16:00:00+05:30,Load_13,load,0.06797340819613339,0.020392022458840014,0.0,good,synthetic_demo_v1
2024-01-19T16:00:00+05:30,Load_14,load,0.023301284015117028,0.0069903852045351085,0.0,good,synthetic_demo_v1
2024-01-19T16:00:00+05:30,Load_15,load,0.02110305171969178,0.006330915515907534,0.0,good,synthetic_demo_v1
2024-01-19T16:00:00+05:30,Load_16,load,0.02121684163027705,0.006365052489083115,0.0,good,synthetic_demo_v1
2024-01-19T16:00:00+05:30,Load_17,load,0.02992196578592424,0.008976589735777273,0.0,good,synthetic_demo_v1
2024-01-19T16:00:00+05:30,Load_18,load,0.04580776024047693,0.01374232807214308,0.0,good,synthetic_demo_v1
2024-01-19T16:00:00+05:30,Load_19,load,0.03912164612386539,0.011736493837159618,0.0,good,synthetic_demo_v1
2024-01-19T16:00:00+05:30,Load_20,load,0.02898450467773258,0.008695351403319774,0.0,good,synthetic_demo_v1
2024-01-19T16:00:00+05:30,Load_21,load,0.05208217060244298,0.015624651180732894,0.0,good,synthetic_demo_v1
2024-01-19T16:00:00+05:30,Load_22,load,0.018053527959723932,0.00541605838791718,0.0,good,synthetic_demo_v1
2024-01-19T16:00:00+05:30,Load_23,load,0.02905045770031743,0.008715137310095229,0.0,good,synthetic_demo_v1
2024-01-19T16:00:00+05:30,Load_24,load,0.03439704835746809,0.010319114507240426,0.0,good,synthetic_demo_v1
2024-01-19T16:00:00+05:30,Load_25,load,0.04085960342562966,0.012257881027688896,0.0,good,synthetic_demo_v1
2024-01-19T16:00:00+05:30,Load_26,load,0.06456832683545138,0.019370498050635416,0.0,good,synthetic_demo_v1
2024-01-19T16:00:00+05:30,Load_27,load,0.022388876488064847,0.006716662946419454,0.0,good,synthetic_demo_v1
2024-01-19T16:00:00+05:30,Load_28,load,0.04504975812492423,0.01351492743747727,0.0,good,synthetic_demo_v1
2024-01-19T16:00:00+05:30,Load_29,load,0.05068183781199266,0.015204551343597798,0.0,good,synthetic_demo_v1
2024-01-19T16:00:00+05:30,Load_30,load,0.011350698096085705,0.0034052094288257112,0.0,good,synthetic_demo_v1
2024-01-19T16:00:00+05:30,Load_31,load,0.051771820129456136,0.01553154603883684,0.0,good,synthetic_demo_v1
2024-01-19T16:00:00+05:30,Load_32,load,0.020288941396907928,0.006086682419072378,0.0,good,synthetic_demo_v1
2024-01-19T16:00:00+05:30,PV_5,pv,0.0,0.0,0.19485409955543737,good,synthetic_demo_v1
2024-01-19T16:00:00+05:30,PV_10,pv,0.0,0.0,0.39286474043011965,good,synthetic_demo_v1
2024-01-19T16:00:00+05:30,PV_17,pv,0.0,0.0,0.24764896268616576,good,synthetic_demo_v1
2024-01-19T16:00:00+05:30,PV_24,pv,0.0,0.0,0.3059006885112973,good,synthetic_demo_v1
2024-01-19T16:00:00+05:30,PV_30,pv,0.0,0.0,0.19685146649501287,good,synthetic_demo_v1
2024-01-19T16:00:00+05:30,Battery_18,battery,0.0,0.0,0.0,good,synthetic_demo_v1
2024-01-19T17:00:00+05:30,Load_1,load,0.03672548245714441,0.011017644737143322,0.0,good,synthetic_demo_v1
2024-01-19T17:00:00+05:30,Load_2,load,0.08029641095947176,0.02408892328784153,0.0,good,synthetic_demo_v1
2024-01-19T17:00:00+05:30,Load_3,load,0.06375653539121738,0.019126960617365213,0.0,good,synthetic_demo_v1
2024-01-19T17:00:00+05:30,Load_4,load,0.053673560804803754,0.016102068241441125,0.0,good,synthetic_demo_v1
2024-01-19T17:00:00+05:30,Load_5,load,0.02020064688253753,0.0060601940647612585,0.0,good,synthetic_demo_v1
2024-01-19T17:00:00+05:30,Load_6,load,0.020198822893461185,0.006059646868038356,0.0,good,synthetic_demo_v1
2024-01-19T17:00:00+05:30,Load_7,load,0.012794691865944702,0.0038384075597834104,0.0,good,synthetic_demo_v1
2024-01-19T17:00:00+05:30,Load_8,load,0.07390354187186599,0.022171062561559794,0.0,good,synthetic_demo_v1
2024-01-19T17:00:00+05:30,Load_9,load,0.05385932613131215,0.016157797839393643,0.0,good,synthetic_demo_v1
2024-01-19T17:00:00+05:30,Load_10,load,0.06194757542096842,0.018584272626290525,0.0,good,synthetic_demo_v1
2024-01-19T17:00:00+05:30,Load_11,load,0.009958967151114136,0.0029876901453342406,0.0,good,synthetic_demo_v1
2024-01-19T17:00:00+05:30,Load_12,load,0.08174799933253846,0.024524399799761537,0.0,good,synthetic_demo_v1
2024-01-19T17:00:00+05:30,Load_13,load,0.07135257696384872,0.021405773089154617,0.0,good,synthetic_demo_v1
2024-01-19T17:00:00+05:30,Load_14,load,0.024459663053054206,0.007337898915916262,0.0,good,synthetic_demo_v1
2024-01-19T17:00:00+05:30,Load_15,load,0.022152149818008417,0.006645644945402525,0.0,good,synthetic_demo_v1
2024-01-19T17:00:00+05:30,Load_16,load,0.022271596577678274,0.006681478973303482,0.0,good,synthetic_demo_v1
2024-01-19T17:00:00+05:30,Load_17,load,0.031409479431859004,0.0094228438295577,0.0,good,synthetic_demo_v1
2024-01-19T17:00:00+05:30,Load_18,load,0.04808500595805179,0.014425501787415536,0.0,good,synthetic_demo_v1
2024-01-19T17:00:00+05:30,Load_19,load,0.041066504388761076,0.012319951316628322,0.0,good,synthetic_demo_v1
2024-01-19T17:00:00+05:30,Load_20,load,0.03042541422683276,0.009127624268049828,0.0,good,synthetic_demo_v1
2024-01-19T17:00:00+05:30,Load_21,load,0.05467133670320367,0.0164014010109611,0.0,good,synthetic_demo_v1
2024-01-19T17:00:00+05:30,Load_22,load,0.018951024781606773,0.005685307434482032,0.0,good,synthetic_demo_v1
2024-01-19T17:00:00+05:30,Load_23,load,0.030494645978555515,0.009148393793566655,0.0,good,synthetic_demo_v1
2024-01-19T17:00:00+05:30,Load_24,load,0.036107032226097506,0.010832109667829251,0.0,good,synthetic_demo_v1
2024-01-19T17:00:00+05:30,Load_25,load,0.042890860933841174,0.012867258280152352,0.0,good,synthetic_demo_v1
2024-01-19T17:00:00+05:30,Load_26,load,0.06777821845654572,0.020333465536963715,0.0,good,synthetic_demo_v1
2024-01-19T17:00:00+05:30,Load_27,load,0.02350189692032572,0.007050569076097715,0.0,good,synthetic_demo_v1
2024-01-19T17:00:00+05:30,Load_28,load,0.04728932120832328,0.014186796362496982,0.0,good,synthetic_demo_v1
2024-01-19T17:00:00+05:30,Load_29,load,0.05320138903017686,0.015960416709053057,0.0,good,synthetic_demo_v1
2024-01-19T17:00:00+05:30,Load_30,load,0.01191497647370339,0.0035744929421110167,0.0,good,synthetic_demo_v1
2024-01-19T17:00:00+05:30,Load_31,load,0.05434555774644363,0.01630366732393309,0.0,good,synthetic_demo_v1
2024-01-19T17:00:00+05:30,Load_32,load,0.02129756754819069,0.006389270264457207,0.0,good,synthetic_demo_v1
2024-01-19T17:00:00+05:30,PV_5,pv,0.0,0.0,0.14402742441426875,good,synthetic_demo_v1
2024-01-19T17:00:00+05:30,PV_10,pv,0.0,0.0,0.19091367868355438,good,synthetic_demo_v1
2024-01-19T17:00:00+05:30,PV_17,pv,0.0,0.0,0.1912754235005823,good,synthetic_demo_v1
2024-01-19T17:00:00+05:30,PV_24,pv,0.0,0.0,0.20187497232976312,good,synthetic_demo_v1
2024-01-19T17:00:00+05:30,PV_30,pv,0.0,0.0,0.10395004295600846,good,synthetic_demo_v1
2024-01-19T17:00:00+05:30,Battery_18,battery,0.0,0.0,0.0,good,synthetic_demo_v1
2024-01-19T18:00:00+05:30,Load_1,load,0.05298296031261641,0.01589488809378492,0.0,good,synthetic_demo_v1
2024-01-19T18:00:00+05:30,Load_2,load,0.11584167914133445,0.03475250374240033,0.0,good,synthetic_demo_v1
2024-01-19T18:00:00+05:30,Load_3,load,0.09198000293786886,0.027594000881360655,0.0,good,synthetic_demo_v1
2024-01-19T18:00:00+05:30,Load_4,load,0.07743354073772021,0.023230062221316062,0.0,good,synthetic_demo_v1
2024-01-19T18:00:00+05:30,Load_5,load,0.029142981942186983,0.008742894582656095,0.0,good,synthetic_demo_v1
2024-01-19T18:00:00+05:30,Load_6,load,0.029140350517509163,0.008742105155252748,0.0,good,synthetic_demo_v1
2024-01-19T18:00:00+05:30,Load_7,load,0.01845859076559601,0.005537577229678803,0.0,good,synthetic_demo_v1
2024-01-19T18:00:00+05:30,Load_8,load,0.10661884239446205,0.031985652718338614,0.0,good,synthetic_demo_v1
2024-01-19T18:00:00+05:30,Load_9,load,0.07770153985613452,0.023310461956840358,0.0,good,synthetic_demo_v1
2024-01-19T18:00:00+05:30,Load_10,load,0.08937026038587775,0.026811078115763325,0.0,good,synthetic_demo_v1
2024-01-19T18:00:00+05:30,Load_11,load,0.014367559689320923,0.0043102679067962765,0.0,good,synthetic_demo_v1
2024-01-19T18:00:00+05:30,Load_12,load,0.11793585038197628,0.035380755114592884,0.0,good,synthetic_demo_v1
2024-01-19T18:00:00+05:30,Load_13,load,0.10293862736561733,0.030881588209685198,0.0,good,synthetic_demo_v1
2024-01-19T18:00:00+05:30,Load_14,load,0.03528736098462972,0.010586208295388916,0.0,good,synthetic_demo_v1
2024-01-19T18:00:00+05:30,Load_15,load,0.03195836776320821,0.009587510328962464,0.0,good,synthetic_demo_v1
2024-01-19T18:00:00+05:30,Load_16,load,0.03213069069822871,0.009639207209468611,0.0,good,synthetic_demo_v1
2024-01-19T18:00:00+05:30,Load_17,load,0.045313692042577576,0.013594107612773272,0.0,good,synthetic_demo_v1
2024-01-19T18:00:00+05:30,Load_18,load,0.06937106858379109,0.020811320575137328,0.0,good,synthetic_demo_v1
2024-01-19T18:00:00+05:30,Load_19,load,0.059245647072073804,0.01777369412162214,0.0,good,synthetic_demo_v1
2024-01-19T18:00:00+05:30,Load_20,load,0.04389400510548223,0.013168201531644668,0.0,good,synthetic_demo_v1
2024-01-19T18:00:00+05:30,Load_21,load,0.0788730077586776,0.02366190232760328,0.0,good,synthetic_demo_v1
2024-01-19T18:00:00+05:30,Load_22,load,0.027340182530180817,0.008202054759054245,0.0,good,synthetic_demo_v1
2024-01-19T18:00:00+05:30,Load_23,load,0.043993884069854716,0.013198165220956414,0.0,good,synthetic_demo_v1
2024-01-19T18:00:00+05:30,Load_24,load,0.05209073720608205,0.015627221161824616,0.0,good,synthetic_demo_v1
2024-01-19T18:00:00+05:30,Load_25,load,0.06187760188810202,0.018563280566430605,0.0,good,synthetic_demo_v1
2024-01-19T18:00:00+05:30,Load_26,load,0.0977819872818148,0.029334596184544436,0.0,good,synthetic_demo_v1
2024-01-19T18:00:00+05:30,Load_27,load,0.03390561507949867,0.010171684523849601,0.0,good,synthetic_demo_v1
2024-01-19T18:00:00+05:30,Load_28,load,0.0682231535478099,0.02046694606434297,0.0,good,synthetic_demo_v1
2024-01-19T18:00:00+05:30,Load_29,load,0.07675235000251376,0.02302570500075413,0.0,good,synthetic_demo_v1
2024-01-19T18:00:00+05:30,Load_30,load,0.017189446765434567,0.00515683402963037,0.0,good,synthetic_demo_v1
2024-01-19T18:00:00+05:30,Load_31,load,0.07840301438127692,0.023520904314383074,0.0,good,synthetic_demo_v1
2024-01-19T18:00:00+05:30,Load_32,load,0.03072548270748555,0.009217644812245665,0.0,good,synthetic_demo_v1
2024-01-19T18:00:00+05:30,PV_5,pv,0.0,0.0,0.08251984826016266,good,synthetic_demo_v1
2024-01-19T18:00:00+05:30,PV_10,pv,0.0,0.0,0.12815979046281925,good,synthetic_demo_v1
2024-01-19T18:00:00+05:30,PV_17,pv,0.0,0.0,0.10820463622238516,good,synthetic_demo_v1
2024-01-19T18:00:00+05:30,PV_24,pv,0.0,0.0,0.12211992453502997,good,synthetic_demo_v1
2024-01-19T18:00:00+05:30,PV_30,pv,0.0,0.0,0.05554603585684977,good,synthetic_demo_v1
2024-01-19T18:00:00+05:30,Battery_18,battery,0.0,0.0,0.0,good,synthetic_demo_v1
2024-01-19T19:00:00+05:30,Load_1,load,0.051796873156315246,0.015539061946894573,0.0,good,synthetic_demo_v1
2024-01-19T19:00:00+05:30,Load_2,load,0.1132484241215469,0.03397452723646407,0.0,good,synthetic_demo_v1
2024-01-19T19:00:00+05:30,Load_3,load,0.08992092017847893,0.026976276053543677,0.0,good,synthetic_demo_v1
2024-01-19T19:00:00+05:30,Load_4,load,0.07570009799322217,0.02271002939796665,0.0,good,synthetic_demo_v1
2024-01-19T19:00:00+05:30,Load_5,load,0.028490581314249367,0.00854717439427481,0.0,good,synthetic_demo_v1
2024-01-19T19:00:00+05:30,Load_6,load,0.028488008797171175,0.008546402639151351,0.0,good,synthetic_demo_v1
2024-01-19T19:00:00+05:30,Load_7,load,0.01804537305746279,0.005413611917238837,0.0,good,synthetic_demo_v1
2024-01-19T19:00:00+05:30,Load_8,load,0.10423205164442431,0.03126961549332729,0.0,good,synthetic_demo_v1
2024-01-19T19:00:00+05:30,Load_9,load,0.07596209762972048,0.022788629288916142,0.0,good,synthetic_demo_v1
2024-01-19T19:00:00+05:30,Load_10,load,0.08736959984570519,0.026210879953711557,0.0,good,synthetic_demo_v1
2024-01-19T19:00:00+05:30,Load_11,load,0.014045924621851204,0.004213777386555361,0.0,good,synthetic_demo_v1
2024-01-19T19:00:00+05:30,Load_12,load,0.11529571482556025,0.034588714447668076,0.0,good,synthetic_demo_v1
2024-01-19T19:00:00+05:30,Load_13,load,0.1006342226459634,0.03019026679378902,0.0,good,synthetic_demo_v1
2024-01-19T19:00:00+05:30,Load_14,load,0.03449741105739499,0.010349223317218497,0.0,good,synthetic_demo_v1
2024-01-19T19:00:00+05:30,Load_15,load,0.03124294134466466,0.009372882403399398,0.0,good,synthetic_demo_v1
2024-01-19T19:00:00+05:30,Load_16,load,0.03141140662396419,0.009423421987189257,0.0,good,synthetic_demo_v1
2024-01-19T19:00:00+05:30,Load_17,load,0.04429929066109249,0.013289787198327747,0.0,good,synthetic_demo_v1
2024-01-19T19:00:00+05:30,Load_18,load,0.06781811395497,0.020345434186491002,0.0,good,synthetic_demo_v1
2024-01-19T19:00:00+05:30,Load_19,load,0.057919362156238226,0.017375808646871466,0.0,good,synthetic_demo_v1
2024-01-19T19:00:00+05:30,Load_20,load,0.04291138511998034,0.012873415535994102,0.0,good,synthetic_demo_v1
2024-01-19T19:00:00+05:30,Load_21,load,0.07710734081727921,0.023132202245183763,0.0,good,synthetic_demo_v1
2024-01-19T19:00:00+05:30,Load_22,load,0.02672813973078565,0.008018441919235694,0.0,good,synthetic_demo_v1
2024-01-19T19:00:00+05:30,Load_23,load,0.043009028173861465,0.01290270845215844,0.0,good,synthetic_demo_v1
2024-01-19T19:00:00+05:30,Load_24,load,0.050924623534859326,0.015277387060457797,0.0,good,synthetic_demo_v1
2024-01-19T19:00:00+05:30,Load_25,load,0.06049239750485962,0.018147719251457885,0.0,good,synthetic_demo_v1
2024-01-19T19:00:00+05:30,Load_26,load,0.09559302013939283,0.028677906041817847,0.0,good,synthetic_demo_v1
2024-01-19T19:00:00+05:30,Load_27,load,0.033146597192710105,0.00994397915781303,0.0,good,synthetic_demo_v1
2024-01-19T19:00:00+05:30,Load_28,load,0.06669589637478722,0.020008768912436165,0.0,good,synthetic_demo_v1
2024-01-19T19:00:00+05:30,Load_29,load,0.07503415653018271,0.022510246959054812,0.0,good,synthetic_demo_v1
2024-01-19T19:00:00+05:30,Load_30,load,0.016804640368960913,0.005041392110688274,0.0,good,synthetic_demo_v1
2024-01-19T19:00:00+05:30,Load_31,load,0.07664786880571374,0.02299436064171412,0.0,good,synthetic_demo_v1
2024-01-19T19:00:00+05:30,Load_32,load,0.030037655900612623,0.009011296770183787,0.0,good,synthetic_demo_v1
2024-01-19T19:00:00+05:30,PV_5,pv,0.0,0.0,0.03794376072574026,good,synthetic_demo_v1
2024-01-19T19:00:00+05:30,PV_10,pv,0.0,0.0,0.0592586781301588,good,synthetic_demo_v1
2024-01-19T19:00:00+05:30,PV_17,pv,0.0,0.0,0.052972907151240624,good,synthetic_demo_v1
2024-01-19T19:00:00+05:30,PV_24,pv,0.0,0.0,0.04753431768171025,good,synthetic_demo_v1
2024-01-19T19:00:00+05:30,PV_30,pv,0.0,0.0,0.033317774588525875,good,synthetic_demo_v1
2024-01-19T19:00:00+05:30,Battery_18,battery,0.0,0.0,0.0,good,synthetic_demo_v1
2024-01-19T20:00:00+05:30,Load_1,load,0.05320401237397202,0.015961203712191604,0.0,good,synthetic_demo_v1
2024-01-19T20:00:00+05:30,Load_2,load,0.11632498626147264,0.03489749587844179,0.0,good,synthetic_demo_v1
2024-01-19T20:00:00+05:30,Load_3,load,0.09236375592435628,0.027709126777306883,0.0,good,synthetic_demo_v1
2024-01-19T20:00:00+05:30,Load_4,load,0.0777566039206217,0.02332698117618651,0.0,good,synthetic_demo_v1
2024-01-19T20:00:00+05:30,Load_5,load,0.029264570396179725,0.008779371118853917,0.0,good,synthetic_demo_v1
2024-01-19T20:00:00+05:30,Load_6,load,0.029261927992842995,0.008778578397852899,0.0,good,synthetic_demo_v1
2024-01-19T20:00:00+05:30,Load_7,load,0.01853560249756379,0.005560680749269137,0.0,good,synthetic_demo_v1
2024-01-19T20:00:00+05:30,Load_8,load,0.10706367059491714,0.03211910117847514,0.0,good,synthetic_demo_v1
2024-01-19T20:00:00+05:30,Load_9,load,0.07802572116752896,0.023407716350258685,0.0,good,synthetic_demo_v1
2024-01-19T20:00:00+05:30,Load_10,load,0.08974312517421013,0.02692293755226304,0.0,good,synthetic_demo_v1
2024-01-19T20:00:00+05:30,Load_11,load,0.014427503087485822,0.004328250926245746,0.0,good,synthetic_demo_v1
2024-01-19T20:00:00+05:30,Load_12,load,0.11842789466717367,0.0355283684001521,0.0,good,synthetic_demo_v1
2024-01-19T20:00:00+05:30,Load_13,load,0.10336810121226589,0.031010430363679765,0.0,good,synthetic_demo_v1
2024-01-19T20:00:00+05:30,Load_14,load,0.03543458461727364,0.010630375385182092,0.0,good,synthetic_demo_v1
2024-01-19T20:00:00+05:30,Load_15,load,0.03209170238682938,0.009627510716048815,0.0,good,synthetic_demo_v1
2024-01-19T20:00:00+05:30,Load_16,load,0.03226474427639263,0.009679423282917788,0.0,good,synthetic_demo_v1
2024-01-19T20:00:00+05:30,Load_17,load,0.045502746881615326,0.013650824064484597,0.0,good,synthetic_demo_v1
2024-01-19T20:00:00+05:30,Load_18,load,0.06966049404470172,0.020898148213410513,0.0,good,synthetic_demo_v1
2024-01-19T20:00:00+05:30,Load_19,load,0.05949282790784357,0.01784784837235307,0.0,good,synthetic_demo_v1
2024-01-19T20:00:00+05:30,Load_20,load,0.04407713681900806,0.013223141045702417,0.0,good,synthetic_demo_v1
2024-01-19T20:00:00+05:30,Load_21,load,0.07920207659227052,0.023760622977681157,0.0,good,synthetic_demo_v1
2024-01-19T20:00:00+05:30,Load_22,load,0.027454249461708914,0.008236274838512674,0.0,good,synthetic_demo_v1
2024-01-19T20:00:00+05:30,Load_23,load,0.04417743249190024,0.013253229747570072,0.0,good,synthetic_demo_v1
2024-01-19T20:00:00+05:30,Load_24,load,0.052308066792216855,0.015692420037665057,0.0,good,synthetic_demo_v1
2024-01-19T20:00:00+05:30,Load_25,load,0.06213576359459032,0.018640729078377095,0.0,good,synthetic_demo_v1
2024-01-19T20:00:00+05:30,Load_26,load,0.0981899469300594,0.02945698407901782,0.0,good,synthetic_demo_v1
2024-01-19T20:00:00+05:30,Load_27,load,0.0340470738817368,0.01021412216452104,0.0,good,synthetic_demo_v1
2024-01-19T20:00:00+05:30,Load_28,load,0.0685077897522602,0.02055233692567806,0.0,good,synthetic_demo_v1
2024-01-19T20:00:00+05:30,Load_29,load,0.07707257116572995,0.023121771349718986,0.0,good,synthetic_demo_v1
2024-01-19T20:00:00+05:30,Load_30,load,0.017261163457341588,0.005178349037202476,0.0,good,synthetic_demo_v1
2024-01-19T20:00:00+05:30,Load_31,load,0.0787301223390659,0.02361903670171977,0.0,good,synthetic_demo_v1
2024-01-19T20:00:00+05:30,Load_32,load,0.030853673568255906,0.00925610207047677,0.0,good,synthetic_demo_v1
2024-01-19T20:00:00+05:30,PV_5,pv,0.0,0.0,0.0,good,synthetic_demo_v1
2024-01-19T20:00:00+05:30,PV_10,pv,0.0,0.0,0.0,good,synthetic_demo_v1
2024-01-19T20:00:00+05:30,PV_17,pv,0.0,0.0,0.0,good,synthetic_demo_v1
2024-01-19T20:00:00+05:30,PV_24,pv,0.0,0.0,0.0,good,synthetic_demo_v1
2024-01-19T20:00:00+05:30,PV_30,pv,0.0,0.0,0.0,good,synthetic_demo_v1
2024-01-19T20:00:00+05:30,Battery_18,battery,0.0,0.0,0.0,good,synthetic_demo_v1
2024-01-19T21:00:00+05:30,Load_1,load,0.05297535348982214,0.01589260604694664,0.0,good,synthetic_demo_v1
2024-01-19T21:00:00+05:30,Load_2,load,0.11582504762206448,0.034747514286619346,0.0,good,synthetic_demo_v1
2024-01-19T21:00:00+05:30,Load_3,load,0.09196679726610502,0.027590039179831504,0.0,good,synthetic_demo_v1
2024-01-19T21:00:00+05:30,Load_4,load,0.07742242351778292,0.023226727055334875,0.0,good,synthetic_demo_v1
2024-01-19T21:00:00+05:30,Load_5,load,0.02913879785171671,0.008741639355515012,0.0,good,synthetic_demo_v1
2024-01-19T21:00:00+05:30,Load_6,load,0.02913616680483547,0.008740850041450641,0.0,good,synthetic_demo_v1
2024-01-19T21:00:00+05:30,Load_7,load,0.018455940645101473,0.005536782193530441,0.0,good,synthetic_demo_v1
2024-01-19T21:00:00+05:30,Load_8,load,0.10660353500816577,0.03198106050244973,0.0,good,synthetic_demo_v1
2024-01-19T21:00:00+05:30,Load_9,load,0.07769038415926442,0.023307115247779325,0.0,good,synthetic_demo_v1
2024-01-19T21:00:00+05:30,Load_10,load,0.0893574293977672,0.026807228819330158,0.0,good,synthetic_demo_v1
2024-01-19T21:00:00+05:30,Load_11,load,0.014365496922727702,0.00430964907681831,0.0,good,synthetic_demo_v1
2024-01-19T21:00:00+05:30,Load_12,load,0.1179189182002021,0.03537567546006063,0.0,good,synthetic_demo_v1
2024-01-19T21:00:00+05:30,Load_13,load,0.10292384835190357,0.03087715450557107,0.0,good,synthetic_demo_v1
2024-01-19T21:00:00+05:30,Load_14,load,0.03528229473879703,0.010584688421639109,0.0,good,synthetic_demo_v1
2024-01-19T21:00:00+05:30,Load_15,load,0.03195377946465082,0.009586133839395246,0.0,good,synthetic_demo_v1
2024-01-19T21:00:00+05:30,Load_16,load,0.03212607765907505,0.009637823297722514,0.0,good,synthetic_demo_v1
2024-01-19T21:00:00+05:30,Load_17,load,0.04530718630519544,0.01359215589155863,0.0,good,synthetic_demo_v1
2024-01-19T21:00:00+05:30,Load_18,load,0.06936110890198674,0.020808332670596022,0.0,good,synthetic_demo_v1
2024-01-19T21:00:00+05:30,Load_19,load,0.059237141108346034,0.01777114233250381,0.0,good,synthetic_demo_v1
2024-01-19T21:00:00+05:30,Load_20,load,0.04388770319413945,0.013166310958241834,0.0,good,synthetic_demo_v1
2024-01-19T21:00:00+05:30,Load_21,load,0.0788616838728522,0.023658505161855657,0.0,good,synthetic_demo_v1
2024-01-19T21:00:00+05:30,Load_22,load,0.02733625726963586,0.008200877180890758,0.0,good,synthetic_demo_v1
2024-01-19T21:00:00+05:30,Load_23,load,0.043987567818777454,0.013196270345633235,0.0,good,synthetic_demo_v1
2024-01-19T21:00:00+05:30,Load_24,load,0.0520832584807558,0.015624977544226738,0.0,good,synthetic_demo_v1
2024-01-19T21:00:00+05:30,Load_25,load,0.061868718051681405,0.01856061541550442,0.0,good,synthetic_demo_v1
2024-01-19T21:00:00+05:30,Load_26,load,0.09776794861267785,0.029330384583803354,0.0,good,synthetic_demo_v1
2024-01-19T21:00:00+05:30,Load_27,load,0.03390074721246899,0.010170224163740697,0.0,good,synthetic_demo_v1
2024-01-19T21:00:00+05:30,Load_28,load,0.06821335867344949,0.02046400760203485,0.0,good,synthetic_demo_v1
2024-01-19T21:00:00+05:30,Load_29,load,0.0767413305818912,0.02302239917456736,0.0,good,synthetic_demo_v1
2024-01-19T21:00:00+05:30,Load_30,load,0.01718697885736177,0.005156093657208531,0.0,good,synthetic_demo_v1
2024-01-19T21:00:00+05:30,Load_31,load,0.07839175797292569,0.023517527391877707,0.0,good,synthetic_demo_v1
2024-01-19T21:00:00+05:30,Load_32,load,0.030721071415612745,0.009216321424683822,0.0,good,synthetic_demo_v1
2024-01-19T21:00:00+05:30,PV_5,pv,0.0,0.0,0.0,good,synthetic_demo_v1
2024-01-19T21:00:00+05:30,PV_10,pv,0.0,0.0,0.0,good,synthetic_demo_v1
2024-01-19T21:00:00+05:30,PV_17,pv,0.0,0.0,0.0,good,synthetic_demo_v1
2024-01-19T21:00:00+05:30,PV_24,pv,0.0,0.0,0.0,good,synthetic_demo_v1
2024-01-19T21:00:00+05:30,PV_30,pv,0.0,0.0,0.0,good,synthetic_demo_v1
2024-01-19T21:00:00+05:30,Battery_18,battery,0.0,0.0,0.0,good,synthetic_demo_v1
2024-01-19T22:00:00+05:30,Load_1,load,0.053818666433873445,0.016145599930162034,0.0,good,synthetic_demo_v1
2024-01-19T22:00:00+05:30,Load_2,load,0.11766886282046259,0.035300658846138776,0.0,good,synthetic_demo_v1
2024-01-19T22:00:00+05:30,Load_3,load,0.09343081374637918,0.028029244123913753,0.0,good,synthetic_demo_v1
2024-01-19T22:00:00+05:30,Load_4,load,0.07865490858133067,0.023596472574399202,0.0,good,synthetic_demo_v1
2024-01-19T22:00:00+05:30,Load_5,load,0.02960265743515806,0.008880797230547417,0.0,good,synthetic_demo_v1
2024-01-19T22:00:00+05:30,Load_6,load,0.029599984504726354,0.008879995351417905,0.0,good,synthetic_demo_v1
2024-01-19T22:00:00+05:30,Load_7,load,0.018749740169131963,0.005624922050739589,0.0,good,synthetic_demo_v1
2024-01-19T22:00:00+05:30,Load_8,load,0.10830055324460444,0.03249016597338133,0.0,good,synthetic_demo_v1
2024-01-19T22:00:00+05:30,Load_9,load,0.07892713487962373,0.02367814046388712,0.0,good,synthetic_demo_v1
2024-01-19T22:00:00+05:30,Load_10,load,0.09077990743508252,0.027233972230524754,0.0,good,synthetic_demo_v1
2024-01-19T22:00:00+05:30,Load_11,load,0.014594180805035217,0.004378254241510565,0.0,good,synthetic_demo_v1
2024-01-19T22:00:00+05:30,Load_12,load,0.11979606565681819,0.03593881969704545,0.0,good,synthetic_demo_v1
2024-01-19T22:00:00+05:30,Load_13,load,0.10456228977511013,0.03136868693253304,0.0,good,synthetic_demo_v1
2024-01-19T22:00:00+05:30,Load_14,load,0.03584395245109106,0.010753185735327317,0.0,good,synthetic_demo_v1
2024-01-19T22:00:00+05:30,Load_15,load,0.03246245064962136,0.009738735194886407,0.0,good,synthetic_demo_v1
2024-01-19T22:00:00+05:30,Load_16,load,0.03263749165344699,0.009791247496034097,0.0,good,synthetic_demo_v1
2024-01-19T22:00:00+05:30,Load_17,load,0.04602842994308935,0.013808528982926805,0.0,good,synthetic_demo_v1
2024-01-19T22:00:00+05:30,Load_18,load,0.07046526615809709,0.021139579847429125,0.0,good,synthetic_demo_v1
2024-01-19T22:00:00+05:30,Load_19,load,0.06018013524758967,0.0180540405742769,0.0,good,synthetic_demo_v1
2024-01-19T22:00:00+05:30,Load_20,load,0.044586350126158705,0.013375905037847611,0.0,good,synthetic_demo_v1
2024-01-19T22:00:00+05:30,Load_21,load,0.08011708047558437,0.02403512414267531,0.0,good,synthetic_demo_v1
2024-01-19T22:00:00+05:30,Load_22,load,0.027771422267672725,0.008331426680301818,0.0,good,synthetic_demo_v1
2024-01-19T22:00:00+05:30,Load_23,load,0.04468780449253626,0.013406341347760878,0.0,good,synthetic_demo_v1
2024-01-19T22:00:00+05:30,Load_24,load,0.05291237019312276,0.015873711057936828,0.0,good,synthetic_demo_v1
2024-01-19T22:00:00+05:30,Load_25,load,0.06285360417943264,0.01885608125382979,0.0,good,synthetic_demo_v1
2024-01-19T22:00:00+05:30,Load_26,load,0.09932431343418403,0.02979729403025521,0.0,good,synthetic_demo_v1
2024-01-19T22:00:00+05:30,Load_27,load,0.034440412114238435,0.01033212363427153,0.0,good,synthetic_demo_v1
2024-01-19T22:00:00+05:30,Load_28,load,0.06929924493068015,0.020789773479204045,0.0,good,synthetic_demo_v1
2024-01-19T22:00:00+05:30,Load_29,load,0.07796297334895387,0.02338889200468616,0.0,good,synthetic_demo_v1
2024-01-19T22:00:00+05:30,Load_30,load,0.017460577819610017,0.005238173345883005,0.0,good,synthetic_demo_v1
2024-01-19T22:00:00+05:30,Load_31,load,0.07963967384040938,0.02389190215212281,0.0,good,synthetic_demo_v1
2024-01-19T22:00:00+05:30,Load_32,load,0.031210119160898452,0.009363035748269535,0.0,good,synthetic_demo_v1
2024-01-19T22:00:00+05:30,PV_5,pv,0.0,0.0,0.0,good,synthetic_demo_v1
2024-01-19T22:00:00+05:30,PV_10,pv,0.0,0.0,0.0,good,synthetic_demo_v1
2024-01-19T22:00:00+05:30,PV_17,pv,0.0,0.0,0.0,good,synthetic_demo_v1
2024-01-19T22:00:00+05:30,PV_24,pv,0.0,0.0,0.0,good,synthetic_demo_v1
2024-01-19T22:00:00+05:30,PV_30,pv,0.0,0.0,0.0,good,synthetic_demo_v1
2024-01-19T22:00:00+05:30,Battery_18,battery,0.0,0.0,0.0,good,synthetic_demo_v1
2024-01-19T23:00:00+05:30,Load_1,load,0.036388961694985,0.010916688508495498,0.0,good,synthetic_demo_v1
2024-01-19T23:00:00+05:30,Load_2,load,0.07956064365004897,0.02386819309501469,0.0,good,synthetic_demo_v1
2024-01-19T23:00:00+05:30,Load_3,load,0.06317232528839484,0.018951697586518452,0.0,good,synthetic_demo_v1
2024-01-19T23:00:00+05:30,Load_4,load,0.053181742416551964,0.01595452272496559,0.0,good,synthetic_demo_v1
2024-01-19T23:00:00+05:30,Load_5,load,0.020015545513400793,0.006004663654020238,0.0,good,synthetic_demo_v1
2024-01-19T23:00:00+05:30,Load_6,load,0.020013738237792948,0.006004121471337884,0.0,good,synthetic_demo_v1
2024-01-19T23:00:00+05:30,Load_7,load,0.012677452304467275,0.0038032356913401824,0.0,good,synthetic_demo_v1
2024-01-19T23:00:00+05:30,Load_8,load,0.07322635332121803,0.02196790599636541,0.0,good,synthetic_demo_v1
2024-01-19T23:00:00+05:30,Load_9,load,0.05336580554924079,0.016009741664772235,0.0,good,synthetic_demo_v1
2024-01-19T23:00:00+05:30,Load_10,load,0.06137994107283104,0.01841398232184931,0.0,good,synthetic_demo_v1
2024-01-19T23:00:00+05:30,Load_11,load,0.009867711734117933,0.0029603135202353795,0.0,good,synthetic_demo_v1
2024-01-19T23:00:00+05:30,Load_12,load,0.0809989309146492,0.024299679274394758,0.0,good,synthetic_demo_v1
2024-01-19T23:00:00+05:30,Load_13,load,0.07069876326351322,0.021209628979053968,0.0,good,synthetic_demo_v1
2024-01-19T23:00:00+05:30,Load_14,load,0.024235535719604434,0.00727066071588133,0.0,good,synthetic_demo_v1
2024-01-19T23:00:00+05:30,Load_15,load,0.021949166552943766,0.0065847499658831295,0.0,good,synthetic_demo_v1
2024-01-19T23:00:00+05:30,Load_16,load,0.022067518805151447,0.006620255641545434,0.0,good,synthetic_demo_v1
2024-01-19T23:00:00+05:30,Load_17,load,0.03112166995325586,0.009336500985976758,0.0,good,synthetic_demo_v1
2024-01-19T23:00:00+05:30,Load_18,load,0.04764439628403795,0.014293318885211384,0.0,good,synthetic_demo_v1
2024-01-19T23:00:00+05:30,Load_19,load,0.0406902062319634,0.012207061869589019,0.0,good,synthetic_demo_v1
2024-01-19T23:00:00+05:30,Load_20,load,0.030146621876137918,0.009043986562841375,0.0,good,synthetic_demo_v1
2024-01-19T23:00:00+05:30,Load_21,load,0.05417037555403143,0.01625111266620943,0.0,good,synthetic_demo_v1
2024-01-19T23:00:00+05:30,Load_22,load,0.018777373875573062,0.005633212162671919,0.0,good,synthetic_demo_v1
2024-01-19T23:00:00+05:30,Load_23,load,0.030215219247580367,0.00906456577427411,0.0,good,synthetic_demo_v1
2024-01-19T23:00:00+05:30,Load_24,load,0.035776178410406465,0.010732853523121939,0.0,good,synthetic_demo_v1
2024-01-19T23:00:00+05:30,Load_25,load,0.042497845941377226,0.012749353782413167,0.0,good,synthetic_demo_v1
2024-01-19T23:00:00+05:30,Load_26,load,0.06715715710604012,0.020147147131812034,0.0,good,synthetic_demo_v1
2024-01-19T23:00:00+05:30,Load_27,load,0.023286545732685123,0.006985963719805537,0.0,good,synthetic_demo_v1
2024-01-19T23:00:00+05:30,Load_28,load,0.046856002505605183,0.014056800751681555,0.0,good,synthetic_demo_v1
2024-01-19T23:00:00+05:30,Load_29,load,0.05271389721831936,0.015814169165495807,0.0,good,synthetic_demo_v1
2024-01-19T23:00:00+05:30,Load_30,load,0.011805797868120168,0.0035417393604360503,0.0,good,synthetic_demo_v1
2024-01-19T23:00:00+05:30,Load_31,load,0.053847581755681564,0.016154274526704468,0.0,good,synthetic_demo_v1
2024-01-19T23:00:00+05:30,Load_32,load,0.021102414940683843,0.006330724482205153,0.0,good,synthetic_demo_v1
2024-01-19T23:00:00+05:30,PV_5,pv,0.0,0.0,0.0,good,synthetic_demo_v1
2024-01-19T23:00:00+05:30,PV_10,pv,0.0,0.0,0.0,good,synthetic_demo_v1
2024-01-19T23:00:00+05:30,PV_17,pv,0.0,0.0,0.0,good,synthetic_demo_v1
2024-01-19T23:00:00+05:30,PV_24,pv,0.0,0.0,0.0,good,synthetic_demo_v1
2024-01-19T23:00:00+05:30,PV_30,pv,0.0,0.0,0.0,good,synthetic_demo_v1
2024-01-19T23:00:00+05:30,Battery_18,battery,0.0,0.0,0.0,good,synthetic_demo_v1
2024-01-20T00:00:00+05:30,Load_1,load,0.029971490883236192,0.008991447264970857,0.0,good,synthetic_demo_v1
2024-01-20T00:00:00+05:30,Load_2,load,0.06552951759957683,0.019658855279873048,0.0,good,synthetic_demo_v1
2024-01-20T00:00:00+05:30,Load_3,load,0.05203140411986238,0.015609421235958713,0.0,good,synthetic_demo_v1
2024-01-20T00:00:00+05:30,Load_4,load,0.04380273670221191,0.013140821010663573,0.0,good,synthetic_demo_v1
2024-01-20T00:00:00+05:30,Load_5,load,0.016485651470527298,0.004945695441158189,0.0,good,synthetic_demo_v1
2024-01-20T00:00:00+05:30,Load_6,load,0.01648416292175094,0.004945248876525281,0.0,good,synthetic_demo_v1
2024-01-20T00:00:00+05:30,Load_7,load,0.010441686942069789,0.0031325060826209367,0.0,good,synthetic_demo_v1
2024-01-20T00:00:00+05:30,Load_8,load,0.06031232766067038,0.01809369829820111,0.0,good,synthetic_demo_v1
2024-01-20T00:00:00+05:30,Load_9,load,0.043954338898217496,0.013186301669465248,0.0,good,synthetic_demo_v1
2024-01-20T00:00:00+05:30,Load_10,load,0.05055512052522961,0.015166536157568883,0.0,good,synthetic_demo_v1
2024-01-20T00:00:00+05:30,Load_11,load,0.008127465541790318,0.002438239662537095,0.0,good,synthetic_demo_v1
2024-01-20T00:00:00+05:30,Load_12,load,0.06671415194006095,0.020014245582018284,0.0,good,synthetic_demo_v1
2024-01-20T00:00:00+05:30,Load_13,load,0.0582304973791128,0.01746914921373384,0.0,good,synthetic_demo_v1
2024-01-20T00:00:00+05:30,Load_14,load,0.01996141423212347,0.005988424269637041,0.0,good,synthetic_demo_v1
2024-01-20T00:00:00+05:30,Load_15,load,0.018078263698489902,0.005423479109546971,0.0,good,synthetic_demo_v1
2024-01-20T00:00:00+05:30,Load_16,load,0.018175743628744183,0.005452723088623255,0.0,good,synthetic_demo_v1
2024-01-20T00:00:00+05:30,Load_17,load,0.02563312619616855,0.0076899378588505644,0.0,good,synthetic_demo_v1
2024-01-20T00:00:00+05:30,Load_18,load,0.039241943774975425,0.011772583132492628,0.0,good,synthetic_demo_v1
2024-01-20T00:00:00+05:30,Load_19,load,0.03351417815492013,0.01005425344647604,0.0,good,synthetic_demo_v1
2024-01-20T00:00:00+05:30,Load_20,load,0.02483003528087912,0.007449010584263735,0.0,good,synthetic_demo_v1
2024-01-20T00:00:00+05:30,Load_21,load,0.044617016848900314,0.013385105054670094,0.0,good,synthetic_demo_v1
2024-01-20T00:00:00+05:30,Load_22,load,0.015465840840422131,0.0046397522521266395,0.0,good,synthetic_demo_v1
2024-01-20T00:00:00+05:30,Load_23,load,0.024886534982905096,0.007465960494871528,0.0,good,synthetic_demo_v1
2024-01-20T00:00:00+05:30,Load_24,load,0.029466776602540563,0.008840032980762169,0.0,good,synthetic_demo_v1
2024-01-20T00:00:00+05:30,Load_25,load,0.035003026820759876,0.010500908046227962,0.0,good,synthetic_demo_v1
2024-01-20T00:00:00+05:30,Load_26,load,0.05531348046748856,0.016594044140246567,0.0,good,synthetic_demo_v1
2024-01-20T00:00:00+05:30,Load_27,load,0.019179785864168294,0.005753935759250488,0.0,good,synthetic_demo_v1
2024-01-20T00:00:00+05:30,Load_28,load,0.03859258924981033,0.011577776774943099,0.0,good,synthetic_demo_v1
2024-01-20T00:00:00+05:30,Load_29,load,0.043417399571377344,0.013025219871413203,0.0,good,synthetic_demo_v1
2024-01-20T00:00:00+05:30,Load_30,load,0.00972375541076396,0.002917126623229188,0.0,good,synthetic_demo_v1
2024-01-20T00:00:00+05:30,Load_31,load,0.04435115019775754,0.013305345059327262,0.0,good,synthetic_demo_v1
2024-01-20T00:00:00+05:30,Load_32,load,0.01738084318839298,0.0052142529565178935,0.0,good,synthetic_demo_v1
2024-01-20T00:00:00+05:30,PV_5,pv,0.0,0.0,0.0,good,synthetic_demo_v1
2024-01-20T00:00:00+05:30,PV_10,pv,0.0,0.0,0.0,good,synthetic_demo_v1
2024-01-20T00:00:00+05:30,PV_17,pv,0.0,0.0,0.0,good,synthetic_demo_v1
2024-01-20T00:00:00+05:30,PV_24,pv,0.0,0.0,0.0,good,synthetic_demo_v1
2024-01-20T00:00:00+05:30,PV_30,pv,0.0,0.0,0.0,good,synthetic_demo_v1
2024-01-20T00:00:00+05:30,Battery_18,battery,0.0,0.0,0.0,good,synthetic_demo_v1
2024-01-20T01:00:00+05:30,Load_1,load,0.028718306596188636,0.00861549197885659,0.0,good,synthetic_demo_v1
2024-01-20T01:00:00+05:30,Load_2,load,0.06278956174908132,0.018836868524724396,0.0,good,synthetic_demo_v1
2024-01-20T01:00:00+05:30,Load_3,load,0.049855838735742515,0.014956751620722753,0.0,good,synthetic_demo_v1
2024-01-20T01:00:00+05:30,Load_4,load,0.04197123283813165,0.012591369851439495,0.0,good,synthetic_demo_v1
2024-01-20T01:00:00+05:30,Load_5,load,0.0157963444398863,0.004738903331965891,0.0,good,synthetic_demo_v1
2024-01-20T01:00:00+05:30,Load_6,load,0.015794918131121435,0.00473847543933643,0.0,good,synthetic_demo_v1
2024-01-20T01:00:00+05:30,Load_7,load,0.010005093445368214,0.003001528033610464,0.0,good,synthetic_demo_v1
2024-01-20T01:00:00+05:30,Load_8,load,0.05779051579505208,0.017337154738515624,0.0,good,synthetic_demo_v1
2024-01-20T01:00:00+05:30,Load_9,load,0.042116496160617196,0.01263494884818516,0.0,good,synthetic_demo_v1
2024-01-20T01:00:00+05:30,Load_10,load,0.04844128231414986,0.014532384694244957,0.0,good,synthetic_demo_v1
2024-01-20T01:00:00+05:30,Load_11,load,0.007787635529657391,0.002336290658897217,0.0,good,synthetic_demo_v1
2024-01-20T01:00:00+05:30,Load_12,load,0.06392466351385288,0.019177399054155865,0.0,good,synthetic_demo_v1
2024-01-20T01:00:00+05:30,Load_13,load,0.05579573213414183,0.01673871964024255,0.0,good,synthetic_demo_v1
2024-01-20T01:00:00+05:30,Load_14,load,0.01912677671741324,0.005738033015223972,0.0,good,synthetic_demo_v1
2024-01-20T01:00:00+05:30,Load_15,load,0.01732236549868692,0.005196709649606076,0.0,good,synthetic_demo_v1
2024-01-20T01:00:00+05:30,Load_16,load,0.01741576954504964,0.005224730863514891,0.0,good,synthetic_demo_v1
2024-01-20T01:00:00+05:30,Load_17,load,0.02456133997431888,0.007368401992295664,0.0,good,synthetic_demo_v1
2024-01-20T01:00:00+05:30,Load_18,load,0.03760113826671461,0.011280341480014382,0.0,good,synthetic_demo_v1
2024-01-20T01:00:00+05:30,Load_19,load,0.03211286509976779,0.009633859529930336,0.0,good,synthetic_demo_v1
2024-01-20T01:00:00+05:30,Load_20,load,0.02379182833341497,0.007137548500024491,0.0,good,synthetic_demo_v1
2024-01-20T01:00:00+05:30,Load_21,load,0.0427514658602022,0.012825439758060659,0.0,good,synthetic_demo_v1
2024-01-20T01:00:00+05:30,Load_22,load,0.014819174686819609,0.0044457524060458825,0.0,good,synthetic_demo_v1
2024-01-20T01:00:00+05:30,Load_23,load,0.02384596563915317,0.007153789691745951,0.0,good,synthetic_demo_v1
2024-01-20T01:00:00+05:30,Load_24,load,0.028234695703658795,0.008470408711097638,0.0,good,synthetic_demo_v1
2024-01-20T01:00:00+05:30,Load_25,load,0.0335394612149723,0.01006183836449169,0.0,good,synthetic_demo_v1
2024-01-20T01:00:00+05:30,Load_26,load,0.05300068312104291,0.015900204936312872,0.0,good,synthetic_demo_v1
2024-01-20T01:00:00+05:30,Load_27,load,0.018377830220134707,0.005513349066040412,0.0,good,synthetic_demo_v1
2024-01-20T01:00:00+05:30,Load_28,load,0.03697893490632908,0.011093680471898723,0.0,good,synthetic_demo_v1
2024-01-20T01:00:00+05:30,Load_29,load,0.041602007633108826,0.012480602289932648,0.0,good,synthetic_demo_v1
2024-01-20T01:00:00+05:30,Load_30,load,0.009317180457941752,0.0027951541373825253,0.0,good,synthetic_demo_v1
2024-01-20T01:00:00+05:30,Load_31,load,0.04249671577015944,0.012749014731047831,0.0,good,synthetic_demo_v1
2024-01-20T01:00:00+05:30,Load_32,load,0.016654105914488647,0.004996231774346594,0.0,good,synthetic_demo_v1
2024-01-20T01:00:00+05:30,PV_5,pv,0.0,0.0,0.0,good,synthetic_demo_v1
2024-01-20T01:00:00+05:30,PV_10,pv,0.0,0.0,0.0,good,synthetic_demo_v1
2024-01-20T01:00:00+05:30,PV_17,pv,0.0,0.0,0.0,good,synthetic_demo_v1
2024-01-20T01:00:00+05:30,PV_24,pv,0.0,0.0,0.0,good,synthetic_demo_v1
2024-01-20T01:00:00+05:30,PV_30,pv,0.0,0.0,0.0,good,synthetic_demo_v1
2024-01-20T01:00:00+05:30,Battery_18,battery,0.0,0.0,0.0,good,synthetic_demo_v1
2024-01-20T02:00:00+05:30,Load_1,load,0.015699986532309317,0.004709995959692795,0.0,good,synthetic_demo_v1
2024-01-20T02:00:00+05:30,Load_2,load,0.03432637194426398,0.010297911583279194,0.0,good,synthetic_demo_v1
2024-01-20T02:00:00+05:30,Load_3,load,0.027255645944389485,0.008176693783316846,0.0,good,synthetic_demo_v1
2024-01-20T02:00:00+05:30,Load_4,load,0.022945217472904133,0.0068835652418712395,0.0,good,synthetic_demo_v1
2024-01-20T02:00:00+05:30,Load_5,load,0.008635690065334418,0.0025907070196003255,0.0,good,synthetic_demo_v1
2024-01-20T02:00:00+05:30,Load_6,load,0.008634910317812597,0.0025904730953437787,0.0,good,synthetic_demo_v1
2024-01-20T02:00:00+05:30,Load_7,load,0.005469675999894231,0.0016409027999682692,0.0,good,synthetic_demo_v1
2024-01-20T02:00:00+05:30,Load_8,load,0.03159344777654615,0.009478034332963845,0.0,good,synthetic_demo_v1
2024-01-20T02:00:00+05:30,Load_9,load,0.023024631354743676,0.0069073894064231025,0.0,good,synthetic_demo_v1
2024-01-20T02:00:00+05:30,Load_10,load,0.02648232330108489,0.007944696990325467,0.0,good,synthetic_demo_v1
2024-01-20T02:00:00+05:30,Load_11,load,0.004257415823758255,0.0012772247471274764,0.0,good,synthetic_demo_v1
2024-01-20T02:00:00+05:30,Load_12,load,0.03494691975964525,0.010484075927893575,0.0,good,synthetic_demo_v1
2024-01-20T02:00:00+05:30,Load_13,load,0.03050292119879459,0.009150876359638377,0.0,good,synthetic_demo_v1
2024-01-20T02:00:00+05:30,Load_14,load,0.010456401245807732,0.0031369203737423197,0.0,good,synthetic_demo_v1
2024-01-20T02:00:00+05:30,Load_15,load,0.009469949216059195,0.0028409847648177586,0.0,good,synthetic_demo_v1
2024-01-20T02:00:00+05:30,Load_16,load,0.00952101219447842,0.002856303658343526,0.0,good,synthetic_demo_v1
2024-01-20T02:00:00+05:30,Load_17,load,0.013427417996277457,0.004028225398883237,0.0,good,synthetic_demo_v1
2024-01-20T02:00:00+05:30,Load_18,load,0.02055613419996243,0.006166840259988728,0.0,good,synthetic_demo_v1
2024-01-20T02:00:00+05:30,Load_19,load,0.01755575482459441,0.005266726447378323,0.0,good,synthetic_demo_v1
2024-01-20T02:00:00+05:30,Load_20,load,0.01300673433381353,0.003902020300144059,0.0,good,synthetic_demo_v1
2024-01-20T02:00:00+05:30,Load_21,load,0.0233717623980912,0.00701152871942736,0.0,good,synthetic_demo_v1
2024-01-20T02:00:00+05:30,Load_22,load,0.00810148196669384,0.002430444590008152,0.0,good,synthetic_demo_v1
2024-01-20T02:00:00+05:30,Load_23,load,0.013036330611300797,0.0039108991833902386,0.0,good,synthetic_demo_v1
2024-01-20T02:00:00+05:30,Load_24,load,0.015435601706060394,0.004630680511818118,0.0,good,synthetic_demo_v1
2024-01-20T02:00:00+05:30,Load_25,load,0.01833565943772812,0.005500697831318436,0.0,good,synthetic_demo_v1
2024-01-20T02:00:00+05:30,Load_26,load,0.028974898238394088,0.008692469471518227,0.0,good,synthetic_demo_v1
2024-01-20T02:00:00+05:30,Load_27,load,0.010046960324167395,0.0030140880972502186,0.0,good,synthetic_demo_v1
2024-01-20T02:00:00+05:30,Load_28,load,0.02021598237570038,0.006064794712710114,0.0,good,synthetic_demo_v1
2024-01-20T02:00:00+05:30,Load_29,load,0.022743366060571316,0.006823009818171395,0.0,good,synthetic_demo_v1
2024-01-20T02:00:00+05:30,Load_30,load,0.005093601435684742,0.0015280804307054227,0.0,good,synthetic_demo_v1
2024-01-20T02:00:00+05:30,Load_31,load,0.023232493288703436,0.006969747986611031,0.0,good,synthetic_demo_v1
2024-01-20T02:00:00+05:30,Load_32,load,0.009104618954093405,0.0027313856862280213,0.0,good,synthetic_demo_v1
2024-01-20T02:00:00+05:30,PV_5,pv,0.0,0.0,0.0,good,synthetic_demo_v1
2024-01-20T02:00:00+05:30,PV_10,pv,0.0,0.0,0.0,good,synthetic_demo_v1
2024-01-20T02:00:00+05:30,PV_17,pv,0.0,0.0,0.0,good,synthetic_demo_v1
2024-01-20T02:00:00+05:30,PV_24,pv,0.0,0.0,0.0,good,synthetic_demo_v1
2024-01-20T02:00:00+05:30,PV_30,pv,0.0,0.0,0.0,good,synthetic_demo_v1
2024-01-20T02:00:00+05:30,Battery_18,battery,0.0,0.0,0.0,good,synthetic_demo_v1
2024-01-20T03:00:00+05:30,Load_1,load,0.015460753335136721,0.0046382260005410165,0.0,good,synthetic_demo_v1
2024-01-20T03:00:00+05:30,Load_2,load,0.03380331367980864,0.010140994103942593,0.0,good,synthetic_demo_v1
2024-01-20T03:00:00+05:30,Load_3,load,0.026840329962629753,0.008052098988788926,0.0,good,synthetic_demo_v1
2024-01-20T03:00:00+05:30,Load_4,load,0.022595582922290545,0.006778674876687163,0.0,good,synthetic_demo_v1
2024-01-20T03:00:00+05:30,Load_5,load,0.00850410117894461,0.0025512303536833827,0.0,good,synthetic_demo_v1
2024-01-20T03:00:00+05:30,Load_6,load,0.008503333313056714,0.002550999993917014,0.0,good,synthetic_demo_v1
2024-01-20T03:00:00+05:30,Load_7,load,0.005386330191013436,0.0016158990573040307,0.0,good,synthetic_demo_v1
2024-01-20T03:00:00+05:30,Load_8,load,0.031112033253945483,0.009333609976183644,0.0,good,synthetic_demo_v1
2024-01-20T03:00:00+05:30,Load_9,load,0.02267378671157279,0.006802136013471838,0.0,good,synthetic_demo_v1
2024-01-20T03:00:00+05:30,Load_10,load,0.02607879105226168,0.007823637315678504,0.0,good,synthetic_demo_v1
2024-01-20T03:00:00+05:30,Load_11,load,0.004192542188541125,0.0012577626565623374,0.0,good,synthetic_demo_v1
2024-01-20T03:00:00+05:30,Load_12,load,0.03441440571396572,0.010324321714189717,0.0,good,synthetic_demo_v1
2024-01-20T03:00:00+05:30,Load_13,load,0.030038123898078816,0.009011437169423644,0.0,good,synthetic_demo_v1
2024-01-20T03:00:00+05:30,Load_14,load,0.010297068733273013,0.003089120619981904,0.0,good,synthetic_demo_v1
2024-01-20T03:00:00+05:30,Load_15,load,0.009325648058643698,0.0027976944175931093,0.0,good,synthetic_demo_v1
2024-01-20T03:00:00+05:30,Load_16,load,0.009375932949797735,0.0028127798849393207,0.0,good,synthetic_demo_v1
2024-01-20T03:00:00+05:30,Load_17,load,0.013222813735604258,0.003966844120681277,0.0,good,synthetic_demo_v1
2024-01-20T03:00:00+05:30,Load_18,load,0.020242904013678783,0.006072871204103635,0.0,good,synthetic_demo_v1
2024-01-20T03:00:00+05:30,Load_19,load,0.017288243808147176,0.005186473142444152,0.0,good,synthetic_demo_v1
2024-01-20T03:00:00+05:30,Load_20,load,0.01280854036510857,0.003842562109532571,0.0,good,synthetic_demo_v1
2024-01-20T03:00:00+05:30,Load_21,load,0.023015628242781756,0.006904688472834527,0.0,good,synthetic_demo_v1
2024-01-20T03:00:00+05:30,Load_22,load,0.007978033234509277,0.002393409970352783,0.0,good,synthetic_demo_v1
2024-01-20T03:00:00+05:30,Load_23,load,0.012837685660547342,0.0038513056981642024,0.0,good,synthetic_demo_v1
2024-01-20T03:00:00+05:30,Load_24,load,0.015200397151023082,0.004560119145306924,0.0,good,synthetic_demo_v1
2024-01-20T03:00:00+05:30,Load_25,load,0.01805626439362865,0.005416879318088595,0.0,good,synthetic_demo_v1
2024-01-20T03:00:00+05:30,Load_26,load,0.02853338464033739,0.008560015392101217,0.0,good,synthetic_demo_v1
2024-01-20T03:00:00+05:30,Load_27,load,0.009893866789006047,0.002968160036701814,0.0,good,synthetic_demo_v1
2024-01-20T03:00:00+05:30,Load_28,load,0.019907935353636327,0.005972380606090898,0.0,good,synthetic_demo_v1
2024-01-20T03:00:00+05:30,Load_29,load,0.0223968072806679,0.00671904218420037,0.0,good,synthetic_demo_v1
2024-01-20T03:00:00+05:30,Load_30,load,0.005015986174418493,0.0015047958523255478,0.0,good,synthetic_demo_v1
2024-01-20T03:00:00+05:30,Load_31,load,0.022878481287717987,0.006863544386315396,0.0,good,synthetic_demo_v1
2024-01-20T03:00:00+05:30,Load_32,load,0.008965884624803149,0.0026897653874409446,0.0,good,synthetic_demo_v1
2024-01-20T03:00:00+05:30,PV_5,pv,0.0,0.0,0.0,good,synthetic_demo_v1
2024-01-20T03:00:00+05:30,PV_10,pv,0.0,0.0,0.0,good,synthetic_demo_v1
2024-01-20T03:00:00+05:30,PV_17,pv,0.0,0.0,0.0,good,synthetic_demo_v1
2024-01-20T03:00:00+05:30,PV_24,pv,0.0,0.0,0.0,good,synthetic_demo_v1
2024-01-20T03:00:00+05:30,PV_30,pv,0.0,0.0,0.0,good,synthetic_demo_v1
2024-01-20T03:00:00+05:30,Battery_18,battery,0.0,0.0,0.0,good,synthetic_demo_v1
2024-01-20T04:00:00+05:30,Load_1,load,0.014885771353401859,0.004465731406020557,0.0,good,synthetic_demo_v1
2024-01-20T04:00:00+05:30,Load_2,load,0.032546175953883615,0.009763852786165084,0.0,good,synthetic_demo_v1
2024-01-20T04:00:00+05:30,Load_3,load,0.025842144054233074,0.007752643216269922,0.0,good,synthetic_demo_v1
2024-01-20T04:00:00+05:30,Load_4,load,0.02175525821330067,0.0065265774639902,0.0,good,synthetic_demo_v1
2024-01-20T04:00:00+05:30,Load_5,load,0.00818783554539163,0.002456350663617489,0.0,good,synthetic_demo_v1
2024-01-20T04:00:00+05:30,Load_6,load,0.008187096236265514,0.002456128870879654,0.0,good,synthetic_demo_v1
2024-01-20T04:00:00+05:30,Load_7,load,0.005186013767849969,0.0015558041303549907,0.0,good,synthetic_demo_v1
2024-01-20T04:00:00+05:30,Load_8,load,0.029954983649156847,0.008986495094747055,0.0,good,synthetic_demo_v1
2024-01-20T04:00:00+05:30,Load_9,load,0.021830553621033456,0.006549166086310037,0.0,good,synthetic_demo_v1
2024-01-20T04:00:00+05:30,Load_10,load,0.02510892660675624,0.007532677982026871,0.0,good,synthetic_demo_v1
2024-01-20T04:00:00+05:30,Load_11,load,0.004036622475974734,0.00121098674279242,0.0,good,synthetic_demo_v1
2024-01-20T04:00:00+05:30,Load_12,load,0.033134541611052094,0.009940362483315628,0.0,good,synthetic_demo_v1
2024-01-20T04:00:00+05:30,Load_13,load,0.028921012743652524,0.008676303823095756,0.0,good,synthetic_demo_v1
2024-01-20T04:00:00+05:30,Load_14,load,0.009914123034704628,0.0029742369104113885,0.0,good,synthetic_demo_v1
2024-01-20T04:00:00+05:30,Load_15,load,0.00897882927915158,0.0026936487837454738,0.0,good,synthetic_demo_v1
2024-01-20T04:00:00+05:30,Load_16,load,0.009027244086375013,0.002708173225912504,0.0,good,synthetic_demo_v1
2024-01-20T04:00:00+05:30,Load_17,load,0.012731060230389859,0.0038193180691169573,0.0,good,synthetic_demo_v1
2024-01-20T04:00:00+05:30,Load_18,load,0.019490074910623264,0.005847022473186979,0.0,good,synthetic_demo_v1
2024-01-20T04:00:00+05:30,Load_19,load,0.01664529786172082,0.004993589358516246,0.0,good,synthetic_demo_v1
2024-01-20T04:00:00+05:30,Load_20,load,0.012332193594506918,0.003699658078352075,0.0,good,synthetic_demo_v1
2024-01-20T04:00:00+05:30,Load_21,load,0.02215968214164111,0.006647904642492332,0.0,good,synthetic_demo_v1
2024-01-20T04:00:00+05:30,Load_22,load,0.007681331950937304,0.002304399585281191,0.0,good,synthetic_demo_v1
2024-01-20T04:00:00+05:30,Load_23,load,0.012360254982883312,0.0037080764948649934,0.0,good,synthetic_demo_v1
2024-01-20T04:00:00+05:30,Load_24,load,0.014635097757934038,0.004390529327380211,0.0,good,synthetic_demo_v1
2024-01-20T04:00:00+05:30,Load_25,load,0.017384755932253575,0.005215426779676072,0.0,good,synthetic_demo_v1
2024-01-20T04:00:00+05:30,Load_26,load,0.027472234404609937,0.00824167032138298,0.0,good,synthetic_demo_v1
2024-01-20T04:00:00+05:30,Load_27,load,0.00952591608116862,0.0028577748243505856,0.0,good,synthetic_demo_v1
2024-01-20T04:00:00+05:30,Load_28,load,0.019167563660630323,0.005750269098189097,0.0,good,synthetic_demo_v1
2024-01-20T04:00:00+05:30,Load_29,load,0.021563874993629484,0.006469162498088845,0.0,good,synthetic_demo_v1
2024-01-20T04:00:00+05:30,Load_30,load,0.004829442762955658,0.0014488328288866973,0.0,good,synthetic_demo_v1
2024-01-20T04:00:00+05:30,Load_31,load,0.02202763565136726,0.0066082906954101775,0.0,good,synthetic_demo_v1
2024-01-20T04:00:00+05:30,Load_32,load,0.008632445367489633,0.00258973361024689,0.0,good,synthetic_demo_v1
2024-01-20T04:00:00+05:30,PV_5,pv,0.0,0.0,0.0,good,synthetic_demo_v1
2024-01-20T04:00:00+05:30,PV_10,pv,0.0,0.0,0.0,good,synthetic_demo_v1
2024-01-20T04:00:00+05:30,PV_17,pv,0.0,0.0,0.0,good,synthetic_demo_v1
2024-01-20T04:00:00+05:30,PV_24,pv,0.0,0.0,0.0,good,synthetic_demo_v1
2024-01-20T04:00:00+05:30,PV_30,pv,0.0,0.0,0.0,good,synthetic_demo_v1
2024-01-20T04:00:00+05:30,Battery_18,battery,0.0,0.0,0.0,good,synthetic_demo_v1
2024-01-20T05:00:00+05:30,Load_1,load,0.01534874866603089,0.004604624599809267,0.0,good,synthetic_demo_v1
2024-01-20T05:00:00+05:30,Load_2,load,0.03355842723208406,0.010067528169625218,0.0,good,synthetic_demo_v1
2024-01-20T05:00:00+05:30,Load_3,load,0.026645886508873617,0.007993765952662085,0.0,good,synthetic_demo_v1
2024-01-20T05:00:00+05:30,Load_4,load,0.02243189033024117,0.006729567099072351,0.0,good,synthetic_demo_v1
2024-01-20T05:00:00+05:30,Load_5,load,0.00844249363512425,0.002532748090537275,0.0,good,synthetic_demo_v1
2024-01-20T05:00:00+05:30,Load_6,load,0.008441731332003112,0.0025325193996009335,0.0,good,synthetic_demo_v1
2024-01-20T05:00:00+05:30,Load_7,load,0.005347309186172221,0.0016041927558516661,0.0,good,synthetic_demo_v1
2024-01-20T05:00:00+05:30,Load_8,load,0.030886643655244732,0.00926599309657342,0.0,good,synthetic_demo_v1
2024-01-20T05:00:00+05:30,Load_9,load,0.02250952757600827,0.006752858272802481,0.0,good,synthetic_demo_v1
2024-01-20T05:00:00+05:30,Load_10,load,0.025889864529784253,0.007766959358935276,0.0,good,synthetic_demo_v1
2024-01-20T05:00:00+05:30,Load_11,load,0.004162169522322294,0.0012486508566966882,0.0,good,synthetic_demo_v1
2024-01-20T05:00:00+05:30,Load_12,load,0.03416509223997694,0.010249527671993082,0.0,good,synthetic_demo_v1
2024-01-20T05:00:00+05:30,Load_13,load,0.029820514183025785,0.008946154254907735,0.0,good,synthetic_demo_v1
2024-01-20T05:00:00+05:30,Load_14,load,0.01022247212395973,0.0030667416371879187,0.0,good,synthetic_demo_v1
2024-01-20T05:00:00+05:30,Load_15,load,0.009258088858754517,0.002777426657626355,0.0,good,synthetic_demo_v1
2024-01-20T05:00:00+05:30,Load_16,load,0.009308009463481325,0.0027924028390443976,0.0,good,synthetic_demo_v1
2024-01-20T05:00:00+05:30,Load_17,load,0.013127021710144633,0.00393810651304339,0.0,good,synthetic_demo_v1
2024-01-20T05:00:00+05:30,Load_18,load,0.02009625528857168,0.006028876586571504,0.0,good,synthetic_demo_v1
2024-01-20T05:00:00+05:30,Load_19,load,0.01716299997395756,0.005148899992187267,0.0,good,synthetic_demo_v1
2024-01-20T05:00:00+05:30,Load_20,load,0.012715749522759232,0.0038147248568277696,0.0,good,synthetic_demo_v1
2024-01-20T05:00:00+05:30,Load_21,load,0.022848892653013497,0.0068546677959040484,0.0,good,synthetic_demo_v1
2024-01-20T05:00:00+05:30,Load_22,load,0.007920236764106005,0.0023760710292318014,0.0,good,synthetic_demo_v1
2024-01-20T05:00:00+05:30,Load_23,load,0.012744683676534927,0.003823405102960478,0.0,good,synthetic_demo_v1
2024-01-20T05:00:00+05:30,Load_24,load,0.015090278619521235,0.004527083585856371,0.0,good,synthetic_demo_v1
2024-01-20T05:00:00+05:30,Load_25,load,0.017925456671982927,0.005377637001594878,0.0,good,synthetic_demo_v1
2024-01-20T05:00:00+05:30,Load_26,load,0.02832667593502176,0.008498002780506528,0.0,good,synthetic_demo_v1
2024-01-20T05:00:00+05:30,Load_27,load,0.009822191156398848,0.002946657346919654,0.0,good,synthetic_demo_v1
2024-01-20T05:00:00+05:30,Load_28,load,0.01976371329255494,0.005929113987766482,0.0,good,synthetic_demo_v1
2024-01-20T05:00:00+05:30,Load_29,load,0.02223455470900328,0.006670366412700984,0.0,good,synthetic_demo_v1
2024-01-20T05:00:00+05:30,Load_30,load,0.0049796481086381945,0.0014938944325914583,0.0,good,synthetic_demo_v1
2024-01-20T05:00:00+05:30,Load_31,load,0.022712739252337917,0.006813821775701375,0.0,good,synthetic_demo_v1
2024-01-20T05:00:00+05:30,Load_32,load,0.008900931713462153,0.0026702795140386456,0.0,good,synthetic_demo_v1
2024-01-20T05:00:00+05:30,PV_5,pv,0.0,0.0,0.0,good,synthetic_demo_v1
2024-01-20T05:00:00+05:30,PV_10,pv,0.0,0.0,0.0,good,synthetic_demo_v1
2024-01-20T05:00:00+05:30,PV_17,pv,0.0,0.0,0.0,good,synthetic_demo_v1
2024-01-20T05:00:00+05:30,PV_24,pv,0.0,0.0,0.0,good,synthetic_demo_v1
2024-01-20T05:00:00+05:30,PV_30,pv,0.0,0.0,0.0,good,synthetic_demo_v1
2024-01-20T05:00:00+05:30,Battery_18,battery,0.0,0.0,0.0,good,synthetic_demo_v1
2024-01-20T06:00:00+05:30,Load_1,load,0.02857165433834287,0.00857149630150286,0.0,good,synthetic_demo_v1
2024-01-20T06:00:00+05:30,Load_2,load,0.062468921986816535,0.01874067659604496,0.0,good,synthetic_demo_v1
2024-01-20T06:00:00+05:30,Load_3,load,0.049601246032203325,0.014880373809660997,0.0,good,synthetic_demo_v1
2024-01-20T06:00:00+05:30,Load_4,load,0.04175690348554026,0.012527071045662077,0.0,good,synthetic_demo_v1
2024-01-20T06:00:00+05:30,Load_5,load,0.015715679183038386,0.004714703754911516,0.0,good,synthetic_demo_v1
2024-01-20T06:00:00+05:30,Load_6,load,0.015714260157829743,0.004714278047348923,0.0,good,synthetic_demo_v1
2024-01-20T06:00:00+05:30,Load_7,load,0.009954001660453713,0.002986200498136114,0.0,good,synthetic_demo_v1
2024-01-20T06:00:00+05:30,Load_8,load,0.057495404048298164,0.01724862121448945,0.0,good,synthetic_demo_v1
2024-01-20T06:00:00+05:30,Load_9,load,0.04190142500961393,0.012570427502884177,0.0,good,synthetic_demo_v1
2024-01-20T06:00:00+05:30,Load_10,load,0.04819391315258317,0.014458173945774951,0.0,good,synthetic_demo_v1
2024-01-20T06:00:00+05:30,Load_11,load,0.007747867365407214,0.0023243602096221644,0.0,good,synthetic_demo_v1
2024-01-20T06:00:00+05:30,Load_12,load,0.06359822726647396,0.01907946817994219,0.0,good,synthetic_demo_v1
2024-01-20T06:00:00+05:30,Load_13,load,0.05551080690471638,0.016653242071414914,0.0,good,synthetic_demo_v1
2024-01-20T06:00:00+05:30,Load_14,load,0.019029104350084564,0.0057087313050253686,0.0,good,synthetic_demo_v1
2024-01-20T06:00:00+05:30,Load_15,load,0.01723390749705986,0.005170172249117959,0.0,good,synthetic_demo_v1
2024-01-20T06:00:00+05:30,Load_16,load,0.017326834568422496,0.005198050370526748,0.0,good,synthetic_demo_v1
2024-01-20T06:00:00+05:30,Load_17,load,0.024435915588626535,0.00733077467658796,0.0,good,synthetic_demo_v1
2024-01-20T06:00:00+05:30,Load_18,load,0.03740912514066502,0.011222737542199506,0.0,good,synthetic_demo_v1
2024-01-20T06:00:00+05:30,Load_19,load,0.03194887826589916,0.009584663479769747,0.0,good,synthetic_demo_v1
2024-01-20T06:00:00+05:30,Load_20,load,0.023670333518541826,0.0071011000555625476,0.0,good,synthetic_demo_v1
2024-01-20T06:00:00+05:30,Load_21,load,0.04253315218722794,0.012759945656168382,0.0,good,synthetic_demo_v1
2024-01-20T06:00:00+05:30,Load_22,load,0.014743499423030855,0.004423049826909256,0.0,good,synthetic_demo_v1
2024-01-20T06:00:00+05:30,Load_23,load,0.02372419436793349,0.007117258310380047,0.0,good,synthetic_demo_v1
2024-01-20T06:00:00+05:30,Load_24,load,0.02809051304230789,0.008427153912692368,0.0,good,synthetic_demo_v1
2024-01-20T06:00:00+05:30,Load_25,load,0.03336818935750286,0.010010456807250857,0.0,good,synthetic_demo_v1
2024-01-20T06:00:00+05:30,Load_26,load,0.052730031025974726,0.01581900930779242,0.0,good,synthetic_demo_v1
2024-01-20T06:00:00+05:30,Load_27,load,0.01828398240612583,0.005485194721837749,0.0,good,synthetic_demo_v1
2024-01-20T06:00:00+05:30,Load_28,load,0.03679009910995018,0.011037029732985053,0.0,good,synthetic_demo_v1
2024-01-20T06:00:00+05:30,Load_29,load,0.041389563757635965,0.01241686912729079,0.0,good,synthetic_demo_v1
2024-01-20T06:00:00+05:30,Load_30,load,0.009269601553999867,0.00278088046619996,0.0,good,synthetic_demo_v1
2024-01-20T06:00:00+05:30,Load_31,load,0.04227970299825907,0.01268391089947772,0.0,good,synthetic_demo_v1
2024-01-20T06:00:00+05:30,Load_32,load,0.016569060432207794,0.004970718129662338,0.0,good,synthetic_demo_v1
2024-01-20T06:00:00+05:30,PV_5,pv,0.0,0.0,0.04405163405533055,good,synthetic_demo_v1
2024-01-20T06:00:00+05:30,PV_10,pv,0.0,0.0,0.06393471591909616,good,synthetic_demo_v1
2024-01-20T06:00:00+05:30,PV_17,pv,0.0,0.0,0.04403285918840988,good,synthetic_demo_v1
2024-01-20T06:00:00+05:30,PV_24,pv,0.0,0.0,0.05594732637653097,good,synthetic_demo_v1
2024-01-20T06:00:00+05:30,PV_30,pv,0.0,0.0,0.02839413850648535,good,synthetic_demo_v1
2024-01-20T06:00:00+05:30,Battery_18,battery,0.0,0.0,0.0,good,synthetic_demo_v1
2024-01-20T07:00:00+05:30,Load_1,load,0.042850636437792744,0.012855190931337824,0.0,good,synthetic_demo_v1
2024-01-20T07:00:00+05:30,Load_2,load,0.09368841695405891,0.028106525086217672,0.0,good,synthetic_demo_v1
2024-01-20T07:00:00+05:30,Load_3,load,0.07438998580264668,0.022316995740794,0.0,good,synthetic_demo_v1
2024-01-20T07:00:00+05:30,Load_4,load,0.06262535129530986,0.018787605388592955,0.0,good,synthetic_demo_v1
2024-01-20T07:00:00+05:30,Load_5,load,0.023569753682118208,0.007070926104635462,0.0,good,synthetic_demo_v1
2024-01-20T07:00:00+05:30,Load_6,load,0.023567625484268988,0.007070287645280696,0.0,good,synthetic_demo_v1
2024-01-20T07:00:00+05:30,Load_7,load,0.014928617755286271,0.004478585326585881,0.0,good,synthetic_demo_v1
2024-01-20T07:00:00+05:30,Load_8,load,0.0862293315795628,0.02586879947386884,0.0,good,synthetic_demo_v1
2024-01-20T07:00:00+05:30,Load_9,load,0.06284209895759715,0.018852629687279146,0.0,good,synthetic_demo_v1
2024-01-20T07:00:00+05:30,Load_10,load,0.07227932364576113,0.02168379709372834,0.0,good,synthetic_demo_v1
2024-01-20T07:00:00+05:30,Load_11,load,0.01161994484854738,0.0034859834545642138,0.0,good,synthetic_demo_v1
2024-01-20T07:00:00+05:30,Load_12,load,0.09538210431961475,0.028614631295884423,0.0,good,synthetic_demo_v1
2024-01-20T07:00:00+05:30,Load_13,load,0.08325291132513671,0.024975873397541013,0.0,good,synthetic_demo_v1
2024-01-20T07:00:00+05:30,Load_14,load,0.028539097617040085,0.008561729285112025,0.0,good,synthetic_demo_v1
2024-01-20T07:00:00+05:30,Load_15,load,0.025846732422771364,0.0077540197268314084,0.0,good,synthetic_demo_v1
2024-01-20T07:00:00+05:30,Load_16,load,0.02598610076676135,0.007795830230028404,0.0,good,synthetic_demo_v1
2024-01-20T07:00:00+05:30,Load_17,load,0.03664801913509214,0.010994405740527643,0.0,good,synthetic_demo_v1
2024-01-20T07:00:00+05:30,Load_18,load,0.05610472539937294,0.01683141761981188,0.0,good,synthetic_demo_v1
2024-01-20T07:00:00+05:30,Load_19,load,0.04791566322885683,0.014374698968657047,0.0,good,synthetic_demo_v1
2024-01-20T07:00:00+05:30,Load_20,load,0.03549982944470842,0.010649948833412526,0.0,good,synthetic_demo_v1
2024-01-20T07:00:00+05:30,Load_21,load,0.06378953837763393,0.01913686151329018,0.0,good,synthetic_demo_v1
2024-01-20T07:00:00+05:30,Load_22,load,0.02211171695260486,0.006633515085781458,0.0,good,synthetic_demo_v1
2024-01-20T07:00:00+05:30,Load_23,load,0.035580607815053455,0.010674182344516036,0.0,good,synthetic_demo_v1
2024-01-20T07:00:00+05:30,Load_24,load,0.042129039763429535,0.01263871192902886,0.0,good,synthetic_demo_v1
2024-01-20T07:00:00+05:30,Load_25,load,0.050044289834031,0.0150132869502093,0.0,good,synthetic_demo_v1
2024-01-20T07:00:00+05:30,Load_26,load,0.07908241371292693,0.02372472411387808,0.0,good,synthetic_demo_v1
2024-01-20T07:00:00+05:30,Load_27,load,0.027421593214099416,0.008226477964229824,0.0,good,synthetic_demo_v1
2024-01-20T07:00:00+05:30,Load_28,load,0.05517633465680069,0.016552900397040205,0.0,good,synthetic_demo_v1
2024-01-20T07:00:00+05:30,Load_29,load,0.06207442970906973,0.018622328912720917,0.0,good,synthetic_demo_v1
2024-01-20T07:00:00+05:30,Load_30,load,0.013902181561135487,0.004170654468340646,0.0,good,synthetic_demo_v1
2024-01-20T07:00:00+05:30,Load_31,load,0.06340942531440875,0.019022827594322625,0.0,good,synthetic_demo_v1
2024-01-20T07:00:00+05:30,Load_32,load,0.02484962110659261,0.007454886331977782,0.0,good,synthetic_demo_v1
2024-01-20T07:00:00+05:30,PV_5,pv,0.0,0.0,0.07012301515920848,good,synthetic_demo_v1
2024-01-20T07:00:00+05:30,PV_10,pv,0.0,0.0,0.12659094673955412,good,synthetic_demo_v1
2024-01-20T07:00:00+05:30,PV_17,pv,0.0,0.0,0.09227961354515078,good,synthetic_demo_v1
2024-01-20T07:00:00+05:30,PV_24,pv,0.0,0.0,0.12705836895469164,good,synthetic_demo_v1
2024-01-20T07:00:00+05:30,PV_30,pv,0.0,0.0,0.06025612339091704,good,synthetic_demo_v1
2024-01-20T07:00:00+05:30,Battery_18,battery,0.0,0.0,0.0,good,synthetic_demo_v1
2024-01-20T08:00:00+05:30,Load_1,load,0.0470557311559304,0.014116719346779119,0.0,good,synthetic_demo_v1
2024-01-20T08:00:00+05:30,Load_2,load,0.1028824149908471,0.03086472449725413,0.0,good,synthetic_demo_v1
2024-01-20T08:00:00+05:30,Load_3,load,0.08169015593746294,0.02450704678123888,0.0,good,synthetic_demo_v1
2024-01-20T08:00:00+05:30,Load_4,load,0.06877101343350767,0.0206313040300523,0.0,good,synthetic_demo_v1
2024-01-20T08:00:00+05:30,Load_5,load,0.025882742588604242,0.007764822776581273,0.0,good,synthetic_demo_v1
2024-01-20T08:00:00+05:30,Load_6,load,0.025880405542665963,0.007764121662799789,0.0,good,synthetic_demo_v1
2024-01-20T08:00:00+05:30,Load_7,load,0.01639361937230972,0.004918085811692916,0.0,good,synthetic_demo_v1
2024-01-20T08:00:00+05:30,Load_8,load,0.09469134140992223,0.02840740242297667,0.0,good,synthetic_demo_v1
2024-01-20T08:00:00+05:30,Load_9,load,0.06900903136213456,0.020702709408640368,0.0,good,synthetic_demo_v1
2024-01-20T08:00:00+05:30,Load_10,load,0.07937236653520784,0.02381170996056235,0.0,good,synthetic_demo_v1
2024-01-20T08:00:00+05:30,Load_11,load,0.012760253902734076,0.0038280761708202227,0.0,good,synthetic_demo_v1
2024-01-20T08:00:00+05:30,Load_12,load,0.10474231029138693,0.031422693087416076,0.0,good,synthetic_demo_v1
2024-01-20T08:00:00+05:30,Load_13,load,0.09142283379971053,0.027426850139913157,0.0,good,synthetic_demo_v1
2024-01-20T08:00:00+05:30,Load_14,load,0.03133974700352121,0.009401924101056364,0.0,good,synthetic_demo_v1
2024-01-20T08:00:00+05:30,Load_15,load,0.028383169848850157,0.008514950954655046,0.0,good,synthetic_demo_v1
2024-01-20T08:00:00+05:30,Load_16,load,0.028536214934562258,0.008560864480368677,0.0,good,synthetic_demo_v1
2024-01-20T08:00:00+05:30,Load_17,load,0.040244427601951356,0.012073328280585407,0.0,good,synthetic_demo_v1
2024-01-20T08:00:00+05:30,Load_18,load,0.06161049390253077,0.01848314817075923,0.0,good,synthetic_demo_v1
2024-01-20T08:00:00+05:30,Load_19,load,0.052617808146873064,0.01578534244406192,0.0,good,synthetic_demo_v1
2024-01-20T08:00:00+05:30,Load_20,load,0.03898356172274458,0.011695068516823373,0.0,good,synthetic_demo_v1
2024-01-20T08:00:00+05:30,Load_21,load,0.07004944658911731,0.021014833976735193,0.0,good,synthetic_demo_v1
2024-01-20T08:00:00+05:30,Load_22,load,0.024281623210621293,0.007284486963186388,0.0,good,synthetic_demo_v1
2024-01-20T08:00:00+05:30,Load_23,load,0.03907226717951622,0.011721680153854866,0.0,good,synthetic_demo_v1
2024-01-20T08:00:00+05:30,Load_24,load,0.04626332147582816,0.013878996442748447,0.0,good,synthetic_demo_v1
2024-01-20T08:00:00+05:30,Load_25,load,0.054955324916544555,0.016486597474963366,0.0,good,synthetic_demo_v1
2024-01-20T08:00:00+05:30,Load_26,load,0.08684306951286061,0.026052920853858182,0.0,good,synthetic_demo_v1
2024-01-20T08:00:00+05:30,Load_27,load,0.030112577674853636,0.00903377330245609,0.0,good,synthetic_demo_v1
2024-01-20T08:00:00+05:30,Load_28,load,0.06059099667164239,0.018177299001492717,0.0,good,synthetic_demo_v1
2024-01-20T08:00:00+05:30,Load_29,load,0.06816602783223781,0.020449808349671344,0.0,good,synthetic_demo_v1
2024-01-20T08:00:00+05:30,Load_30,load,0.015266455119550172,0.004579936535865052,0.0,good,synthetic_demo_v1
2024-01-20T08:00:00+05:30,Load_31,load,0.06963203159604135,0.020889609478812406,0.0,good,synthetic_demo_v1
2024-01-20T08:00:00+05:30,Load_32,load,0.027288208235041734,0.00818646247051252,0.0,good,synthetic_demo_v1
2024-01-20T08:00:00+05:30,PV_5,pv,0.0,0.0,0.1142660357214403,good,synthetic_demo_v1
2024-01-20T08:00:00+05:30,PV_10,pv,0.0,0.0,0.23350595252300393,good,synthetic_demo_v1
2024-01-20T08:00:00+05:30,PV_17,pv,0.0,0.0,0.14675800315660983,good,synthetic_demo_v1
2024-01-20T08:00:00+05:30,PV_24,pv,0.0,0.0,0.22460261747857088,good,synthetic_demo_v1
2024-01-20T08:00:00+05:30,PV_30,pv,0.0,0.0,0.09669433742465042,good,synthetic_demo_v1
2024-01-20T08:00:00+05:30,Battery_18,battery,0.0,0.0,0.0,good,synthetic_demo_v1
2024-01-20T09:00:00+05:30,Load_1,load,0.046089545034584,0.013826863510375199,0.0,good,synthetic_demo_v1
2024-01-20T09:00:00+05:30,Load_2,load,0.10076995049283814,0.03023098514785144,0.0,good,synthetic_demo_v1
2024-01-20T09:00:00+05:30,Load_3,load,0.0800128279483206,0.02400384838449618,0.0,good,synthetic_demo_v1
2024-01-20T09:00:00+05:30,Load_4,load,0.06735895166976207,0.020207685500928618,0.0,good,synthetic_demo_v1
2024-01-20T09:00:00+05:30,Load_5,load,0.025351297299004504,0.007605389189701351,0.0,good,synthetic_demo_v1
2024-01-20T09:00:00+05:30,Load_6,load,0.02534900823917323,0.007604702471751969,0.0,good,synthetic_demo_v1
2024-01-20T09:00:00+05:30,Load_7,load,0.016057012393158255,0.004817103717947476,0.0,good,synthetic_demo_v1
2024-01-20T09:00:00+05:30,Load_8,load,0.09274706262316258,0.027824118786948775,0.0,good,synthetic_demo_v1
2024-01-20T09:00:00+05:30,Load_9,load,0.0675920824228288,0.020277624726848638,0.0,good,synthetic_demo_v1
2024-01-20T09:00:00+05:30,Load_10,load,0.07774262926238529,0.023322788778715586,0.0,good,synthetic_demo_v1
2024-01-20T09:00:00+05:30,Load_11,load,0.012498250105899562,0.0037494750317698684,0.0,good,synthetic_demo_v1
2024-01-20T09:00:00+05:30,Load_12,load,0.10259165692706147,0.03077749707811844,0.0,good,synthetic_demo_v1
2024-01-20T09:00:00+05:30,Load_13,load,0.08954566664022615,0.026863699992067842,0.0,good,synthetic_demo_v1
2024-01-20T09:00:00+05:30,Load_14,load,0.030696254109935744,0.009208876232980723,0.0,good,synthetic_demo_v1
2024-01-20T09:00:00+05:30,Load_15,load,0.027800383775525683,0.008340115132657705,0.0,good,synthetic_demo_v1
2024-01-20T09:00:00+05:30,Load_16,load,0.02795028641643621,0.008385085924930863,0.0,good,synthetic_demo_v1
2024-01-20T09:00:00+05:30,Load_17,load,0.039418096643843714,0.011825428993153114,0.0,good,synthetic_demo_v1
2024-01-20T09:00:00+05:30,Load_18,load,0.06034545768535533,0.018103637305606598,0.0,good,synthetic_demo_v1
2024-01-20T09:00:00+05:30,Load_19,load,0.051537416986894895,0.015461225096068468,0.0,good,synthetic_demo_v1
2024-01-20T09:00:00+05:30,Load_20,load,0.038183119877045625,0.011454935963113687,0.0,good,synthetic_demo_v1
2024-01-20T09:00:00+05:30,Load_21,load,0.06861113500751369,0.020583340502254105,0.0,good,synthetic_demo_v1
2024-01-20T09:00:00+05:30,Load_22,load,0.02378305339194984,0.0071349160175849516,0.0,good,synthetic_demo_v1
2024-01-20T09:00:00+05:30,Load_23,load,0.03827000396202865,0.011481001188608593,0.0,good,synthetic_demo_v1
2024-01-20T09:00:00+05:30,Load_24,load,0.04531340574740793,0.013594021724222378,0.0,good,synthetic_demo_v1
2024-01-20T09:00:00+05:30,Load_25,load,0.053826937982071096,0.016148081394621327,0.0,good,synthetic_demo_v1
2024-01-20T09:00:00+05:30,Load_26,load,0.08505993775744485,0.025517981327233454,0.0,good,synthetic_demo_v1
2024-01-20T09:00:00+05:30,Load_27,load,0.029494282008997376,0.008848284602699213,0.0,good,synthetic_demo_v1
2024-01-20T09:00:00+05:30,Load_28,load,0.05934689359164363,0.017804068077493088,0.0,good,synthetic_demo_v1
2024-01-20T09:00:00+05:30,Load_29,load,0.06676638811947733,0.020029916435843197,0.0,good,synthetic_demo_v1
2024-01-20T09:00:00+05:30,Load_30,load,0.014952991983470347,0.004485897595041104,0.0,good,synthetic_demo_v1
2024-01-20T09:00:00+05:30,Load_31,load,0.0682022907148231,0.02046068721444693,0.0,good,synthetic_demo_v1
2024-01-20T09:00:00+05:30,Load_32,load,0.02672790479430378,0.008018371438291134,0.0,good,synthetic_demo_v1
2024-01-20T09:00:00+05:30,PV_5,pv,0.0,0.0,0.20870831003151033,good,synthetic_demo_v1
2024-01-20T09:00:00+05:30,PV_10,pv,0.0,0.0,0.29391968375909094,good,synthetic_demo_v1
2024-01-20T09:00:00+05:30,PV_17,pv,0.0,0.0,0.30351648801742787,good,synthetic_demo_v1
2024-01-20T09:00:00+05:30,PV_24,pv,0.0,0.0,0.3015030884066397,good,synthetic_demo_v1
2024-01-20T09:00:00+05:30,PV_30,pv,0.0,0.0,0.1779497294480023,good,synthetic_demo_v1
2024-01-20T09:00:00+05:30,Battery_18,battery,0.0,0.0,0.0,good,synthetic_demo_v1
2024-01-20T10:00:00+05:30,Load_1,load,0.029734275405407542,0.008920282621622262,0.0,good,synthetic_demo_v1
2024-01-20T10:00:00+05:30,Load_2,load,0.06501087086659235,0.019503261259977703,0.0,good,synthetic_demo_v1
2024-01-20T10:00:00+05:30,Load_3,load,0.05161959095920002,0.015485877287760005,0.0,good,synthetic_demo_v1
2024-01-20T10:00:00+05:30,Load_4,load,0.043456051008213634,0.01303681530246409,0.0,good,synthetic_demo_v1
2024-01-20T10:00:00+05:30,Load_5,load,0.016355172419413925,0.004906551725824177,0.0,good,synthetic_demo_v1
2024-01-20T10:00:00+05:30,Load_6,load,0.016353695652060476,0.004906108695618143,0.0,good,synthetic_demo_v1
2024-01-20T10:00:00+05:30,Load_7,load,0.01035904408099391,0.003107713224298173,0.0,good,synthetic_demo_v1
2024-01-20T10:00:00+05:30,Load_8,load,0.059834973441598605,0.01795049203247958,0.0,good,synthetic_demo_v1
2024-01-20T10:00:00+05:30,Load_9,load,0.0436064533177169,0.01308193599531507,0.0,good,synthetic_demo_v1
2024-01-20T10:00:00+05:30,Load_10,load,0.05015499171219198,0.015046497513657595,0.0,good,synthetic_demo_v1
2024-01-20T10:00:00+05:30,Load_11,load,0.008063139058014698,0.0024189417174044093,0.0,good,synthetic_demo_v1
2024-01-20T10:00:00+05:30,Load_12,load,0.06618612917696087,0.019855838753088263,0.0,good,synthetic_demo_v1
2024-01-20T10:00:00+05:30,Load_13,load,0.05776962023043175,0.017330886069129525,0.0,good,synthetic_demo_v1
2024-01-20T10:00:00+05:30,Load_14,load,0.019803425547688113,0.005941027664306433,0.0,good,synthetic_demo_v1
2024-01-20T10:00:00+05:30,Load_15,load,0.017935179593055954,0.005380553877916786,0.0,good,synthetic_demo_v1
2024-01-20T10:00:00+05:30,Load_16,load,0.018031887998519423,0.005409566399555827,0.0,good,synthetic_demo_v1
2024-01-20T10:00:00+05:30,Load_17,load,0.025430247590544453,0.007629074277163335,0.0,good,synthetic_demo_v1
2024-01-20T10:00:00+05:30,Load_18,load,0.03893135540685683,0.011679406622057048,0.0,good,synthetic_demo_v1
2024-01-20T10:00:00+05:30,Load_19,load,0.033248923356083926,0.009974677006825177,0.0,good,synthetic_demo_v1
2024-01-20T10:00:00+05:30,Load_20,load,0.02463351290210915,0.007390053870632745,0.0,good,synthetic_demo_v1
2024-01-20T10:00:00+05:30,Load_21,load,0.044263886368593755,0.013279165910578126,0.0,good,synthetic_demo_v1
2024-01-20T10:00:00+05:30,Load_22,load,0.015343433288549741,0.0046030299865649224,0.0,good,synthetic_demo_v1
2024-01-20T10:00:00+05:30,Load_23,load,0.024689565425719297,0.007406869627715789,0.0,good,synthetic_demo_v1
2024-01-20T10:00:00+05:30,Load_24,load,0.02923355578883218,0.008770066736649654,0.0,good,synthetic_demo_v1
2024-01-20T10:00:00+05:30,Load_25,load,0.034725988225479995,0.010417796467643998,0.0,good,synthetic_demo_v1
2024-01-20T10:00:00+05:30,Load_26,load,0.05487569064413346,0.01646270719324004,0.0,good,synthetic_demo_v1
2024-01-20T10:00:00+05:30,Load_27,load,0.01902798353687851,0.0057083950610635524,0.0,good,synthetic_demo_v1
2024-01-20T10:00:00+05:30,Load_28,load,0.03828714033052887,0.011486142099158662,0.0,good,synthetic_demo_v1
2024-01-20T10:00:00+05:30,Load_29,load,0.04307376370669761,0.012922129112009283,0.0,good,synthetic_demo_v1
2024-01-20T10:00:00+05:30,Load_30,load,0.009646794765227857,0.002894038429568357,0.0,good,synthetic_demo_v1
2024-01-20T10:00:00+05:30,Load_31,load,0.04400012397328981,0.013200037191986943,0.0,good,synthetic_demo_v1
2024-01-20T10:00:00+05:30,Load_32,load,0.01724327895983785,0.005172983687951355,0.0,good,synthetic_demo_v1
2024-01-20T10:00:00+05:30,PV_5,pv,0.0,0.0,0.2695763111312554,good,synthetic_demo_v1
2024-01-20T10:00:00+05:30,PV_10,pv,0.0,0.0,0.5480290796937649,good,synthetic_demo_v1
2024-01-20T10:00:00+05:30,PV_17,pv,0.0,0.0,0.3228853599602938,good,synthetic_demo_v1
2024-01-20T10:00:00+05:30,PV_24,pv,0.0,0.0,0.37455497752755545,good,synthetic_demo_v1
2024-01-20T10:00:00+05:30,PV_30,pv,0.0,0.0,0.20096084898109587,good,synthetic_demo_v1
2024-01-20T10:00:00+05:30,Battery_18,battery,0.0,0.0,0.0,good,synthetic_demo_v1
2024-01-20T11:00:00+05:30,Load_1,load,0.029700344003032304,0.00891010320090969,0.0,good,synthetic_demo_v1
2024-01-20T11:00:00+05:30,Load_2,load,0.06493668341833397,0.01948100502550019,0.0,good,synthetic_demo_v1
2024-01-20T11:00:00+05:30,Load_3,load,0.05156068503035525,0.015468205509106573,0.0,good,synthetic_demo_v1
2024-01-20T11:00:00+05:30,Load_4,load,0.0434064609397726,0.01302193828193178,0.0,good,synthetic_demo_v1
2024-01-20T11:00:00+05:30,Load_5,load,0.016336508640703563,0.0049009525922110685,0.0,good,synthetic_demo_v1
2024-01-20T11:00:00+05:30,Load_6,load,0.01633503355856983,0.004900510067570949,0.0,good,synthetic_demo_v1
2024-01-20T11:00:00+05:30,Load_7,load,0.010347222811158255,0.0031041668433474763,0.0,good,synthetic_demo_v1
2024-01-20T11:00:00+05:30,Load_8,load,0.05976669249201174,0.017930007747603522,0.0,good,synthetic_demo_v1
2024-01-20T11:00:00+05:30,Load_9,load,0.043556691617002596,0.01306700748510078,0.0,good,synthetic_demo_v1
2024-01-20T11:00:00+05:30,Load_10,load,0.05009775711737809,0.015029327135213428,0.0,good,synthetic_demo_v1
2024-01-20T11:00:00+05:30,Load_11,load,0.00805393777054242,0.002416181331162726,0.0,good,synthetic_demo_v1
2024-01-20T11:00:00+05:30,Load_12,load,0.06611060057738537,0.01983318017321561,0.0,good,synthetic_demo_v1
2024-01-20T11:00:00+05:30,Load_13,load,0.05770369616796924,0.01731110885039077,0.0,good,synthetic_demo_v1
2024-01-20T11:00:00+05:30,Load_14,load,0.019780826779381002,0.005934248033814301,0.0,good,synthetic_demo_v1
2024-01-20T11:00:00+05:30,Load_15,load,0.017914712782039148,0.005374413834611744,0.0,good,synthetic_demo_v1
2024-01-20T11:00:00+05:30,Load_16,load,0.01801131082826991,0.005403393248480973,0.0,good,synthetic_demo_v1
2024-01-20T11:00:00+05:30,Load_17,load,0.02540122774890608,0.007620368324671824,0.0,good,synthetic_demo_v1
2024-01-20T11:00:00+05:30,Load_18,load,0.03888692871519165,0.011666078614557495,0.0,good,synthetic_demo_v1
2024-01-20T11:00:00+05:30,Load_19,load,0.03321098119736115,0.009963294359208345,0.0,good,synthetic_demo_v1
2024-01-20T11:00:00+05:30,Load_20,load,0.024605402257850937,0.007381620677355281,0.0,good,synthetic_demo_v1
2024-01-20T11:00:00+05:30,Load_21,load,0.04421337443519075,0.013264012330557224,0.0,good,synthetic_demo_v1
2024-01-20T11:00:00+05:30,Load_22,load,0.015325924060507926,0.004597777218152378,0.0,good,synthetic_demo_v1
2024-01-20T11:00:00+05:30,Load_23,load,0.02466139081687117,0.007398417245061351,0.0,good,synthetic_demo_v1
2024-01-20T11:00:00+05:30,Load_24,load,0.02920019578490387,0.00876005873547116,0.0,good,synthetic_demo_v1
2024-01-20T11:00:00+05:30,Load_25,load,0.03468636050752517,0.01040590815225755,0.0,good,synthetic_demo_v1
2024-01-20T11:00:00+05:30,Load_26,load,0.05481306900245973,0.01644392070073792,0.0,good,synthetic_demo_v1
2024-01-20T11:00:00+05:30,Load_27,load,0.01900626966771653,0.005701880900314959,0.0,good,synthetic_demo_v1
2024-01-20T11:00:00+05:30,Load_28,load,0.03824344878780118,0.011473034636340354,0.0,good,synthetic_demo_v1
2024-01-20T11:00:00+05:30,Load_29,load,0.04302460988713347,0.01290738296614004,0.0,good,synthetic_demo_v1
2024-01-20T11:00:00+05:30,Load_30,load,0.009635786281908611,0.0028907358845725833,0.0,good,synthetic_demo_v1
2024-01-20T11:00:00+05:30,Load_31,load,0.04394991303353284,0.013184973910059853,0.0,good,synthetic_demo_v1
2024-01-20T11:00:00+05:30,Load_32,load,0.017223601714346663,0.005167080514303999,0.0,good,synthetic_demo_v1
2024-01-20T11:00:00+05:30,PV_5,pv,0.0,0.0,0.3713635584354304,good,synthetic_demo_v1
2024-01-20T11:00:00+05:30,PV_10,pv,0.0,0.0,0.6138311975809652,good,synthetic_demo_v1
2024-01-20T11:00:00+05:30,PV_17,pv,0.0,0.0,0.3810864798238725,good,synthetic_demo_v1
2024-01-20T11:00:00+05:30,PV_24,pv,0.0,0.0,0.5761476333829054,good,synthetic_demo_v1
2024-01-20T11:00:00+05:30,PV_30,pv,0.0,0.0,0.29510225184064454,good,synthetic_demo_v1
2024-01-20T11:00:00+05:30,Battery_18,battery,0.0,0.0,0.0,good,synthetic_demo_v1
2024-01-20T12:00:00+05:30,Load_1,load,0.027358103044077636,0.00820743091322329,0.0,good,synthetic_demo_v1
2024-01-20T12:00:00+05:30,Load_2,load,0.05981561951329753,0.01794468585398926,0.0,good,synthetic_demo_v1
2024-01-20T12:00:00+05:30,Load_3,load,0.04749448470831423,0.014248345412494269,0.0,good,synthetic_demo_v1
2024-01-20T12:00:00+05:30,Load_4,load,0.039983322450668865,0.01199499673520066,0.0,good,synthetic_demo_v1
2024-01-20T12:00:00+05:30,Load_5,load,0.015048172059125042,0.004514451617737512,0.0,good,synthetic_demo_v1
2024-01-20T12:00:00+05:30,Load_6,load,0.015046813305535893,0.004514043991660768,0.0,good,synthetic_demo_v1
2024-01-20T12:00:00+05:30,Load_7,load,0.009531215795305152,0.0028593647385915457,0.0,good,synthetic_demo_v1
2024-01-20T12:00:00+05:30,Load_8,load,0.05505334657515145,0.016516003972545434,0.0,good,synthetic_demo_v1
2024-01-20T12:00:00+05:30,Load_9,load,0.0401217055733566,0.01203651167200698,0.0,good,synthetic_demo_v1
2024-01-20T12:00:00+05:30,Load_10,load,0.04614692682867485,0.013844078048602455,0.0,good,synthetic_demo_v1
2024-01-20T12:00:00+05:30,Load_11,load,0.007418784759347987,0.0022256354278043958,0.0,good,synthetic_demo_v1
2024-01-20T12:00:00+05:30,Load_12,load,0.06089695872604402,0.018269087617813203,0.0,good,synthetic_demo_v1
2024-01-20T12:00:00+05:30,Load_13,load,0.05315304313062078,0.015945912939186235,0.0,good,synthetic_demo_v1
2024-01-20T12:00:00+05:30,Load_14,load,0.018220862939234125,0.0054662588817702374,0.0,good,synthetic_demo_v1
2024-01-20T12:00:00+05:30,Load_15,load,0.016501915204956644,0.004950574561486993,0.0,good,synthetic_demo_v1
2024-01-20T12:00:00+05:30,Load_16,load,0.016590895295637346,0.004977268588691203,0.0,good,synthetic_demo_v1
2024-01-20T12:00:00+05:30,Load_17,load,0.023398025495250385,0.0070194076485751156,0.0,good,synthetic_demo_v1
2024-01-20T12:00:00+05:30,Load_18,load,0.03582021146789737,0.010746063440369212,0.0,good,synthetic_demo_v1
2024-01-20T12:00:00+05:30,Load_19,load,0.03059188289871549,0.009177564869614647,0.0,good,synthetic_demo_v1
2024-01-20T12:00:00+05:30,Load_20,load,0.022664960727139707,0.006799488218141912,0.0,good,synthetic_demo_v1
2024-01-20T12:00:00+05:30,Load_21,load,0.04072660079630192,0.012217980238890576,0.0,good,synthetic_demo_v1
2024-01-20T12:00:00+05:30,Load_22,load,0.014117284623042637,0.004235185386912791,0.0,good,synthetic_demo_v1
2024-01-20T12:00:00+05:30,Load_23,load,0.022716533892986154,0.006814960167895846,0.0,good,synthetic_demo_v1
2024-01-20T12:00:00+05:30,Load_24,load,0.02689739772404927,0.00806921931721478,0.0,good,synthetic_demo_v1
2024-01-20T12:00:00+05:30,Load_25,load,0.03195091022824563,0.009585273068473689,0.0,good,synthetic_demo_v1
2024-01-20T12:00:00+05:30,Load_26,load,0.05049037781442292,0.015147113344326876,0.0,good,synthetic_demo_v1
2024-01-20T12:00:00+05:30,Load_27,load,0.017507389274677366,0.00525221678240321,0.0,good,synthetic_demo_v1
2024-01-20T12:00:00+05:30,Load_28,load,0.035227477923849976,0.010568243377154993,0.0,good,synthetic_demo_v1
2024-01-20T12:00:00+05:30,Load_29,load,0.03963158509555525,0.011889475528666574,0.0,good,synthetic_demo_v1
2024-01-20T12:00:00+05:30,Load_30,load,0.0088758848713756,0.0026627654614126803,0.0,good,synthetic_demo_v1
2024-01-20T12:00:00+05:30,Load_31,load,0.04048391659796542,0.012145174979389627,0.0,good,synthetic_demo_v1
2024-01-20T12:00:00+05:30,Load_32,load,0.01586530682752832,0.004759592048258495,0.0,good,synthetic_demo_v1
2024-01-20T12:00:00+05:30,PV_5,pv,0.0,0.0,0.404457798274869,good,synthetic_demo_v1
2024-01-20T12:00:00+05:30,PV_10,pv,0.0,0.0,0.6847370919893342,good,synthetic_demo_v1
2024-01-20T12:00:00+05:30,PV_17,pv,0.0,0.0,0.4417648153939948,good,synthetic_demo_v1
2024-01-20T12:00:00+05:30,PV_24,pv,0.0,0.0,0.5209194387808929,good,synthetic_demo_v1
2024-01-20T12:00:00+05:30,PV_30,pv,0.0,0.0,0.37812588619442933,good,synthetic_demo_v1
2024-01-20T12:00:00+05:30,Battery_18,battery,0.0,0.0,0.0,good,synthetic_demo_v1
2024-01-20T13:00:00+05:30,Load_1,load,0.030695103533943426,0.009208531060183028,0.0,good,synthetic_demo_v1
2024-01-20T13:00:00+05:30,Load_2,load,0.06711162067594792,0.020133486202784375,0.0,good,synthetic_demo_v1
2024-01-20T13:00:00+05:30,Load_3,load,0.053287617312655265,0.01598628519379658,0.0,good,synthetic_demo_v1
2024-01-20T13:00:00+05:30,Load_4,load,0.044860282172232126,0.013458084651669637,0.0,good,synthetic_demo_v1
2024-01-20T13:00:00+05:30,Load_5,load,0.016883670574938822,0.005065101172481647,0.0,good,synthetic_demo_v1
2024-01-20T13:00:00+05:30,Load_6,load,0.016882146087585703,0.005064643826275711,0.0,good,synthetic_demo_v1
2024-01-20T13:00:00+05:30,Load_7,load,0.01069378440346876,0.0032081353210406277,0.0,good,synthetic_demo_v1
2024-01-20T13:00:00+05:30,Load_8,load,0.061768470214902525,0.018530541064470756,0.0,good,synthetic_demo_v1
2024-01-20T13:00:00+05:30,Load_9,load,0.04501554455542466,0.013504663366627399,0.0,good,synthetic_demo_v1
2024-01-20T13:00:00+05:30,Load_10,load,0.0517756912640228,0.01553270737920684,0.0,good,synthetic_demo_v1
2024-01-20T13:00:00+05:30,Load_11,load,0.008323689910712723,0.0024971069732138166,0.0,good,synthetic_demo_v1
2024-01-20T13:00:00+05:30,Load_12,load,0.06832485607597145,0.020497456822791436,0.0,good,synthetic_demo_v1
2024-01-20T13:00:00+05:30,Load_13,load,0.05963637754452254,0.01789091326335676,0.0,good,synthetic_demo_v1
2024-01-20T13:00:00+05:30,Load_14,load,0.020443349946320827,0.0061330049838962475,0.0,good,synthetic_demo_v1
2024-01-20T13:00:00+05:30,Load_15,load,0.018514733821581628,0.005554420146474488,0.0,good,synthetic_demo_v1
2024-01-20T13:00:00+05:30,Load_16,load,0.018614567245394068,0.0055843701736182205,0.0,good,synthetic_demo_v1
2024-01-20T13:00:00+05:30,Load_17,load,0.02625199612376021,0.007875598837128062,0.0,good,synthetic_demo_v1
2024-01-20T13:00:00+05:30,Load_18,load,0.0401893763556415,0.01205681290669245,0.0,good,synthetic_demo_v1
2024-01-20T13:00:00+05:30,Load_19,load,0.03432332319830269,0.010296996959490807,0.0,good,synthetic_demo_v1
2024-01-20T13:00:00+05:30,Load_20,load,0.025429515891194725,0.007628854767358417,0.0,good,synthetic_demo_v1
2024-01-20T13:00:00+05:30,Load_21,load,0.04569422178189683,0.013708266534569049,0.0,good,synthetic_demo_v1
2024-01-20T13:00:00+05:30,Load_22,load,0.015839238284331522,0.004751771485299456,0.0,good,synthetic_demo_v1
2024-01-20T13:00:00+05:30,Load_23,load,0.025487379686161774,0.007646213905848532,0.0,good,synthetic_demo_v1
2024-01-20T13:00:00+05:30,Load_24,load,0.0301782037520351,0.00905346112561053,0.0,good,synthetic_demo_v1
2024-01-20T13:00:00+05:30,Load_25,load,0.03584811768124535,0.010754435304373604,0.0,good,synthetic_demo_v1
2024-01-20T13:00:00+05:30,Load_26,load,0.056648934028235835,0.01699468020847075,0.0,good,synthetic_demo_v1
2024-01-20T13:00:00+05:30,Load_27,load,0.019642850439208527,0.005892855131762558,0.0,good,synthetic_demo_v1
2024-01-20T13:00:00+05:30,Load_28,load,0.03952434422701537,0.01185730326810461,0.0,good,synthetic_demo_v1
2024-01-20T13:00:00+05:30,Load_29,load,0.04446564170631338,0.013339692511894015,0.0,good,synthetic_demo_v1
2024-01-20T13:00:00+05:30,Load_30,load,0.009958519588996658,0.002987555876698997,0.0,good,synthetic_demo_v1
2024-01-20T13:00:00+05:30,Load_31,load,0.045421936215094584,0.013626580864528375,0.0,good,synthetic_demo_v1
2024-01-20T13:00:00+05:30,Load_32,load,0.0178004752333946,0.00534014257001838,0.0,good,synthetic_demo_v1
2024-01-20T13:00:00+05:30,PV_5,pv,0.0,0.0,0.48513236116301783,good,synthetic_demo_v1
2024-01-20T13:00:00+05:30,PV_10,pv,0.0,0.0,0.6406344584474486,good,synthetic_demo_v1
2024-01-20T13:00:00+05:30,PV_17,pv,0.0,0.0,0.4622688472578868,good,synthetic_demo_v1
2024-01-20T13:00:00+05:30,PV_24,pv,0.0,0.0,0.6166160430761701,good,synthetic_demo_v1
2024-01-20T13:00:00+05:30,PV_30,pv,0.0,0.0,0.3245095784955008,good,synthetic_demo_v1
2024-01-20T13:00:00+05:30,Battery_18,battery,0.0,0.0,0.0,good,synthetic_demo_v1
2024-01-20T14:00:00+05:30,Load_1,load,0.030556158206967526,0.009166847462090257,0.0,good,synthetic_demo_v1
2024-01-20T14:00:00+05:30,Load_2,load,0.06680783130874834,0.020042349392624503,0.0,good,synthetic_demo_v1
2024-01-20T14:00:00+05:30,Load_3,load,0.05304640407149171,0.01591392122144751,0.0,good,synthetic_demo_v1
2024-01-20T14:00:00+05:30,Load_4,load,0.04465721634553572,0.013397164903660715,0.0,good,synthetic_demo_v1
2024-01-20T14:00:00+05:30,Load_5,load,0.01680724447245006,0.005042173341735018,0.0,good,synthetic_demo_v1
2024-01-20T14:00:00+05:30,Load_6,load,0.01680572688588467,0.0050417180657654015,0.0,good,synthetic_demo_v1
2024-01-20T14:00:00+05:30,Load_7,load,0.010645377615431486,0.003193613284629446,0.0,good,synthetic_demo_v1
2024-01-20T14:00:00+05:30,Load_8,load,0.061488867304251967,0.01844666019127559,0.0,good,synthetic_demo_v1
2024-01-20T14:00:00+05:30,Load_9,load,0.04481177591361718,0.013443532774085153,0.0,good,synthetic_demo_v1
2024-01-20T14:00:00+05:30,Load_10,load,0.051541321950228904,0.01546239658506867,0.0,good,synthetic_demo_v1
2024-01-20T14:00:00+05:30,Load_11,load,0.008286011659684473,0.002485803497905342,0.0,good,synthetic_demo_v1
2024-01-20T14:00:00+05:30,Load_12,load,0.06801557484297091,0.020404672452891272,0.0,good,synthetic_demo_v1
2024-01-20T14:00:00+05:30,Load_13,load,0.059366425825075855,0.017809927747522755,0.0,good,synthetic_demo_v1
2024-01-20T14:00:00+05:30,Load_14,load,0.02035081049814359,0.006105243149443077,0.0,good,synthetic_demo_v1
2024-01-20T14:00:00+05:30,Load_15,load,0.01843092450190083,0.005529277350570249,0.0,good,synthetic_demo_v1
2024-01-20T14:00:00+05:30,Load_16,load,0.018530306016903145,0.0055590918050709434,0.0,good,synthetic_demo_v1
2024-01-20T14:00:00+05:30,Load_17,load,0.02613316309291044,0.007839948927873132,0.0,good,synthetic_demo_v1
2024-01-20T14:00:00+05:30,Load_18,load,0.040007453983804016,0.012002236195141205,0.0,good,synthetic_demo_v1
2024-01-20T14:00:00+05:30,Load_19,load,0.03416795426920252,0.010250386280760757,0.0,good,synthetic_demo_v1
2024-01-20T14:00:00+05:30,Load_20,load,0.025314405922712824,0.007594321776813847,0.0,good,synthetic_demo_v1
2024-01-20T14:00:00+05:30,Load_21,load,0.04548738102049089,0.013646214306147266,0.0,good,synthetic_demo_v1
2024-01-20T14:00:00+05:30,Load_22,load,0.01576753993869695,0.004730261981609085,0.0,good,synthetic_demo_v1
2024-01-20T14:00:00+05:30,Load_23,load,0.02537200778978304,0.007611602336934912,0.0,good,synthetic_demo_v1
2024-01-20T14:00:00+05:30,Load_24,load,0.03004159823828484,0.009012479471485452,0.0,good,synthetic_demo_v1
2024-01-20T14:00:00+05:30,Load_25,load,0.03568584657415547,0.010705753972246641,0.0,good,synthetic_demo_v1
2024-01-20T14:00:00+05:30,Load_26,load,0.05639250535541232,0.016917751606623694,0.0,good,synthetic_demo_v1
2024-01-20T14:00:00+05:30,Load_27,load,0.01955393455482337,0.005866180366447011,0.0,good,synthetic_demo_v1
2024-01-20T14:00:00+05:30,Load_28,load,0.039345432208489094,0.011803629662546727,0.0,good,synthetic_demo_v1
2024-01-20T14:00:00+05:30,Load_29,load,0.044264362270352374,0.013279308681105712,0.0,good,synthetic_demo_v1
2024-01-20T14:00:00+05:30,Load_30,load,0.009913441071539991,0.0029740323214619974,0.0,good,synthetic_demo_v1
2024-01-20T14:00:00+05:30,Load_31,load,0.0452163279892645,0.01356489839677935,0.0,good,synthetic_demo_v1
2024-01-20T14:00:00+05:30,Load_32,load,0.017719899096914217,0.005315969729074265,0.0,good,synthetic_demo_v1
2024-01-20T14:00:00+05:30,PV_5,pv,0.0,0.0,0.3124607353231253,good,synthetic_demo_v1
2024-01-20T14:00:00+05:30,PV_10,pv,0.0,0.0,0.5412118043351737,good,synthetic_demo_v1
2024-01-20T14:00:00+05:30,PV_17,pv,0.0,0.0,0.407354801691311,good,synthetic_demo_v1
2024-01-20T14:00:00+05:30,PV_24,pv,0.0,0.0,0.5569415679363898,good,synthetic_demo_v1
2024-01-20T14:00:00+05:30,PV_30,pv,0.0,0.0,0.2491864713456671,good,synthetic_demo_v1
2024-01-20T14:00:00+05:30,Battery_18,battery,0.0,0.0,0.0,good,synthetic_demo_v1
2024-01-20T15:00:00+05:30,Load_1,load,0.03085564456862795,0.009256693370588384,0.0,good,synthetic_demo_v1
2024-01-20T15:00:00+05:30,Load_2,load,0.06746262679035173,0.020238788037105517,0.0,good,synthetic_demo_v1
2024-01-20T15:00:00+05:30,Load_3,load,0.053566321347967814,0.016069896404390344,0.0,good,synthetic_demo_v1
2024-01-20T15:00:00+05:30,Load_4,load,0.04509490969542017,0.01352847290862605,0.0,good,synthetic_demo_v1
2024-01-20T15:00:00+05:30,Load_5,load,0.016971975276057552,0.005091592582817266,0.0,good,synthetic_demo_v1
2024-01-20T15:00:00+05:30,Load_6,load,0.016970442815355303,0.00509113284460659,0.0,good,synthetic_demo_v1
2024-01-20T15:00:00+05:30,Load_7,load,0.010749714861918839,0.0032249144585756516,0.0,good,synthetic_demo_v1
2024-01-20T15:00:00+05:30,Load_8,load,0.062091530670072996,0.0186274592010219,0.0,good,synthetic_demo_v1
2024-01-20T15:00:00+05:30,Load_9,load,0.04525098412942133,0.013575295238826399,0.0,good,synthetic_demo_v1
2024-01-20T15:00:00+05:30,Load_10,load,0.052046487648137976,0.015613946294441391,0.0,good,synthetic_demo_v1
2024-01-20T15:00:00+05:30,Load_11,load,0.008367224339230978,0.0025101673017692934,0.0,good,synthetic_demo_v1
2024-01-20T15:00:00+05:30,Load_12,load,0.06868220763456703,0.02060466229037011,0.0,good,synthetic_demo_v1
2024-01-20T15:00:00+05:30,Load_13,load,0.059948286763048135,0.01798448602891444,0.0,good,synthetic_demo_v1
2024-01-20T15:00:00+05:30,Load_14,load,0.020550272424988174,0.006165081727496452,0.0,good,synthetic_demo_v1
2024-01-20T15:00:00+05:30,Load_15,load,0.018611569283346348,0.005583470785003904,0.0,good,synthetic_demo_v1
2024-01-20T15:00:00+05:30,Load_16,load,0.018711924854319398,0.0056135774562958195,0.0,good,synthetic_demo_v1
2024-01-20T15:00:00+05:30,Load_17,load,0.02638929888983761,0.007916789666951283,0.0,good,synthetic_demo_v1
2024-01-20T15:00:00+05:30,Load_18,load,0.04039957418267686,0.012119872254803057,0.0,good,synthetic_demo_v1
2024-01-20T15:00:00+05:30,Load_19,load,0.03450284048886903,0.010350852146660709,0.0,good,synthetic_demo_v1
2024-01-20T15:00:00+05:30,Load_20,load,0.0255625169344453,0.00766875508033359,0.0,good,synthetic_demo_v1
2024-01-20T15:00:00+05:30,Load_21,load,0.0459332109625607,0.01377996328876821,0.0,good,synthetic_demo_v1
2024-01-20T15:00:00+05:30,Load_22,load,0.015922080412554655,0.004776624123766397,0.0,good,synthetic_demo_v1
2024-01-20T15:00:00+05:30,Load_23,load,0.025620683367698113,0.007686205010309434,0.0,good,synthetic_demo_v1
2024-01-20T15:00:00+05:30,Load_24,load,0.030336041305829783,0.009100812391748935,0.0,good,synthetic_demo_v1
2024-01-20T15:00:00+05:30,Load_25,load,0.036035609927286334,0.0108106829781859,0.0,good,synthetic_demo_v1
2024-01-20T15:00:00+05:30,Load_26,load,0.05694521836793879,0.017083565510381635,0.0,good,synthetic_demo_v1
2024-01-20T15:00:00+05:30,Load_27,load,0.019745586158284263,0.005923675847485279,0.0,good,synthetic_demo_v1
2024-01-20T15:00:00+05:30,Load_28,load,0.03973106381375387,0.01191931914412616,0.0,good,synthetic_demo_v1
2024-01-20T15:00:00+05:30,Load_29,load,0.04469820518731122,0.013409461556193365,0.0,good,synthetic_demo_v1
2024-01-20T15:00:00+05:30,Load_30,load,0.010010604477290835,0.0030031813431872505,0.0,good,synthetic_demo_v1
2024-01-20T15:00:00+05:30,Load_31,load,0.0456595012921852,0.01369785038765556,0.0,good,synthetic_demo_v1
2024-01-20T15:00:00+05:30,Load_32,load,0.017893574991428816,0.005368072497428645,0.0,good,synthetic_demo_v1
2024-01-20T15:00:00+05:30,PV_5,pv,0.0,0.0,0.2583621197756419,good,synthetic_demo_v1
2024-01-20T15:00:00+05:30,PV_10,pv,0.0,0.0,0.5313852733986372,good,synthetic_demo_v1
2024-01-20T15:00:00+05:30,PV_17,pv,0.0,0.0,0.3195025667332897,good,synthetic_demo_v1
2024-01-20T15:00:00+05:30,PV_24,pv,0.0,0.0,0.4431226578785703,good,synthetic_demo_v1
2024-01-20T15:00:00+05:30,PV_30,pv,0.0,0.0,0.21805889204520426,good,synthetic_demo_v1
2024-01-20T15:00:00+05:30,Battery_18,battery,0.0,0.0,0.0,good,synthetic_demo_v1
2024-01-20T16:00:00+05:30,Load_1,load,0.02950756777238082,0.008852270331714245,0.0,good,synthetic_demo_v1
2024-01-20T16:00:00+05:30,Load_2,load,0.06451519843286993,0.01935455952986098,0.0,good,synthetic_demo_v1
2024-01-20T16:00:00+05:30,Load_3,load,0.05122601973122789,0.015367805919368366,0.0,good,synthetic_demo_v1
2024-01-20T16:00:00+05:30,Load_4,load,0.04312472232000995,0.012937416696002986,0.0,good,synthetic_demo_v1
2024-01-20T16:00:00+05:30,Load_5,load,0.016230473149753063,0.004869141944925918,0.0,good,synthetic_demo_v1
2024-01-20T16:00:00+05:30,Load_6,load,0.01622900764194526,0.004868702292583578,0.0,good,synthetic_demo_v1
2024-01-20T16:00:00+05:30,Load_7,load,0.010280062019652186,0.0030840186058956557,0.0,good,synthetic_demo_v1
2024-01-20T16:00:00+05:30,Load_8,load,0.059378764402830686,0.017813629320849206,0.0,good,synthetic_demo_v1
2024-01-20T16:00:00+05:30,Load_9,load,0.043273977893931996,0.0129821933681796,0.0,good,synthetic_demo_v1
2024-01-20T16:00:00+05:30,Load_10,load,0.04977258725469247,0.01493177617640774,0.0,good,synthetic_demo_v1
2024-01-20T16:00:00+05:30,Load_11,load,0.00800166202029696,0.002400498606089088,0.0,good,synthetic_demo_v1
2024-01-20T16:00:00+05:30,Load_12,load,0.06568149603960247,0.01970444881188074,0.0,good,synthetic_demo_v1
2024-01-20T16:00:00+05:30,Load_13,load,0.05732915838346466,0.017198747515039397,0.0,good,synthetic_demo_v1
2024-01-20T16:00:00+05:30,Load_14,load,0.019652435228585844,0.005895730568575753,0.0,good,synthetic_demo_v1
2024-01-20T16:00:00+05:30,Load_15,load,0.017798433630424847,0.005339530089127454,0.0,good,synthetic_demo_v1
2024-01-20T16:00:00+05:30,Load_16,load,0.017894404687040986,0.005368321406112295,0.0,good,synthetic_demo_v1
2024-01-20T16:00:00+05:30,Load_17,load,0.02523635582220873,0.0075709067466626185,0.0,good,synthetic_demo_v1
2024-01-20T16:00:00+05:30,Load_18,load,0.03863452505486494,0.011590357516459482,0.0,good,synthetic_demo_v1
2024-01-20T16:00:00+05:30,Load_19,load,0.03299541844930642,0.009898625534791925,0.0,good,synthetic_demo_v1
2024-01-20T16:00:00+05:30,Load_20,load,0.024445695801237247,0.007333708740371174,0.0,good,synthetic_demo_v1
2024-01-20T16:00:00+05:30,Load_21,load,0.04392639837635694,0.013177919512907081,0.0,good,synthetic_demo_v1
2024-01-20T16:00:00+05:30,Load_22,load,0.015226447977963766,0.0045679343933891295,0.0,good,synthetic_demo_v1
2024-01-20T16:00:00+05:30,Load_23,load,0.02450132095492566,0.007350396286477698,0.0,good,synthetic_demo_v1
2024-01-20T16:00:00+05:30,Load_24,load,0.029010665869791626,0.008703199760937487,0.0,good,synthetic_demo_v1
2024-01-20T16:00:00+05:30,Load_25,load,0.034461221504657844,0.010338366451397353,0.0,good,synthetic_demo_v1
2024-01-20T16:00:00+05:30,Load_26,load,0.05445729343192577,0.01633718802957773,0.0,good,synthetic_demo_v1
2024-01-20T16:00:00+05:30,Load_27,load,0.01888290554018609,0.005664871662055826,0.0,good,synthetic_demo_v1
2024-01-20T16:00:00+05:30,Load_28,load,0.037995221767142,0.011398566530142599,0.0,good,synthetic_demo_v1
2024-01-20T16:00:00+05:30,Load_29,load,0.04274534975067022,0.012823604925201066,0.0,good,synthetic_demo_v1
2024-01-20T16:00:00+05:30,Load_30,load,0.00957324321646129,0.002871972964938387,0.0,good,synthetic_demo_v1
2024-01-20T16:00:00+05:30,Load_31,load,0.04366464702546236,0.013099394107638709,0.0,good,synthetic_demo_v1
2024-01-20T16:00:00+05:30,Load_32,load,0.01711180836217555,0.005133542508652665,0.0,good,synthetic_demo_v1
2024-01-20T16:00:00+05:30,PV_5,pv,0.0,0.0,0.2320738866756852,good,synthetic_demo_v1
2024-01-20T16:00:00+05:30,PV_10,pv,0.0,0.0,0.3875326490450638,good,synthetic_demo_v1
2024-01-20T16:00:00+05:30,PV_17,pv,0.0,0.0,0.28832753866642763,good,synthetic_demo_v1
2024-01-20T16:00:00+05:30,PV_24,pv,0.0,0.0,0.29033716730985343,good,synthetic_demo_v1
2024-01-20T16:00:00+05:30,PV_30,pv,0.0,0.0,0.1823670086133396,good,synthetic_demo_v1
2024-01-20T16:00:00+05:30,Battery_18,battery,0.0,0.0,0.0,good,synthetic_demo_v1
2024-01-20T17:00:00+05:30,Load_1,load,0.029387644179594493,0.008816293253878348,0.0,good,synthetic_demo_v1
2024-01-20T17:00:00+05:30,Load_2,load,0.06425299809006044,0.019275899427018132,0.0,good,synthetic_demo_v1
2024-01-20T17:00:00+05:30,Load_3,load,0.0510178287892397,0.01530534863677191,0.0,good,synthetic_demo_v1
2024-01-20T17:00:00+05:30,Load_4,load,0.0429494563787971,0.01288483691363913,0.0,good,synthetic_demo_v1
2024-01-20T17:00:00+05:30,Load_5,load,0.016164509846109912,0.004849352953832973,0.0,good,synthetic_demo_v1
2024-01-20T17:00:00+05:30,Load_6,load,0.01616305029436609,0.004848915088309826,0.0,good,synthetic_demo_v1
2024-01-20T17:00:00+05:30,Load_7,load,0.010238282162329724,0.0030714846486989173,0.0,good,synthetic_demo_v1
2024-01-20T17:00:00+05:30,Load_8,load,0.05913743936996689,0.017741231810990066,0.0,good,synthetic_demo_v1
2024-01-20T17:00:00+05:30,Load_9,load,0.04309810535359833,0.012929431606079499,0.0,good,synthetic_demo_v1
2024-01-20T17:00:00+05:30,Load_10,load,0.049570303300559164,0.014871090990167748,0.0,good,synthetic_demo_v1
2024-01-20T17:00:00+05:30,Load_11,load,0.007969141954084179,0.0023907425862252536,0.0,good,synthetic_demo_v1
2024-01-20T17:00:00+05:30,Load_12,load,0.06541455567212079,0.019624366701636236,0.0,good,synthetic_demo_v1
2024-01-20T17:00:00+05:30,Load_13,load,0.05709616328546825,0.017128848985640474,0.0,good,synthetic_demo_v1
2024-01-20T17:00:00+05:30,Load_14,load,0.019572564510070757,0.005871769353021227,0.0,good,synthetic_demo_v1
2024-01-20T17:00:00+05:30,Load_15,load,0.017726097878342718,0.005317829363502815,0.0,good,synthetic_demo_v1
2024-01-20T17:00:00+05:30,Load_16,load,0.017821678892851637,0.005346503667855491,0.0,good,synthetic_demo_v1
2024-01-20T17:00:00+05:30,Load_17,load,0.025133791134994282,0.007540137340498285,0.0,good,synthetic_demo_v1
2024-01-20T17:00:00+05:30,Load_18,load,0.038477508011443645,0.011543252403433093,0.0,good,synthetic_demo_v1
2024-01-20T17:00:00+05:30,Load_19,load,0.03286131965958398,0.009858395897875193,0.0,good,synthetic_demo_v1
2024-01-20T17:00:00+05:30,Load_20,load,0.024346344485965846,0.007303903345789753,0.0,good,synthetic_demo_v1
2024-01-20T17:00:00+05:30,Load_21,load,0.04374787429222734,0.0131243622876682,0.0,good,synthetic_demo_v1
2024-01-20T17:00:00+05:30,Load_22,load,0.015164565197214866,0.00454936955916446,0.0,good,synthetic_demo_v1
2024-01-20T17:00:00+05:30,Load_23,load,0.02440174356991069,0.007320523070973207,0.0,good,synthetic_demo_v1
2024-01-20T17:00:00+05:30,Load_24,load,0.028892761767797644,0.008667828530339292,0.0,good,synthetic_demo_v1
2024-01-20T17:00:00+05:30,Load_25,load,0.034321165451020236,0.01029634963530607,0.0,good,synthetic_demo_v1
2024-01-20T17:00:00+05:30,Load_26,load,0.05423597006389513,0.016270791019168538,0.0,good,synthetic_demo_v1
2024-01-20T17:00:00+05:30,Load_27,load,0.018806162316478456,0.005641848694943536,0.0,good,synthetic_demo_v1
2024-01-20T17:00:00+05:30,Load_28,load,0.03784080295708698,0.011352240887126093,0.0,good,synthetic_demo_v1
2024-01-20T17:00:00+05:30,Load_29,load,0.042571625641772075,0.012771487692531622,0.0,good,synthetic_demo_v1
2024-01-20T17:00:00+05:30,Load_30,load,0.009534335986628204,0.002860300795988461,0.0,good,synthetic_demo_v1
2024-01-20T17:00:00+05:30,Load_31,load,0.04348718674173333,0.01304615602252,0.0,good,synthetic_demo_v1
2024-01-20T17:00:00+05:30,Load_32,load,0.017042263167746343,0.005112678950323903,0.0,good,synthetic_demo_v1
2024-01-20T17:00:00+05:30,PV_5,pv,0.0,0.0,0.12361066216689127,good,synthetic_demo_v1
2024-01-20T17:00:00+05:30,PV_10,pv,0.0,0.0,0.20464645386381297,good,synthetic_demo_v1
2024-01-20T17:00:00+05:30,PV_17,pv,0.0,0.0,0.18873361060212543,good,synthetic_demo_v1
2024-01-20T17:00:00+05:30,PV_24,pv,0.0,0.0,0.159966141380706,good,synthetic_demo_v1
2024-01-20T17:00:00+05:30,PV_30,pv,0.0,0.0,0.09423395752298881,good,synthetic_demo_v1
2024-01-20T17:00:00+05:30,Battery_18,battery,0.0,0.0,0.0,good,synthetic_demo_v1
2024-01-20T18:00:00+05:30,Load_1,load,0.0450189804421018,0.013505694132630539,0.0,good,synthetic_demo_v1
2024-01-20T18:00:00+05:30,Load_2,load,0.09842927342816184,0.02952878202844855,0.0,good,synthetic_demo_v1
2024-01-20T18:00:00+05:30,Load_3,load,0.07815429581307025,0.023446288743921073,0.0,good,synthetic_demo_v1
2024-01-20T18:00:00+05:30,Load_4,load,0.0657943428503377,0.01973830285510131,0.0,good,synthetic_demo_v1
2024-01-20T18:00:00+05:30,Load_5,load,0.024762439213262093,0.007428731763978628,0.0,good,synthetic_demo_v1
2024-01-20T18:00:00+05:30,Load_6,load,0.024760203323545726,0.007428060997063717,0.0,good,synthetic_demo_v1
2024-01-20T18:00:00+05:30,Load_7,load,0.015684041279725388,0.004705212383917616,0.0,good,synthetic_demo_v1
2024-01-20T18:00:00+05:30,Load_8,load,0.09059274061311492,0.027177822183934476,0.0,good,synthetic_demo_v1
2024-01-20T18:00:00+05:30,Load_9,load,0.06602205845926566,0.019806617537779698,0.0,good,synthetic_demo_v1
2024-01-20T18:00:00+05:30,Load_10,load,0.07593682913673144,0.02278104874101943,0.0,good,synthetic_demo_v1
2024-01-20T18:00:00+05:30,Load_11,load,0.01220794166346814,0.003662382499040442,0.0,good,synthetic_demo_v1
2024-01-20T18:00:00+05:30,Load_12,load,0.10020866539811972,0.030062599619435915,0.0,good,synthetic_demo_v1
2024-01-20T18:00:00+05:30,Load_13,load,0.08746570642271245,0.026239711926813736,0.0,good,synthetic_demo_v1
2024-01-20T18:00:00+05:30,Load_14,load,0.029983243756996167,0.00899497312709885,0.0,good,synthetic_demo_v1
2024-01-20T18:00:00+05:30,Load_15,load,0.02715463848762662,0.008146391546287986,0.0,good,synthetic_demo_v1
2024-01-20T18:00:00+05:30,Load_16,load,0.027301059200920852,0.008190317760276256,0.0,good,synthetic_demo_v1
2024-01-20T18:00:00+05:30,Load_17,load,0.03850249596828323,0.011550748790484969,0.0,good,synthetic_demo_v1
2024-01-20T18:00:00+05:30,Load_18,load,0.058943757792969814,0.017683127337890944,0.0,good,synthetic_demo_v1
2024-01-20T18:00:00+05:30,Load_19,load,0.05034030962181331,0.015102092886543992,0.0,good,synthetic_demo_v1
2024-01-20T18:00:00+05:30,Load_20,load,0.03729620515180381,0.011188861545541143,0.0,good,synthetic_demo_v1
2024-01-20T18:00:00+05:30,Load_21,load,0.06701744056479476,0.02010523216943843,0.0,good,synthetic_demo_v1
2024-01-20T18:00:00+05:30,Load_22,load,0.02323062236136731,0.006969186708410193,0.0,good,synthetic_demo_v1
2024-01-20T18:00:00+05:30,Load_23,load,0.03738107109959404,0.011214321329878213,0.0,good,synthetic_demo_v1
2024-01-20T18:00:00+05:30,Load_24,load,0.04426086926171355,0.013278260778514064,0.0,good,synthetic_demo_v1
2024-01-20T18:00:00+05:30,Load_25,load,0.052576649790202414,0.015772994937060723,0.0,good,synthetic_demo_v1
2024-01-20T18:00:00+05:30,Load_26,load,0.08308417172344451,0.024925251517033353,0.0,good,synthetic_demo_v1
2024-01-20T18:00:00+05:30,Load_27,load,0.02880919097640367,0.008642757292921101,0.0,good,synthetic_demo_v1
2024-01-20T18:00:00+05:30,Load_28,load,0.057968388273239024,0.017390516481971707,0.0,good,synthetic_demo_v1
2024-01-20T18:00:00+05:30,Load_29,load,0.06521554332300555,0.019564662996901665,0.0,good,synthetic_demo_v1
2024-01-20T18:00:00+05:30,Load_30,load,0.014605664975638928,0.0043816994926916784,0.0,good,synthetic_demo_v1
2024-01-20T18:00:00+05:30,Load_31,load,0.06661809287753312,0.019985427863259936,0.0,good,synthetic_demo_v1
2024-01-20T18:00:00+05:30,Load_32,load,0.02610707097000489,0.007832121291001467,0.0,good,synthetic_demo_v1
2024-01-20T18:00:00+05:30,PV_5,pv,0.0,0.0,0.07696950426206431,good,synthetic_demo_v1
2024-01-20T18:00:00+05:30,PV_10,pv,0.0,0.0,0.14421826932322332,good,synthetic_demo_v1
2024-01-20T18:00:00+05:30,PV_17,pv,0.0,0.0,0.10564140118554391,good,synthetic_demo_v1
2024-01-20T18:00:00+05:30,PV_24,pv,0.0,0.0,0.10464332729801697,good,synthetic_demo_v1
2024-01-20T18:00:00+05:30,PV_30,pv,0.0,0.0,0.057954480624071845,good,synthetic_demo_v1
2024-01-20T18:00:00+05:30,Battery_18,battery,0.0,0.0,0.0,good,synthetic_demo_v1
2024-01-20T19:00:00+05:30,Load_1,load,0.04290943916102865,0.012872831748308595,0.0,good,synthetic_demo_v1
2024-01-20T19:00:00+05:30,Load_2,load,0.09381698293371611,0.02814509488011483,0.0,good,synthetic_demo_v1
2024-01-20T19:00:00+05:30,Load_3,load,0.07449206908799125,0.022347620726397375,0.0,good,synthetic_demo_v1
2024-01-20T19:00:00+05:30,Load_4,load,0.06271129030359308,0.018813387091077924,0.0,good,synthetic_demo_v1
2024-01-20T19:00:00+05:30,Load_5,load,0.023602097792211417,0.007080629337663425,0.0,good,synthetic_demo_v1
2024-01-20T19:00:00+05:30,Load_6,load,0.02359996667389614,0.007079990002168842,0.0,good,synthetic_demo_v1
2024-01-20T19:00:00+05:30,Load_7,load,0.014949103877573698,0.004484731163272109,0.0,good,synthetic_demo_v1
2024-01-20T19:00:00+05:30,Load_8,load,0.08634766166614276,0.025904298499842826,0.0,good,synthetic_demo_v1
2024-01-20T19:00:00+05:30,Load_9,load,0.06292833540260145,0.018878500620780437,0.0,good,synthetic_demo_v1
2024-01-20T19:00:00+05:30,Load_10,load,0.07237851052878888,0.021713553158636663,0.0,good,synthetic_demo_v1
2024-01-20T19:00:00+05:30,Load_11,load,0.011635890572059271,0.0034907671716177813,0.0,good,synthetic_demo_v1
2024-01-20T19:00:00+05:30,Load_12,load,0.09551299449880979,0.028653898349642937,0.0,good,synthetic_demo_v1
2024-01-20T19:00:00+05:30,Load_13,load,0.08336715695391149,0.025010147086173447,0.0,good,synthetic_demo_v1
2024-01-20T19:00:00+05:30,Load_14,load,0.02857826101805546,0.008573478305416637,0.0,good,synthetic_demo_v1
2024-01-20T19:00:00+05:30,Load_15,load,0.025882201166751752,0.0077646603500255255,0.0,good,synthetic_demo_v1
2024-01-20T19:00:00+05:30,Load_16,load,0.026021760762000547,0.007806528228600164,0.0,good,synthetic_demo_v1
2024-01-20T19:00:00+05:30,Load_17,load,0.036698310181048334,0.0110094930543145,0.0,good,synthetic_demo_v1
2024-01-20T19:00:00+05:30,Load_18,load,0.05618171633612775,0.016854514900838325,0.0,good,synthetic_demo_v1
2024-01-20T19:00:00+05:30,Load_19,load,0.04798141654590736,0.014394424963772207,0.0,good,synthetic_demo_v1
2024-01-20T19:00:00+05:30,Load_20,load,0.03554854486224462,0.010664563458673384,0.0,good,synthetic_demo_v1
2024-01-20T19:00:00+05:30,Load_21,load,0.06387707496710819,0.019163122490132457,0.0,good,synthetic_demo_v1
2024-01-20T19:00:00+05:30,Load_22,load,0.02214206023990054,0.006642618071970161,0.0,good,synthetic_demo_v1
2024-01-20T19:00:00+05:30,Load_23,load,0.03562943408247544,0.01068883022474263,0.0,good,synthetic_demo_v1
2024-01-20T19:00:00+05:30,Load_24,load,0.04218685225984367,0.012656055677953101,0.0,good,synthetic_demo_v1
2024-01-20T19:00:00+05:30,Load_25,load,0.05011296420550551,0.015033889261651653,0.0,good,synthetic_demo_v1
2024-01-20T19:00:00+05:30,Load_26,load,0.07919093628512115,0.023757280885536344,0.0,good,synthetic_demo_v1
2024-01-20T19:00:00+05:30,Load_27,load,0.027459223095251756,0.008237766928575526,0.0,good,synthetic_demo_v1
2024-01-20T19:00:00+05:30,Load_28,load,0.05525205158904989,0.016575615476714965,0.0,good,synthetic_demo_v1
2024-01-20T19:00:00+05:30,Load_29,load,0.06215961270315449,0.018647883810946345,0.0,good,synthetic_demo_v1
2024-01-20T19:00:00+05:30,Load_30,load,0.013921259133901564,0.0041763777401704685,0.0,good,synthetic_demo_v1
2024-01-20T19:00:00+05:30,Load_31,load,0.06349644028541679,0.019048932085625036,0.0,good,synthetic_demo_v1
2024-01-20T19:00:00+05:30,Load_32,load,0.02488372154275694,0.007465116462827082,0.0,good,synthetic_demo_v1
2024-01-20T19:00:00+05:30,PV_5,pv,0.0,0.0,0.03891880659071946,good,synthetic_demo_v1
2024-01-20T19:00:00+05:30,PV_10,pv,0.0,0.0,0.0671038960937878,good,synthetic_demo_v1
2024-01-20T19:00:00+05:30,PV_17,pv,0.0,0.0,0.04478096797424549,good,synthetic_demo_v1
2024-01-20T19:00:00+05:30,PV_24,pv,0.0,0.0,0.05939580616989126,good,synthetic_demo_v1
2024-01-20T19:00:00+05:30,PV_30,pv,0.0,0.0,0.031476107280944625,good,synthetic_demo_v1
2024-01-20T19:00:00+05:30,Battery_18,battery,0.0,0.0,0.0,good,synthetic_demo_v1
2024-01-20T20:00:00+05:30,Load_1,load,0.04179823670540741,0.012539471011622222,0.0,good,synthetic_demo_v1
2024-01-20T20:00:00+05:30,Load_2,load,0.09138745544854676,0.027416236634564026,0.0,good,synthetic_demo_v1
2024-01-20T20:00:00+05:30,Load_3,load,0.07256298840753198,0.021768896522259593,0.0,good,synthetic_demo_v1
2024-01-20T20:00:00+05:30,Load_4,load,0.06108729005695695,0.018326187017087082,0.0,good,synthetic_demo_v1
2024-01-20T20:00:00+05:30,Load_5,load,0.02299088707640375,0.006897266122921125,0.0,good,synthetic_demo_v1
2024-01-20T20:00:00+05:30,Load_6,load,0.02298881114650276,0.006896643343950828,0.0,good,synthetic_demo_v1
2024-01-20T20:00:00+05:30,Load_7,load,0.014561975048512147,0.004368592514553644,0.0,good,synthetic_demo_v1
2024-01-20T20:00:00+05:30,Load_8,load,0.08411156313965087,0.02523346894189526,0.0,good,synthetic_demo_v1
2024-01-20T20:00:00+05:30,Load_9,load,0.06129871445684376,0.018389614337053127,0.0,good,synthetic_demo_v1
2024-01-20T20:00:00+05:30,Load_10,load,0.07050416352714259,0.021151249058142776,0.0,good,synthetic_demo_v1
2024-01-20T20:00:00+05:30,Load_11,load,0.011334562229628838,0.0034003686688886515,0.0,good,synthetic_demo_v1
2024-01-20T20:00:00+05:30,Load_12,load,0.09303954632269826,0.027911863896809476,0.0,good,synthetic_demo_v1
2024-01-20T20:00:00+05:30,Load_13,load,0.08120824294019763,0.024362472882059286,0.0,good,synthetic_demo_v1
2024-01-20T20:00:00+05:30,Load_14,load,0.027838185304143784,0.008351455591243135,0.0,good,synthetic_demo_v1
2024-01-20T20:00:00+05:30,Load_15,load,0.02521194385144528,0.007563583155433583,0.0,good,synthetic_demo_v1
2024-01-20T20:00:00+05:30,Load_16,load,0.0253478893476059,0.00760436680428177,0.0,good,synthetic_demo_v1
2024-01-20T20:00:00+05:30,Load_17,load,0.035747953961352795,0.010724386188405838,0.0,good,synthetic_demo_v1
2024-01-20T20:00:00+05:30,Load_18,load,0.054726808922413044,0.016418042676723914,0.0,good,synthetic_demo_v1
2024-01-20T20:00:00+05:30,Load_19,load,0.046738867844911484,0.014021660353473445,0.0,good,synthetic_demo_v1
2024-01-20T20:00:00+05:30,Load_20,load,0.03462796349094196,0.010388389047282587,0.0,good,synthetic_demo_v1
2024-01-20T20:00:00+05:30,Load_21,load,0.06222288502780415,0.018666865508341245,0.0,good,synthetic_demo_v1
2024-01-20T20:00:00+05:30,Load_22,load,0.021568659324107703,0.00647059779723231,0.0,good,synthetic_demo_v1
2024-01-20T20:00:00+05:30,Load_23,load,0.03470675796694141,0.010412027390082422,0.0,good,synthetic_demo_v1
2024-01-20T20:00:00+05:30,Load_24,load,0.0410943622449976,0.01232830867349928,0.0,good,synthetic_demo_v1
2024-01-20T20:00:00+05:30,Load_25,load,0.048815215971727804,0.014644564791518341,0.0,good,synthetic_demo_v1
2024-01-20T20:00:00+05:30,Load_26,load,0.0771401715913031,0.02314205147739093,0.0,good,synthetic_demo_v1
2024-01-20T20:00:00+05:30,Load_27,load,0.026748126499036916,0.008024437949711074,0.0,good,synthetic_demo_v1
2024-01-20T20:00:00+05:30,Load_28,load,0.05382121919868798,0.016146365759606394,0.0,good,synthetic_demo_v1
2024-01-20T20:00:00+05:30,Load_29,load,0.06054989895189803,0.01816496968556941,0.0,good,synthetic_demo_v1
2024-01-20T20:00:00+05:30,Load_30,load,0.013560747842274602,0.00406822435268238,0.0,good,synthetic_demo_v1
2024-01-20T20:00:00+05:30,Load_31,load,0.0618521074358641,0.01855563223075923,0.0,good,synthetic_demo_v1
2024-01-20T20:00:00+05:30,Load_32,load,0.02423932131231954,0.007271796393695861,0.0,good,synthetic_demo_v1
2024-01-20T20:00:00+05:30,PV_5,pv,0.0,0.0,0.0,good,synthetic_demo_v1
2024-01-20T20:00:00+05:30,PV_10,pv,0.0,0.0,0.0,good,synthetic_demo_v1
2024-01-20T20:00:00+05:30,PV_17,pv,0.0,0.0,0.0,good,synthetic_demo_v1
2024-01-20T20:00:00+05:30,PV_24,pv,0.0,0.0,0.0,good,synthetic_demo_v1
2024-01-20T20:00:00+05:30,PV_30,pv,0.0,0.0,0.0,good,synthetic_demo_v1
2024-01-20T20:00:00+05:30,Battery_18,battery,0.0,0.0,0.0,good,synthetic_demo_v1
2024-01-20T21:00:00+05:30,Load_1,load,0.04685176528971031,0.014055529586913092,0.0,good,synthetic_demo_v1
2024-01-20T21:00:00+05:30,Load_2,load,0.10243646504220247,0.03073093951266074,0.0,good,synthetic_demo_v1
2024-01-20T21:00:00+05:30,Load_3,load,0.08133606509649344,0.024400819528948032,0.0,good,synthetic_demo_v1
2024-01-20T21:00:00+05:30,Load_4,load,0.06847292138433056,0.020541876415299167,0.0,good,synthetic_demo_v1
2024-01-20T21:00:00+05:30,Load_5,load,0.025770552300990977,0.007731165690297293,0.0,good,synthetic_demo_v1
2024-01-20T21:00:00+05:30,Load_6,load,0.025768225385117357,0.0077304676155352066,0.0,good,synthetic_demo_v1
2024-01-20T21:00:00+05:30,Load_7,load,0.016322560253821575,0.004896768076146472,0.0,good,synthetic_demo_v1
2024-01-20T21:00:00+05:30,Load_8,load,0.09428089615703229,0.028284268847109686,0.0,good,synthetic_demo_v1
2024-01-20T21:00:00+05:30,Load_9,load,0.06870990761008522,0.020612972283025565,0.0,good,synthetic_demo_v1
2024-01-20T21:00:00+05:30,Load_10,load,0.07902832229029652,0.023708496687088954,0.0,good,synthetic_demo_v1
2024-01-20T21:00:00+05:30,Load_11,load,0.012704943823036559,0.0038114831469109674,0.0,good,synthetic_demo_v1
2024-01-20T21:00:00+05:30,Load_12,load,0.10428829851590986,0.03128648955477296,0.0,good,synthetic_demo_v1
2024-01-20T21:00:00+05:30,Load_13,load,0.09102655608751302,0.027307966826253905,0.0,good,synthetic_demo_v1
2024-01-20T21:00:00+05:30,Load_14,load,0.03120390300561351,0.009361170901684052,0.0,good,synthetic_demo_v1
2024-01-20T21:00:00+05:30,Load_15,load,0.028260141310517413,0.008478042393155224,0.0,good,synthetic_demo_v1
2024-01-20T21:00:00+05:30,Load_16,load,0.02841252301320026,0.008523756903960077,0.0,good,synthetic_demo_v1
2024-01-20T21:00:00+05:30,Load_17,load,0.04006998573621638,0.012020995720864914,0.0,good,synthetic_demo_v1
2024-01-20T21:00:00+05:30,Load_18,load,0.061343439551267254,0.018403031865380174,0.0,good,synthetic_demo_v1
2024-01-20T21:00:00+05:30,Load_19,load,0.052389733127026585,0.015716919938107976,0.0,good,synthetic_demo_v1
2024-01-20T21:00:00+05:30,Load_20,load,0.038814585155176745,0.011644375546553024,0.0,good,synthetic_demo_v1
2024-01-20T21:00:00+05:30,Load_21,load,0.06974581309536834,0.020923743928610503,0.0,good,synthetic_demo_v1
2024-01-20T21:00:00+05:30,Load_22,load,0.024176373070208586,0.007252911921062576,0.0,good,synthetic_demo_v1
2024-01-20T21:00:00+05:30,Load_23,load,0.038902906112868584,0.011670871833860575,0.0,good,synthetic_demo_v1
2024-01-20T21:00:00+05:30,Load_24,load,0.046062790356509946,0.013818837106952983,0.0,good,synthetic_demo_v1
2024-01-20T21:00:00+05:30,Load_25,load,0.054717117791192156,0.016415135337357646,0.0,good,synthetic_demo_v1
2024-01-20T21:00:00+05:30,Load_26,load,0.08646664306143208,0.025939992918429623,0.0,good,synthetic_demo_v1
2024-01-20T21:00:00+05:30,Load_27,load,0.02998205291541002,0.008994615874623005,0.0,good,synthetic_demo_v1
2024-01-20T21:00:00+05:30,Load_28,load,0.06032836139177994,0.018098508417533982,0.0,good,synthetic_demo_v1
2024-01-20T21:00:00+05:30,Load_29,load,0.06787055812914229,0.020361167438742687,0.0,good,synthetic_demo_v1
2024-01-20T21:00:00+05:30,Load_30,load,0.015200281761574909,0.004560084528472472,0.0,good,synthetic_demo_v1
2024-01-20T21:00:00+05:30,Load_31,load,0.06933020741241348,0.020799062223724043,0.0,good,synthetic_demo_v1
2024-01-20T21:00:00+05:30,Load_32,load,0.02716992587296748,0.008150977761890244,0.0,good,synthetic_demo_v1
2024-01-20T21:00:00+05:30,PV_5,pv,0.0,0.0,0.0,good,synthetic_demo_v1
2024-01-20T21:00:00+05:30,PV_10,pv,0.0,0.0,0.0,good,synthetic_demo_v1
2024-01-20T21:00:00+05:30,PV_17,pv,0.0,0.0,0.0,good,synthetic_demo_v1
2024-01-20T21:00:00+05:30,PV_24,pv,0.0,0.0,0.0,good,synthetic_demo_v1
2024-01-20T21:00:00+05:30,PV_30,pv,0.0,0.0,0.0,good,synthetic_demo_v1
2024-01-20T21:00:00+05:30,Battery_18,battery,0.0,0.0,0.0,good,synthetic_demo_v1
2024-01-20T22:00:00+05:30,Load_1,load,0.04499446269344449,0.013498338808033345,0.0,good,synthetic_demo_v1
2024-01-20T22:00:00+05:30,Load_2,load,0.09837566794525808,0.029512700383577423,0.0,good,synthetic_demo_v1
2024-01-20T22:00:00+05:30,Load_3,load,0.0781117322684849,0.02343351968054547,0.0,good,synthetic_demo_v1
2024-01-20T22:00:00+05:30,Load_4,load,0.06575851064922528,0.019727553194767582,0.0,good,synthetic_demo_v1
2024-01-20T22:00:00+05:30,Load_5,load,0.02474895336229855,0.0074246860086895645,0.0,good,synthetic_demo_v1
2024-01-20T22:00:00+05:30,Load_6,load,0.02474671869026818,0.007424015607080454,0.0,good,synthetic_demo_v1
2024-01-20T22:00:00+05:30,Load_7,load,0.015675499607340743,0.0047026498822022225,0.0,good,synthetic_demo_v1
2024-01-20T22:00:00+05:30,Load_8,load,0.09054340297768389,0.027163020893305165,0.0,good,synthetic_demo_v1
2024-01-20T22:00:00+05:30,Load_9,load,0.0659861022421491,0.01979583067264473,0.0,good,synthetic_demo_v1
2024-01-20T22:00:00+05:30,Load_10,load,0.07589547324478711,0.022768641973436133,0.0,good,synthetic_demo_v1
2024-01-20T22:00:00+05:30,Load_11,load,0.012201293106739652,0.0036603879320218956,0.0,good,synthetic_demo_v1
2024-01-20T22:00:00+05:30,Load_12,load,0.10015409084206829,0.030046227252620485,0.0,good,synthetic_demo_v1
2024-01-20T22:00:00+05:30,Load_13,load,0.08741807179871282,0.026225421539613845,0.0,good,synthetic_demo_v1
2024-01-20T22:00:00+05:30,Load_14,load,0.0299669146081095,0.00899007438243285,0.0,good,synthetic_demo_v1
2024-01-20T22:00:00+05:30,Load_15,load,0.02713984982305044,0.008141954946915131,0.0,good,synthetic_demo_v1
2024-01-20T22:00:00+05:30,Load_16,load,0.02728619079428451,0.008185857238285353,0.0,good,synthetic_demo_v1
2024-01-20T22:00:00+05:30,Load_17,load,0.038481527156694006,0.011544458147008201,0.0,good,synthetic_demo_v1
2024-01-20T22:00:00+05:30,Load_18,load,0.058911656483160185,0.017673496944948054,0.0,good,synthetic_demo_v1
2024-01-20T22:00:00+05:30,Load_19,load,0.05031289382859635,0.015093868148578904,0.0,good,synthetic_demo_v1
2024-01-20T22:00:00+05:30,Load_20,load,0.0372758932972304,0.01118276798916912,0.0,good,synthetic_demo_v1
2024-01-20T22:00:00+05:30,Load_21,load,0.06698094225347612,0.020094282676042834,0.0,good,synthetic_demo_v1
2024-01-20T22:00:00+05:30,Load_22,load,0.02321797075187692,0.006965391225563076,0.0,good,synthetic_demo_v1
2024-01-20T22:00:00+05:30,Load_23,load,0.037360713026248965,0.011208213907874688,0.0,good,synthetic_demo_v1
2024-01-20T22:00:00+05:30,Load_24,load,0.04423676438734153,0.013271029316202458,0.0,good,synthetic_demo_v1
2024-01-20T22:00:00+05:30,Load_25,load,0.05254801606566799,0.015764404819700397,0.0,good,synthetic_demo_v1
2024-01-20T22:00:00+05:30,Load_26,load,0.08303892332333167,0.0249116769969995,0.0,good,synthetic_demo_v1
2024-01-20T22:00:00+05:30,Load_27,load,0.028793501227403505,0.00863805036822105,0.0,good,synthetic_demo_v1
2024-01-20T22:00:00+05:30,Load_28,load,0.057936818158594146,0.017381045447578243,0.0,good,synthetic_demo_v1
2024-01-20T22:00:00+05:30,Load_29,load,0.06518002634141153,0.019554007902423457,0.0,good,synthetic_demo_v1
2024-01-20T22:00:00+05:30,Load_30,load,0.014597710596856267,0.00437931317905688,0.0,good,synthetic_demo_v1
2024-01-20T22:00:00+05:30,Load_31,load,0.06658181205461886,0.019974543616385655,0.0,good,synthetic_demo_v1
2024-01-20T22:00:00+05:30,Load_32,load,0.0260928528202837,0.00782785584608511,0.0,good,synthetic_demo_v1
2024-01-20T22:00:00+05:30,PV_5,pv,0.0,0.0,0.0,good,synthetic_demo_v1
2024-01-20T22:00:00+05:30,PV_10,pv,0.0,0.0,0.0,good,synthetic_demo_v1
2024-01-20T22:00:00+05:30,PV_17,pv,0.0,0.0,0.0,good,synthetic_demo_v1
2024-01-20T22:00:00+05:30,PV_24,pv,0.0,0.0,0.0,good,synthetic_demo_v1
2024-01-20T22:00:00+05:30,PV_30,pv,0.0,0.0,0.0,good,synthetic_demo_v1
2024-01-20T22:00:00+05:30,Battery_18,battery,0.0,0.0,0.0,good,synthetic_demo_v1
2024-01-20T23:00:00+05:30,Load_1,load,0.028196973949665083,0.008459092184899524,0.0,good,synthetic_demo_v1
2024-01-20T23:00:00+05:30,Load_2,load,0.06164972266103958,0.018494916798311875,0.0,good,synthetic_demo_v1
2024-01-20T23:00:00+05:30,Load_3,load,0.04895078967702797,0.014685236903108391,0.0,good,synthetic_demo_v1
2024-01-20T23:00:00+05:30,Load_4,load,0.041209315563515495,0.012362794669054648,0.0,good,synthetic_demo_v1
2024-01-20T23:00:00+05:30,Load_5,load,0.015509588324073523,0.004652876497222056,0.0,good,synthetic_demo_v1
2024-01-20T23:00:00+05:30,Load_6,load,0.015508187907549924,0.004652456372264977,0.0,good,synthetic_demo_v1
2024-01-20T23:00:00+05:30,Load_7,load,0.00982346776952556,0.002947040330857668,0.0,good,synthetic_demo_v1
2024-01-20T23:00:00+05:30,Load_8,load,0.05674142599435352,0.017022427798306056,0.0,good,synthetic_demo_v1
2024-01-20T23:00:00+05:30,Load_9,load,0.04135194187423641,0.012405582562270923,0.0,good,synthetic_demo_v1
2024-01-20T23:00:00+05:30,Load_10,load,0.04756191215263825,0.014268573645791474,0.0,good,synthetic_demo_v1
2024-01-20T23:00:00+05:30,Load_11,load,0.007646264079804009,0.0022938792239412024,0.0,good,synthetic_demo_v1
2024-01-20T23:00:00+05:30,Load_12,load,0.06276421855877927,0.01882926556763378,0.0,good,synthetic_demo_v1
2024-01-20T23:00:00+05:30,Load_13,load,0.0547828542821423,0.01643485628464269,0.0,good,synthetic_demo_v1
2024-01-20T23:00:00+05:30,Load_14,load,0.018779562194434458,0.0056338686583303375,0.0,good,synthetic_demo_v1
2024-01-20T23:00:00+05:30,Load_15,load,0.017007907032299586,0.005102372109689875,0.0,good,synthetic_demo_v1
2024-01-20T23:00:00+05:30,Load_16,load,0.017099615484998967,0.00512988464549969,0.0,good,synthetic_demo_v1
2024-01-20T23:00:00+05:30,Load_17,load,0.024115470078470782,0.007234641023541234,0.0,good,synthetic_demo_v1
2024-01-20T23:00:00+05:30,Load_18,load,0.03691855272291775,0.011075565816875323,0.0,good,synthetic_demo_v1
2024-01-20T23:00:00+05:30,Load_19,load,0.031529909942093634,0.00945897298262809,0.0,good,synthetic_demo_v1
2024-01-20T23:00:00+05:30,Load_20,load,0.02335992762962001,0.0070079782888860034,0.0,good,synthetic_demo_v1
2024-01-20T23:00:00+05:30,Load_21,load,0.04197538476485591,0.012592615429456774,0.0,good,synthetic_demo_v1
2024-01-20T23:00:00+05:30,Load_22,load,0.01455015744748838,0.004365047234246514,0.0,good,synthetic_demo_v1
2024-01-20T23:00:00+05:30,Load_23,load,0.023413082163453412,0.007023924649036024,0.0,good,synthetic_demo_v1
2024-01-20T23:00:00+05:30,Load_24,load,0.027722142201046313,0.008316642660313893,0.0,good,synthetic_demo_v1
2024-01-20T23:00:00+05:30,Load_25,load,0.032930608599668856,0.009879182579900657,0.0,good,synthetic_demo_v1
2024-01-20T23:00:00+05:30,Load_26,load,0.05203854469179735,0.015611563407539204,0.0,good,synthetic_demo_v1
2024-01-20T23:00:00+05:30,Load_27,load,0.01804421156354947,0.0054132634690648405,0.0,good,synthetic_demo_v1
2024-01-20T23:00:00+05:30,Load_28,load,0.036307644420040544,0.010892293326012163,0.0,good,synthetic_demo_v1
2024-01-20T23:00:00+05:30,Load_29,load,0.04084679302226753,0.012254037906680258,0.0,good,synthetic_demo_v1
2024-01-20T23:00:00+05:30,Load_30,load,0.009148042687578893,0.002744412806273668,0.0,good,synthetic_demo_v1
2024-01-20T23:00:00+05:30,Load_31,load,0.041725259235046164,0.012517577770513849,0.0,good,synthetic_demo_v1
2024-01-20T23:00:00+05:30,Load_32,load,0.016351778579037878,0.004905533573711363,0.0,good,synthetic_demo_v1
2024-01-20T23:00:00+05:30,PV_5,pv,0.0,0.0,0.0,good,synthetic_demo_v1
2024-01-20T23:00:00+05:30,PV_10,pv,0.0,0.0,0.0,good,synthetic_demo_v1
2024-01-20T23:00:00+05:30,PV_17,pv,0.0,0.0,0.0,good,synthetic_demo_v1
2024-01-20T23:00:00+05:30,PV_24,pv,0.0,0.0,0.0,good,synthetic_demo_v1
2024-01-20T23:00:00+05:30,PV_30,pv,0.0,0.0,0.0,good,synthetic_demo_v1
2024-01-20T23:00:00+05:30,Battery_18,battery,0.0,0.0,0.0,good,synthetic_demo_v1
2024-01-21T00:00:00+05:30,Load_1,load,0.029896481803298798,0.00896894454098964,0.0,good,synthetic_demo_v1
2024-01-21T00:00:00+05:30,Load_2,load,0.06536551812277286,0.019609655436831856,0.0,good,synthetic_demo_v1
2024-01-21T00:00:00+05:30,Load_3,load,0.051901186114822646,0.015570355834446794,0.0,good,synthetic_demo_v1
2024-01-21T00:00:00+05:30,Load_4,load,0.04369311242654364,0.013107933727963091,0.0,good,synthetic_demo_v1
2024-01-21T00:00:00+05:30,Load_5,load,0.01644439314428019,0.004933317943284057,0.0,good,synthetic_demo_v1
2024-01-21T00:00:00+05:30,Load_6,load,0.01644290832086653,0.004932872496259959,0.0,good,synthetic_demo_v1
2024-01-21T00:00:00+05:30,Load_7,load,0.010415554730843785,0.0031246664192531356,0.0,good,synthetic_demo_v1
2024-01-21T00:00:00+05:30,Load_8,load,0.06016138514585408,0.018048415543756222,0.0,good,synthetic_demo_v1
2024-01-21T00:00:00+05:30,Load_9,load,0.043844335210617966,0.013153300563185389,0.0,good,synthetic_demo_v1
2024-01-21T00:00:00+05:30,Load_10,load,0.05042859718705151,0.015128579156115454,0.0,good,synthetic_demo_v1
2024-01-21T00:00:00+05:30,Load_11,load,0.008107125088427902,0.0024321375265283704,0.0,good,synthetic_demo_v1
2024-01-21T00:00:00+05:30,Load_12,load,0.06654718770143421,0.01996415631043026,0.0,good,synthetic_demo_v1
2024-01-21T00:00:00+05:30,Load_13,load,0.05808476502132919,0.017425429506398755,0.0,good,synthetic_demo_v1
2024-01-21T00:00:00+05:30,Load_14,load,0.019911457180549562,0.005973437154164868,0.0,good,synthetic_demo_v1
2024-01-21T00:00:00+05:30,Load_15,load,0.01803301957192402,0.005409905871577206,0.0,good,synthetic_demo_v1
2024-01-21T00:00:00+05:30,Load_16,load,0.0181302555410117,0.005439076662303509,0.0,good,synthetic_demo_v1
2024-01-21T00:00:00+05:30,Load_17,load,0.025568974658983286,0.007670692397694985,0.0,good,synthetic_demo_v1
2024-01-21T00:00:00+05:30,Load_18,load,0.0391437337089836,0.01174312011269508,0.0,good,synthetic_demo_v1
2024-01-21T00:00:00+05:30,Load_19,load,0.033430302858957976,0.010029090857687393,0.0,good,synthetic_demo_v1
2024-01-21T00:00:00+05:30,Load_20,load,0.024767893624046373,0.007430368087213911,0.0,good,synthetic_demo_v1
2024-01-21T00:00:00+05:30,Load_21,load,0.04450535468980301,0.013351606406940903,0.0,good,synthetic_demo_v1
2024-01-21T00:00:00+05:30,Load_22,load,0.01542713477483408,0.004628140432450223,0.0,good,synthetic_demo_v1
2024-01-21T00:00:00+05:30,Load_23,load,0.024824251925343165,0.00744727557760295,0.0,good,synthetic_demo_v1
2024-01-21T00:00:00+05:30,Load_24,load,0.029393030661429786,0.008817909198428935,0.0,good,synthetic_demo_v1
2024-01-21T00:00:00+05:30,Load_25,load,0.034915425411571464,0.01047462762347144,0.0,good,synthetic_demo_v1
2024-01-21T00:00:00+05:30,Load_26,load,0.05517504847242481,0.01655251454172744,0.0,good,synthetic_demo_v1
2024-01-21T00:00:00+05:30,Load_27,load,0.01913178497903808,0.005739535493711424,0.0,good,synthetic_demo_v1
2024-01-21T00:00:00+05:30,Load_28,load,0.038496004311032755,0.011548801293309827,0.0,good,synthetic_demo_v1
2024-01-21T00:00:00+05:30,Load_29,load,0.04330873967161424,0.012992621901484272,0.0,good,synthetic_demo_v1
2024-01-21T00:00:00+05:30,Load_30,load,0.00969941995312059,0.002909825985936177,0.0,good,synthetic_demo_v1
2024-01-21T00:00:00+05:30,Load_31,load,0.04424015341806915,0.013272046025420746,0.0,good,synthetic_demo_v1
2024-01-21T00:00:00+05:30,Load_32,load,0.017337344482867233,0.00520120334486017,0.0,good,synthetic_demo_v1
2024-01-21T00:00:00+05:30,PV_5,pv,0.0,0.0,0.0,good,synthetic_demo_v1
2024-01-21T00:00:00+05:30,PV_10,pv,0.0,0.0,0.0,good,synthetic_demo_v1
2024-01-21T00:00:00+05:30,PV_17,pv,0.0,0.0,0.0,good,synthetic_demo_v1
2024-01-21T00:00:00+05:30,PV_24,pv,0.0,0.0,0.0,good,synthetic_demo_v1
2024-01-21T00:00:00+05:30,PV_30,pv,0.0,0.0,0.0,good,synthetic_demo_v1
2024-01-21T00:00:00+05:30,Battery_18,battery,0.0,0.0,0.0,good,synthetic_demo_v1
2024-01-21T01:00:00+05:30,Load_1,load,0.02884948365046562,0.008654845095139686,0.0,good,synthetic_demo_v1
2024-01-21T01:00:00+05:30,Load_2,load,0.0630763666037478,0.01892290998112434,0.0,good,synthetic_demo_v1
2024-01-21T01:00:00+05:30,Load_3,load,0.050083566023281505,0.01502506980698445,0.0,good,synthetic_demo_v1
2024-01-21T01:00:00+05:30,Load_4,load,0.042162945489072234,0.01264888364672167,0.0,good,synthetic_demo_v1
2024-01-21T01:00:00+05:30,Load_5,load,0.015868497647284815,0.0047605492941854444,0.0,good,synthetic_demo_v1
2024-01-21T01:00:00+05:30,Load_6,load,0.015867064823547293,0.004760119447064188,0.0,good,synthetic_demo_v1
2024-01-21T01:00:00+05:30,Load_7,load,0.01005079386581374,0.003015238159744122,0.0,good,synthetic_demo_v1
2024-01-21T01:00:00+05:30,Load_8,load,0.05805448643001106,0.017416345929003315,0.0,good,synthetic_demo_v1
2024-01-21T01:00:00+05:30,Load_9,load,0.042308872333088,0.012692661699926399,0.0,good,synthetic_demo_v1
2024-01-21T01:00:00+05:30,Load_10,load,0.0486625483103912,0.01459876449311736,0.0,good,synthetic_demo_v1
2024-01-21T01:00:00+05:30,Load_11,load,0.007823207233202711,0.0023469621699608134,0.0,good,synthetic_demo_v1
2024-01-21T01:00:00+05:30,Load_12,load,0.0642166531904485,0.01926499595713455,0.0,good,synthetic_demo_v1
2024-01-21T01:00:00+05:30,Load_13,load,0.05605059116484651,0.016815177349453952,0.0,good,synthetic_demo_v1
2024-01-21T01:00:00+05:30,Load_14,load,0.019214142391959555,0.005764242717587866,0.0,good,synthetic_demo_v1
2024-01-21T01:00:00+05:30,Load_15,load,0.01740148913613456,0.005220446740840368,0.0,good,synthetic_demo_v1
2024-01-21T01:00:00+05:30,Load_16,load,0.01749531982560795,0.005248595947682385,0.0,good,synthetic_demo_v1
2024-01-21T01:00:00+05:30,Load_17,load,0.02467352918770914,0.007402058756312741,0.0,good,synthetic_demo_v1
2024-01-21T01:00:00+05:30,Load_18,load,0.037772889568929054,0.011331866870678716,0.0,good,synthetic_demo_v1
2024-01-21T01:00:00+05:30,Load_19,load,0.0322595475315495,0.009677864259464848,0.0,good,synthetic_demo_v1
2024-01-21T01:00:00+05:30,Load_20,load,0.023900502636552863,0.007170150790965859,0.0,good,synthetic_demo_v1
2024-01-21T01:00:00+05:30,Load_21,load,0.04294674239361412,0.012884022718084235,0.0,good,synthetic_demo_v1
2024-01-21T01:00:00+05:30,Load_22,load,0.014886864460787378,0.004466059338236213,0.0,good,synthetic_demo_v1
2024-01-21T01:00:00+05:30,Load_23,load,0.023954887226101805,0.007186466167830541,0.0,good,synthetic_demo_v1
2024-01-21T01:00:00+05:30,Load_24,load,0.028363663760964254,0.008509099128289276,0.0,good,synthetic_demo_v1
2024-01-21T01:00:00+05:30,Load_25,load,0.03369265993194683,0.01010779797958405,0.0,good,synthetic_demo_v1
2024-01-21T01:00:00+05:30,Load_26,load,0.0532427751630371,0.015972832548911128,0.0,good,synthetic_demo_v1
2024-01-21T01:00:00+05:30,Load_27,load,0.018461774920154023,0.0055385324760462065,0.0,good,synthetic_demo_v1
2024-01-21T01:00:00+05:30,Load_28,load,0.037147844160607894,0.011144353248182368,0.0,good,synthetic_demo_v1
2024-01-21T01:00:00+05:30,Load_29,load,0.0417920337683561,0.01253761013050683,0.0,good,synthetic_demo_v1
2024-01-21T01:00:00+05:30,Load_30,load,0.009359738687569473,0.002807921606270842,0.0,good,synthetic_demo_v1
2024-01-21T01:00:00+05:30,Load_31,load,0.042690828677635524,0.012807248603290657,0.0,good,synthetic_demo_v1
2024-01-21T01:00:00+05:30,Load_32,load,0.016730177132273105,0.005019053139681931,0.0,good,synthetic_demo_v1
2024-01-21T01:00:00+05:30,PV_5,pv,0.0,0.0,0.0,good,synthetic_demo_v1
2024-01-21T01:00:00+05:30,PV_10,pv,0.0,0.0,0.0,good,synthetic_demo_v1
2024-01-21T01:00:00+05:30,PV_17,pv,0.0,0.0,0.0,good,synthetic_demo_v1
2024-01-21T01:00:00+05:30,PV_24,pv,0.0,0.0,0.0,good,synthetic_demo_v1
2024-01-21T01:00:00+05:30,PV_30,pv,0.0,0.0,0.0,good,synthetic_demo_v1
2024-01-21T01:00:00+05:30,Battery_18,battery,0.0,0.0,0.0,good,synthetic_demo_v1
2024-01-21T02:00:00+05:30,Load_1,load,0.015603442492728704,0.004681032747818611,0.0,good,synthetic_demo_v1
2024-01-21T02:00:00+05:30,Load_2,load,0.034115288539521824,0.010234586561856546,0.0,good,synthetic_demo_v1
2024-01-21T02:00:00+05:30,Load_3,load,0.02708804260565826,0.008126412781697477,0.0,good,synthetic_demo_v1
2024-01-21T02:00:00+05:30,Load_4,load,0.02280412028283132,0.006841236084849396,0.0,good,synthetic_demo_v1
2024-01-21T02:00:00+05:30,Load_5,load,0.008582586554592047,0.0025747759663776143,0.0,good,synthetic_demo_v1
2024-01-21T02:00:00+05:30,Load_6,load,0.008581811601977244,0.002574543480593173,0.0,good,synthetic_demo_v1
2024-01-21T02:00:00+05:30,Load_7,load,0.005436041282110225,0.0016308123846330675,0.0,good,synthetic_demo_v1
2024-01-21T02:00:00+05:30,Load_8,load,0.031399169961953764,0.009419750988586129,0.0,good,synthetic_demo_v1
2024-01-21T02:00:00+05:30,Load_9,load,0.02288304582431874,0.0068649137472956215,0.0,good,synthetic_demo_v1
2024-01-21T02:00:00+05:30,Load_10,load,0.026319475360820417,0.007895842608246125,0.0,good,synthetic_demo_v1
2024-01-21T02:00:00+05:30,Load_11,load,0.004231235666154031,0.0012693706998462093,0.0,good,synthetic_demo_v1
2024-01-21T02:00:00+05:30,Load_12,load,0.03473202041577941,0.010419606124733824,0.0,good,synthetic_demo_v1
2024-01-21T02:00:00+05:30,Load_13,load,0.030315349367093944,0.009094604810128182,0.0,good,synthetic_demo_v1
2024-01-21T02:00:00+05:30,Load_14,load,0.010392101622768659,0.0031176304868305977,0.0,good,synthetic_demo_v1
2024-01-21T02:00:00+05:30,Load_15,load,0.009411715589548744,0.002823514676864623,0.0,good,synthetic_demo_v1
2024-01-21T02:00:00+05:30,Load_16,load,0.009462464566029212,0.0028387393698087633,0.0,good,synthetic_demo_v1
2024-01-21T02:00:00+05:30,Load_17,load,0.013344848678664967,0.00400345460359949,0.0,good,synthetic_demo_v1
2024-01-21T02:00:00+05:30,Load_18,load,0.02042972821676356,0.006128918465029068,0.0,good,synthetic_demo_v1
2024-01-21T02:00:00+05:30,Load_19,load,0.017447799095768452,0.005234339728730535,0.0,good,synthetic_demo_v1
2024-01-21T02:00:00+05:30,Load_20,load,0.012926751929258337,0.003878025578777501,0.0,good,synthetic_demo_v1
2024-01-21T02:00:00+05:30,Load_21,load,0.023228042252256265,0.006968412675676879,0.0,good,synthetic_demo_v1
2024-01-21T02:00:00+05:30,Load_22,load,0.00805166346563688,0.002415499039691064,0.0,good,synthetic_demo_v1
2024-01-21T02:00:00+05:30,Load_23,load,0.01295616621014457,0.0038868498630433707,0.0,good,synthetic_demo_v1
2024-01-21T02:00:00+05:30,Load_24,load,0.015340683449984587,0.004602205034995376,0.0,good,synthetic_demo_v1
2024-01-21T02:00:00+05:30,Load_25,load,0.018222907835881215,0.005466872350764364,0.0,good,synthetic_demo_v1
2024-01-21T02:00:00+05:30,Load_26,load,0.028796722689223075,0.008639016806766922,0.0,good,synthetic_demo_v1
2024-01-21T02:00:00+05:30,Load_27,load,0.009985178479118985,0.0029955535437356955,0.0,good,synthetic_demo_v1
2024-01-21T02:00:00+05:30,Load_28,load,0.02009166809054962,0.006027500427164886,0.0,good,synthetic_demo_v1
2024-01-21T02:00:00+05:30,Load_29,load,0.022603510116833432,0.006781053035050029,0.0,good,synthetic_demo_v1
2024-01-21T02:00:00+05:30,Load_30,load,0.005062279315910779,0.0015186837947732336,0.0,good,synthetic_demo_v1
2024-01-21T02:00:00+05:30,Load_31,load,0.0230896295513999,0.006926888865419969,0.0,good,synthetic_demo_v1
2024-01-21T02:00:00+05:30,Load_32,load,0.009048631855578288,0.0027145895566734863,0.0,good,synthetic_demo_v1
2024-01-21T02:00:00+05:30,PV_5,pv,0.0,0.0,0.0,good,synthetic_demo_v1
2024-01-21T02:00:00+05:30,PV_10,pv,0.0,0.0,0.0,good,synthetic_demo_v1
2024-01-21T02:00:00+05:30,PV_17,pv,0.0,0.0,0.0,good,synthetic_demo_v1
2024-01-21T02:00:00+05:30,PV_24,pv,0.0,0.0,0.0,good,synthetic_demo_v1
2024-01-21T02:00:00+05:30,PV_30,pv,0.0,0.0,0.0,good,synthetic_demo_v1
2024-01-21T02:00:00+05:30,Battery_18,battery,0.0,0.0,0.0,good,synthetic_demo_v1
2024-01-21T03:00:00+05:30,Load_1,load,0.015313162040722259,0.004593948612216677,0.0,good,synthetic_demo_v1
2024-01-21T03:00:00+05:30,Load_2,load,0.03348062081269183,0.010044186243807549,0.0,good,synthetic_demo_v1
2024-01-21T03:00:00+05:30,Load_3,load,0.02658410706353641,0.007975232119060923,0.0,good,synthetic_demo_v1
2024-01-21T03:00:00+05:30,Load_4,load,0.022379881186465608,0.0067139643559396825,0.0,good,synthetic_demo_v1
2024-01-21T03:00:00+05:30,Load_5,load,0.008422919410267172,0.0025268758230801514,0.0,good,synthetic_demo_v1
2024-01-21T03:00:00+05:30,Load_6,load,0.008422158874573211,0.002526647662371963,0.0,good,synthetic_demo_v1
2024-01-21T03:00:00+05:30,Load_7,load,0.005334911257679271,0.0016004733773037811,0.0,good,synthetic_demo_v1
2024-01-21T03:00:00+05:30,Load_8,load,0.030815031862080577,0.009244509558624173,0.0,good,synthetic_demo_v1
2024-01-21T03:00:00+05:30,Load_9,load,0.022457338427488656,0.006737201528246597,0.0,good,synthetic_demo_v1
2024-01-21T03:00:00+05:30,Load_10,load,0.025829837948571698,0.007748951384571509,0.0,good,synthetic_demo_v1
2024-01-21T03:00:00+05:30,Load_11,load,0.004152519382725593,0.0012457558148176778,0.0,good,synthetic_demo_v1
2024-01-21T03:00:00+05:30,Load_12,load,0.03408587924596462,0.010225763773789387,0.0,good,synthetic_demo_v1
2024-01-21T03:00:00+05:30,Load_13,load,0.029751374249352192,0.008925412274805658,0.0,good,synthetic_demo_v1
2024-01-21T03:00:00+05:30,Load_14,load,0.010198770955016336,0.0030596312865049007,0.0,good,synthetic_demo_v1
2024-01-21T03:00:00+05:30,Load_15,load,0.009236623647064677,0.002770987094119403,0.0,good,synthetic_demo_v1
2024-01-21T03:00:00+05:30,Load_16,load,0.00928642850907563,0.002785928552722689,0.0,good,synthetic_demo_v1
2024-01-21T03:00:00+05:30,Load_17,load,0.01309658623861652,0.003928975871584956,0.0,good,synthetic_demo_v1
2024-01-21T03:00:00+05:30,Load_18,load,0.02004966139856658,0.006014898419569974,0.0,good,synthetic_demo_v1
2024-01-21T03:00:00+05:30,Load_19,load,0.017123206941800025,0.005136962082540007,0.0,good,synthetic_demo_v1
2024-01-21T03:00:00+05:30,Load_20,load,0.01268626760057581,0.003805880280172743,0.0,good,synthetic_demo_v1
2024-01-21T03:00:00+05:30,Load_21,load,0.022795916674368446,0.006838775002310534,0.0,good,synthetic_demo_v1
2024-01-21T03:00:00+05:30,Load_22,load,0.007901873410570633,0.00237056202317119,0.0,good,synthetic_demo_v1
2024-01-21T03:00:00+05:30,Load_23,load,0.012715134669476285,0.0038145404008428853,0.0,good,synthetic_demo_v1
2024-01-21T03:00:00+05:30,Load_24,load,0.015055291266303039,0.004516587379890911,0.0,good,synthetic_demo_v1
2024-01-21T03:00:00+05:30,Load_25,load,0.01788389585657367,0.0053651687569721005,0.0,good,synthetic_demo_v1
2024-01-21T03:00:00+05:30,Load_26,load,0.028260999519004237,0.00847829985570127,0.0,good,synthetic_demo_v1
2024-01-21T03:00:00+05:30,Load_27,load,0.009799418053262038,0.0029398254159786114,0.0,good,synthetic_demo_v1
2024-01-21T03:00:00+05:30,Load_28,load,0.01971789041311683,0.005915367123935049,0.0,good,synthetic_demo_v1
2024-01-21T03:00:00+05:30,Load_29,load,0.022183003094956417,0.006654900928486925,0.0,good,synthetic_demo_v1
2024-01-21T03:00:00+05:30,Load_30,load,0.004968102615564669,0.0014904307846694007,0.0,good,synthetic_demo_v1
2024-01-21T03:00:00+05:30,Load_31,load,0.02266007895024473,0.006798023685073419,0.0,good,synthetic_demo_v1
2024-01-21T03:00:00+05:30,Load_32,load,0.008880294583447397,0.0026640883750342187,0.0,good,synthetic_demo_v1
2024-01-21T03:00:00+05:30,PV_5,pv,0.0,0.0,0.0,good,synthetic_demo_v1
2024-01-21T03:00:00+05:30,PV_10,pv,0.0,0.0,0.0,good,synthetic_demo_v1
2024-01-21T03:00:00+05:30,PV_17,pv,0.0,0.0,0.0,good,synthetic_demo_v1
2024-01-21T03:00:00+05:30,PV_24,pv,0.0,0.0,0.0,good,synthetic_demo_v1
2024-01-21T03:00:00+05:30,PV_30,pv,0.0,0.0,0.0,good,synthetic_demo_v1
2024-01-21T03:00:00+05:30,Battery_18,battery,0.0,0.0,0.0,good,synthetic_demo_v1
2024-01-21T04:00:00+05:30,Load_1,load,0.014588295982164243,0.004376488794649273,0.0,good,synthetic_demo_v1
2024-01-21T04:00:00+05:30,Load_2,load,0.03189577729167162,0.009568733187501484,0.0,good,synthetic_demo_v1
2024-01-21T04:00:00+05:30,Load_3,load,0.025325717917246086,0.007597715375173826,0.0,good,synthetic_demo_v1
2024-01-21T04:00:00+05:30,Load_4,load,0.021320503885847372,0.006396151165754212,0.0,good,synthetic_demo_v1
2024-01-21T04:00:00+05:30,Load_5,load,0.00802421087585502,0.002407263262756506,0.0,good,synthetic_demo_v1
2024-01-21T04:00:00+05:30,Load_6,load,0.008023486340988937,0.002407045902296681,0.0,good,synthetic_demo_v1
2024-01-21T04:00:00+05:30,Load_7,load,0.0050823771248968315,0.0015247131374690494,0.0,good,synthetic_demo_v1
2024-01-21T04:00:00+05:30,Load_8,load,0.02935636704610032,0.008806910113830096,0.0,good,synthetic_demo_v1
2024-01-21T04:00:00+05:30,Load_9,load,0.021394294599679113,0.006418288379903734,0.0,good,synthetic_demo_v1
2024-01-21T04:00:00+05:30,Load_10,load,0.02460715299446601,0.007382145898339802,0.0,good,synthetic_demo_v1
2024-01-21T04:00:00+05:30,Load_11,load,0.003955955123166559,0.0011867865369499678,0.0,good,synthetic_demo_v1
2024-01-21T04:00:00+05:30,Load_12,load,0.032472385123992836,0.00974171553719785,0.0,good,synthetic_demo_v1
2024-01-21T04:00:00+05:30,Load_13,load,0.028343058884343804,0.008502917665303141,0.0,good,synthetic_demo_v1
2024-01-21T04:00:00+05:30,Load_14,load,0.009716000454407831,0.002914800136322349,0.0,good,synthetic_demo_v1
2024-01-21T04:00:00+05:30,Load_15,load,0.008799397490923528,0.0026398192472770585,0.0,good,synthetic_demo_v1
2024-01-21T04:00:00+05:30,Load_16,load,0.00884684478276531,0.002654053434829593,0.0,good,synthetic_demo_v1
2024-01-21T04:00:00+05:30,Load_17,load,0.01247664433360006,0.0037429933000800177,0.0,good,synthetic_demo_v1
2024-01-21T04:00:00+05:30,Load_18,load,0.019100587719678225,0.0057301763159034675,0.0,good,synthetic_demo_v1
2024-01-21T04:00:00+05:30,Load_19,load,0.016312660335372917,0.004893798100611875,0.0,good,synthetic_demo_v1
2024-01-21T04:00:00+05:30,Load_20,load,0.012085748598100217,0.003625724579430065,0.0,good,synthetic_demo_v1
2024-01-21T04:00:00+05:30,Load_21,load,0.0217168458575754,0.00651505375727262,0.0,good,synthetic_demo_v1
2024-01-21T04:00:00+05:30,Load_22,load,0.007527829185144638,0.002258348755543391,0.0,good,synthetic_demo_v1
2024-01-21T04:00:00+05:30,Load_23,load,0.012113249211241892,0.0036339747633725673,0.0,good,synthetic_demo_v1
2024-01-21T04:00:00+05:30,Load_24,load,0.014342631816110656,0.004302789544833196,0.0,good,synthetic_demo_v1
2024-01-21T04:00:00+05:30,Load_25,load,0.017037341169387384,0.005111202350816215,0.0,good,synthetic_demo_v1
2024-01-21T04:00:00+05:30,Load_26,load,0.026923232748315488,0.008076969824494646,0.0,good,synthetic_demo_v1
2024-01-21T04:00:00+05:30,Load_27,load,0.009335551379511664,0.002800665413853499,0.0,good,synthetic_demo_v1
2024-01-21T04:00:00+05:30,Load_28,load,0.01878452149369797,0.005635356448109391,0.0,good,synthetic_demo_v1
2024-01-21T04:00:00+05:30,Load_29,load,0.02113294524422248,0.006339883573266743,0.0,good,synthetic_demo_v1
2024-01-21T04:00:00+05:30,Load_30,load,0.004732931789847588,0.0014198795369542762,0.0,good,synthetic_demo_v1
2024-01-21T04:00:00+05:30,Load_31,load,0.021587438167655414,0.0064762314502966245,0.0,good,synthetic_demo_v1
2024-01-21T04:00:00+05:30,Load_32,load,0.008459935671524461,0.0025379807014573384,0.0,good,synthetic_demo_v1
2024-01-21T04:00:00+05:30,PV_5,pv,0.0,0.0,0.0,good,synthetic_demo_v1
2024-01-21T04:00:00+05:30,PV_10,pv,0.0,0.0,0.0,good,synthetic_demo_v1
2024-01-21T04:00:00+05:30,PV_17,pv,0.0,0.0,0.0,good,synthetic_demo_v1
2024-01-21T04:00:00+05:30,PV_24,pv,0.0,0.0,0.0,good,synthetic_demo_v1
2024-01-21T04:00:00+05:30,PV_30,pv,0.0,0.0,0.0,good,synthetic_demo_v1
2024-01-21T04:00:00+05:30,Battery_18,battery,0.0,0.0,0.0,good,synthetic_demo_v1
2024-01-21T05:00:00+05:30,Load_1,load,0.014233798973639385,0.004270139692091815,0.0,good,synthetic_demo_v1
2024-01-21T05:00:00+05:30,Load_2,load,0.031120706807202646,0.009336212042160794,0.0,good,synthetic_demo_v1
2024-01-21T05:00:00+05:30,Load_3,load,0.02471030051336392,0.007413090154009175,0.0,good,synthetic_demo_v1
2024-01-21T05:00:00+05:30,Load_4,load,0.02080241357173419,0.006240724071520257,0.0,good,synthetic_demo_v1
2024-01-21T05:00:00+05:30,Load_5,load,0.007829221772621783,0.002348766531786535,0.0,good,synthetic_demo_v1
2024-01-21T05:00:00+05:30,Load_6,load,0.00782851484402328,0.0023485544532069838,0.0,good,synthetic_demo_v1
2024-01-21T05:00:00+05:30,Load_7,load,0.004958874867390276,0.0014876624602170828,0.0,good,synthetic_demo_v1
2024-01-21T05:00:00+05:30,Load_8,load,0.028643004477111888,0.008592901343133567,0.0,good,synthetic_demo_v1
2024-01-21T05:00:00+05:30,Load_9,load,0.02087441116405659,0.006262323349216977,0.0,good,synthetic_demo_v1
2024-01-21T05:00:00+05:30,Load_10,load,0.024009196787962064,0.007202759036388619,0.0,good,synthetic_demo_v1
2024-01-21T05:00:00+05:30,Load_11,load,0.0038598250296494217,0.0011579475088948266,0.0,good,synthetic_demo_v1
2024-01-21T05:00:00+05:30,Load_12,load,0.031683303013224286,0.009504990903967286,0.0,good,synthetic_demo_v1
2024-01-21T05:00:00+05:30,Load_13,load,0.027654319802052907,0.008296295940615872,0.0,good,synthetic_demo_v1
2024-01-21T05:00:00+05:30,Load_14,load,0.009479900700185352,0.0028439702100556056,0.0,good,synthetic_demo_v1
2024-01-21T05:00:00+05:30,Load_15,load,0.008585571277692916,0.0025756713833078745,0.0,good,synthetic_demo_v1
2024-01-21T05:00:00+05:30,Load_16,load,0.008631865595736999,0.0025895596787210997,0.0,good,synthetic_demo_v1
2024-01-21T05:00:00+05:30,Load_17,load,0.012173460665123812,0.0036520381995371436,0.0,good,synthetic_demo_v1
2024-01-21T05:00:00+05:30,Load_18,load,0.018636441583901233,0.00559093247517037,0.0,good,synthetic_demo_v1
2024-01-21T05:00:00+05:30,Load_19,load,0.015916261105672482,0.004774878331701745,0.0,good,synthetic_demo_v1
2024-01-21T05:00:00+05:30,Load_20,load,0.011792063733942804,0.003537619120182841,0.0,good,synthetic_demo_v1
2024-01-21T05:00:00+05:30,Load_21,load,0.02118912439507435,0.006356737318522304,0.0,good,synthetic_demo_v1
2024-01-21T05:00:00+05:30,Load_22,load,0.007344902205181896,0.002203470661554569,0.0,good,synthetic_demo_v1
2024-01-21T05:00:00+05:30,Load_23,load,0.011818896079515515,0.0035456688238546543,0.0,good,synthetic_demo_v1
2024-01-21T05:00:00+05:30,Load_24,load,0.013994104470668739,0.004198231341200622,0.0,good,synthetic_demo_v1
2024-01-21T05:00:00+05:30,Load_25,load,0.016623332125072034,0.00498699963752161,0.0,good,synthetic_demo_v1
2024-01-21T05:00:00+05:30,Load_26,load,0.026268995578959644,0.007880698673687892,0.0,good,synthetic_demo_v1
2024-01-21T05:00:00+05:30,Load_27,load,0.009108696574741242,0.0027326089724223723,0.0,good,synthetic_demo_v1
2024-01-21T05:00:00+05:30,Load_28,load,0.018328055797894413,0.005498416739368323,0.0,good,synthetic_demo_v1
2024-01-21T05:00:00+05:30,Load_29,load,0.020619412623308034,0.00618582378699241,0.0,good,synthetic_demo_v1
2024-01-21T05:00:00+05:30,Load_30,load,0.00461792108790512,0.0013853763263715361,0.0,good,synthetic_demo_v1
2024-01-21T05:00:00+05:30,Load_31,load,0.021062861324581662,0.006318858397374499,0.0,good,synthetic_demo_v1
2024-01-21T05:00:00+05:30,Load_32,load,0.00825435841345849,0.002476307524037547,0.0,good,synthetic_demo_v1
2024-01-21T05:00:00+05:30,PV_5,pv,0.0,0.0,0.0,good,synthetic_demo_v1
2024-01-21T05:00:00+05:30,PV_10,pv,0.0,0.0,0.0,good,synthetic_demo_v1
2024-01-21T05:00:00+05:30,PV_17,pv,0.0,0.0,0.0,good,synthetic_demo_v1
2024-01-21T05:00:00+05:30,PV_24,pv,0.0,0.0,0.0,good,synthetic_demo_v1
2024-01-21T05:00:00+05:30,PV_30,pv,0.0,0.0,0.0,good,synthetic_demo_v1
2024-01-21T05:00:00+05:30,Battery_18,battery,0.0,0.0,0.0,good,synthetic_demo_v1
2024-01-21T06:00:00+05:30,Load_1,load,0.02920858454861757,0.008762575364585272,0.0,good,synthetic_demo_v1
2024-01-21T06:00:00+05:30,Load_2,load,0.06386150300944571,0.01915845090283371,0.0,good,synthetic_demo_v1
2024-01-21T06:00:00+05:30,Load_3,load,0.050706975917181714,0.015212092775154513,0.0,good,synthetic_demo_v1
2024-01-21T06:00:00+05:30,Load_4,load,0.0426877642961365,0.01280632928884095,0.0,good,synthetic_demo_v1
2024-01-21T06:00:00+05:30,Load_5,load,0.016066019094340942,0.004819805728302282,0.0,good,synthetic_demo_v1
2024-01-21T06:00:00+05:30,Load_6,load,0.016064568435681405,0.004819370530704421,0.0,good,synthetic_demo_v1
2024-01-21T06:00:00+05:30,Load_7,load,0.010175900060020981,0.003052770018006294,0.0,good,synthetic_demo_v1
2024-01-21T06:00:00+05:30,Load_8,load,0.05877711351309338,0.017633134053928013,0.0,good,synthetic_demo_v1
2024-01-21T06:00:00+05:30,Load_9,load,0.042835507549117684,0.012850652264735305,0.0,good,synthetic_demo_v1
2024-01-21T06:00:00+05:30,Load_10,load,0.04926827023652148,0.014780481070956444,0.0,good,synthetic_demo_v1
2024-01-21T06:00:00+05:30,Load_11,load,0.00792058577827163,0.002376175733481489,0.0,good,synthetic_demo_v1
2024-01-21T06:00:00+05:30,Load_12,load,0.0650159831928983,0.019504794957869487,0.0,good,synthetic_demo_v1
2024-01-21T06:00:00+05:30,Load_13,load,0.056748274973441086,0.017024482492032325,0.0,good,synthetic_demo_v1
2024-01-21T06:00:00+05:30,Load_14,load,0.019453308398317548,0.005835992519495264,0.0,good,synthetic_demo_v1
2024-01-21T06:00:00+05:30,Load_15,load,0.017618092332700487,0.005285427699810146,0.0,good,synthetic_demo_v1
2024-01-21T06:00:00+05:30,Load_16,load,0.017713090969762552,0.005313927290928766,0.0,good,synthetic_demo_v1
2024-01-21T06:00:00+05:30,Load_17,load,0.0249806503341128,0.00749419510023384,0.0,good,synthetic_demo_v1
2024-01-21T06:00:00+05:30,Load_18,load,0.038243063618986196,0.011472919085695858,0.0,good,synthetic_demo_v1
2024-01-21T06:00:00+05:30,Load_19,load,0.03266109483939422,0.009798328451818267,0.0,good,synthetic_demo_v1
2024-01-21T06:00:00+05:30,Load_20,load,0.024198001616675183,0.007259400485002555,0.0,good,synthetic_demo_v1
2024-01-21T06:00:00+05:30,Load_21,load,0.04348131742979499,0.013044395228938497,0.0,good,synthetic_demo_v1
2024-01-21T06:00:00+05:30,Load_22,load,0.015072167132519902,0.00452165013975597,0.0,good,synthetic_demo_v1
2024-01-21T06:00:00+05:30,Load_23,load,0.024253063152653714,0.007275918945796114,0.0,good,synthetic_demo_v1
2024-01-21T06:00:00+05:30,Load_24,load,0.02871671746739611,0.008615015240218833,0.0,good,synthetic_demo_v1
2024-01-21T06:00:00+05:30,Load_25,load,0.03411204575490574,0.010233613726471722,0.0,good,synthetic_demo_v1
2024-01-21T06:00:00+05:30,Load_26,load,0.053905508978754464,0.01617165269362634,0.0,good,synthetic_demo_v1
2024-01-21T06:00:00+05:30,Load_27,load,0.01869157591193709,0.005607472773581127,0.0,good,synthetic_demo_v1
2024-01-21T06:00:00+05:30,Load_28,load,0.03761023802401652,0.011283071407204956,0.0,good,synthetic_demo_v1
2024-01-21T06:00:00+05:30,Load_29,load,0.04231223569098465,0.012693670707295395,0.0,good,synthetic_demo_v1
2024-01-21T06:00:00+05:30,Load_30,load,0.009476243045494765,0.0028428729136484292,0.0,good,synthetic_demo_v1
2024-01-21T06:00:00+05:30,Load_31,load,0.043222218254888575,0.012966665476466572,0.0,good,synthetic_demo_v1
2024-01-21T06:00:00+05:30,Load_32,load,0.016938424243633225,0.005081527273089967,0.0,good,synthetic_demo_v1
2024-01-21T06:00:00+05:30,PV_5,pv,0.0,0.0,0.04059251226409366,good,synthetic_demo_v1
2024-01-21T06:00:00+05:30,PV_10,pv,0.0,0.0,0.06725418538824664,good,synthetic_demo_v1
2024-01-21T06:00:00+05:30,PV_17,pv,0.0,0.0,0.04592020803831682,good,synthetic_demo_v1
2024-01-21T06:00:00+05:30,PV_24,pv,0.0,0.0,0.062343287698114654,good,synthetic_demo_v1
2024-01-21T06:00:00+05:30,PV_30,pv,0.0,0.0,0.02800098032413882,good,synthetic_demo_v1
2024-01-21T06:00:00+05:30,Battery_18,battery,0.0,0.0,0.0,good,synthetic_demo_v1
2024-01-21T07:00:00+05:30,Load_1,load,0.04474596902256528,0.013423790706769584,0.0,good,synthetic_demo_v1
2024-01-21T07:00:00+05:30,Load_2,load,0.09783236262745787,0.02934970878823736,0.0,good,synthetic_demo_v1
2024-01-21T07:00:00+05:30,Load_3,load,0.07768033982754444,0.02330410194826333,0.0,good,synthetic_demo_v1
2024-01-21T07:00:00+05:30,Load_4,load,0.06539534210081728,0.019618602630245185,0.0,good,synthetic_demo_v1
2024-01-21T07:00:00+05:30,Load_5,load,0.024612270803973168,0.00738368124119195,0.0,good,synthetic_demo_v1
2024-01-21T07:00:00+05:30,Load_6,load,0.02461004847350269,0.007383014542050807,0.0,good,synthetic_demo_v1
2024-01-21T07:00:00+05:30,Load_7,load,0.015588927566980292,0.004676678270094087,0.0,good,synthetic_demo_v1
2024-01-21T07:00:00+05:30,Load_8,load,0.09004335338862417,0.027013006016587248,0.0,good,synthetic_demo_v1
2024-01-21T07:00:00+05:30,Load_9,load,0.06562167675973188,0.019686503027919564,0.0,good,synthetic_demo_v1
2024-01-21T07:00:00+05:30,Load_10,load,0.07547632067309834,0.0226428962019295,0.0,good,synthetic_demo_v1
2024-01-21T07:00:00+05:30,Load_11,load,0.012133908279094878,0.003640172483728463,0.0,good,synthetic_demo_v1
2024-01-21T07:00:00+05:30,Load_12,load,0.09960096371937144,0.02988028911581143,0.0,good,synthetic_demo_v1
2024-01-21T07:00:00+05:30,Load_13,load,0.08693528266729356,0.026080584800188066,0.0,good,synthetic_demo_v1
2024-01-21T07:00:00+05:30,Load_14,load,0.029801414496092873,0.008940424348827861,0.0,good,synthetic_demo_v1
2024-01-21T07:00:00+05:30,Load_15,load,0.02698996291461931,0.008096988874385792,0.0,good,synthetic_demo_v1
2024-01-21T07:00:00+05:30,Load_16,load,0.027135495679621653,0.008140648703886496,0.0,good,synthetic_demo_v1
2024-01-21T07:00:00+05:30,Load_17,load,0.03826900287322038,0.011480700861966115,0.0,good,synthetic_demo_v1
2024-01-21T07:00:00+05:30,Load_18,load,0.05858630147499363,0.017575890442498087,0.0,good,synthetic_demo_v1
2024-01-21T07:00:00+05:30,Load_19,load,0.05003502773282351,0.015010508319847054,0.0,good,synthetic_demo_v1
2024-01-21T07:00:00+05:30,Load_20,load,0.03707002744160634,0.011121008232481902,0.0,good,synthetic_demo_v1
2024-01-21T07:00:00+05:30,Load_21,load,0.06661102250728611,0.01998330675218583,0.0,good,synthetic_demo_v1
2024-01-21T07:00:00+05:30,Load_22,load,0.023089743444845635,0.00692692303345369,0.0,good,synthetic_demo_v1
2024-01-21T07:00:00+05:30,Load_23,load,0.037154378731520075,0.011146313619456023,0.0,good,synthetic_demo_v1
2024-01-21T07:00:00+05:30,Load_24,load,0.043992455303236595,0.013197736590970979,0.0,good,synthetic_demo_v1
2024-01-21T07:00:00+05:30,Load_25,load,0.05225780592362133,0.0156773417770864,0.0,good,synthetic_demo_v1
2024-01-21T07:00:00+05:30,Load_26,load,0.08258031918301646,0.024774095754904937,0.0,good,synthetic_demo_v1
2024-01-21T07:00:00+05:30,Load_27,load,0.028634481597227878,0.008590344479168363,0.0,good,synthetic_demo_v1
2024-01-21T07:00:00+05:30,Load_28,load,0.05761684694966163,0.01728505408489849,0.0,good,synthetic_demo_v1
2024-01-21T07:00:00+05:30,Load_29,load,0.06482005262366913,0.01944601578710074,0.0,good,synthetic_demo_v1
2024-01-21T07:00:00+05:30,Load_30,load,0.014517090927779218,0.004355127278333765,0.0,good,synthetic_demo_v1
2024-01-21T07:00:00+05:30,Load_31,load,0.066214096609188,0.0198642289827564,0.0,good,synthetic_demo_v1
2024-01-21T07:00:00+05:30,Load_32,load,0.025948748226231774,0.007784624467869532,0.0,good,synthetic_demo_v1
2024-01-21T07:00:00+05:30,PV_5,pv,0.0,0.0,0.06729405471096718,good,synthetic_demo_v1
2024-01-21T07:00:00+05:30,PV_10,pv,0.0,0.0,0.1368650734173119,good,synthetic_demo_v1
2024-01-21T07:00:00+05:30,PV_17,pv,0.0,0.0,0.09484676625405869,good,synthetic_demo_v1
2024-01-21T07:00:00+05:30,PV_24,pv,0.0,0.0,0.11820062426644609,good,synthetic_demo_v1
2024-01-21T07:00:00+05:30,PV_30,pv,0.0,0.0,0.06187518863417511,good,synthetic_demo_v1
2024-01-21T07:00:00+05:30,Battery_18,battery,0.0,0.0,0.0,good,synthetic_demo_v1
2024-01-21T08:00:00+05:30,Load_1,load,0.045529389436968194,0.013658816831090458,0.0,good,synthetic_demo_v1
2024-01-21T08:00:00+05:30,Load_2,load,0.09954522909891518,0.029863568729674553,0.0,good,synthetic_demo_v1
2024-01-21T08:00:00+05:30,Load_3,load,0.07904038108596405,0.023712114325789214,0.0,good,synthetic_demo_v1
2024-01-21T08:00:00+05:30,Load_4,load,0.06654029542572587,0.01996208862771776,0.0,good,synthetic_demo_v1
2024-01-21T08:00:00+05:30,Load_5,load,0.025043186835379747,0.007512956050613924,0.0,good,synthetic_demo_v1
2024-01-21T08:00:00+05:30,Load_6,load,0.025040925595950624,0.007512277678785187,0.0,good,synthetic_demo_v1
2024-01-21T08:00:00+05:30,Load_7,load,0.015861861294004104,0.004758558388201231,0.0,good,synthetic_demo_v1
2024-01-21T08:00:00+05:30,Load_8,load,0.09161984849571124,0.02748595454871337,0.0,good,synthetic_demo_v1
2024-01-21T08:00:00+05:30,Load_9,load,0.06677059279225757,0.02003117783767727,0.0,good,synthetic_demo_v1
2024-01-21T08:00:00+05:30,Load_10,load,0.07679777357066565,0.023039332071199695,0.0,good,synthetic_demo_v1
2024-01-21T08:00:00+05:30,Load_11,load,0.012346350911581877,0.003703905273474563,0.0,good,synthetic_demo_v1
2024-01-21T08:00:00+05:30,Load_12,load,0.10134479517450452,0.030403438552351357,0.0,good,synthetic_demo_v1
2024-01-21T08:00:00+05:30,Load_13,load,0.08845736111728979,0.026537208335186937,0.0,good,synthetic_demo_v1
2024-01-21T08:00:00+05:30,Load_14,load,0.030323182981708826,0.009096954894512647,0.0,good,synthetic_demo_v1
2024-01-21T08:00:00+05:30,Load_15,load,0.02746250800400216,0.008238752401200648,0.0,good,synthetic_demo_v1
2024-01-21T08:00:00+05:30,Load_16,load,0.02761058878263697,0.008283176634791091,0.0,good,synthetic_demo_v1
2024-01-21T08:00:00+05:30,Load_17,load,0.03893902340791046,0.011681707022373138,0.0,good,synthetic_demo_v1
2024-01-21T08:00:00+05:30,Load_18,load,0.059612040900968014,0.017883612270290405,0.0,good,synthetic_demo_v1
2024-01-21T08:00:00+05:30,Load_19,load,0.05091104993141178,0.015273314979423533,0.0,good,synthetic_demo_v1
2024-01-21T08:00:00+05:30,Load_20,load,0.03771905610037972,0.011315716830113915,0.0,good,synthetic_demo_v1
2024-01-21T08:00:00+05:30,Load_21,load,0.06777726018179359,0.020333178054538076,0.0,good,synthetic_demo_v1
2024-01-21T08:00:00+05:30,Load_22,load,0.02349400279542302,0.007048200838626905,0.0,good,synthetic_demo_v1
2024-01-21T08:00:00+05:30,Load_23,load,0.037804884227736986,0.011341465268321095,0.0,good,synthetic_demo_v1
2024-01-21T08:00:00+05:30,Load_24,load,0.04476268306491236,0.013428804919473706,0.0,good,synthetic_demo_v1
2024-01-21T08:00:00+05:30,Load_25,load,0.05317274491961949,0.01595182347588585,0.0,good,synthetic_demo_v1
2024-01-21T08:00:00+05:30,Load_26,load,0.08402615015481323,0.025207845046443966,0.0,good,synthetic_demo_v1
2024-01-21T08:00:00+05:30,Load_27,load,0.029135819213311244,0.008740745763993373,0.0,good,synthetic_demo_v1
2024-01-21T08:00:00+05:30,Load_28,load,0.0586256129927242,0.01758768389781726,0.0,good,synthetic_demo_v1
2024-01-21T08:00:00+05:30,Load_29,load,0.06595493367770207,0.01978648010331062,0.0,good,synthetic_demo_v1
2024-01-21T08:00:00+05:30,Load_30,load,0.014771258747562722,0.0044313776242688166,0.0,good,synthetic_demo_v1
2024-01-21T08:00:00+05:30,Load_31,load,0.0673733848342061,0.02021201545026183,0.0,good,synthetic_demo_v1
2024-01-21T08:00:00+05:30,Load_32,load,0.026403063542956275,0.007920919062886882,0.0,good,synthetic_demo_v1
2024-01-21T08:00:00+05:30,PV_5,pv,0.0,0.0,0.15255821420833085,good,synthetic_demo_v1
2024-01-21T08:00:00+05:30,PV_10,pv,0.0,0.0,0.23593376331940247,good,synthetic_demo_v1
2024-01-21T08:00:00+05:30,PV_17,pv,0.0,0.0,0.152257502541138,good,synthetic_demo_v1
2024-01-21T08:00:00+05:30,PV_24,pv,0.0,0.0,0.19931987589061015,good,synthetic_demo_v1
2024-01-21T08:00:00+05:30,PV_30,pv,0.0,0.0,0.10496561881556253,good,synthetic_demo_v1
2024-01-21T08:00:00+05:30,Battery_18,battery,0.0,0.0,0.0,good,synthetic_demo_v1
2024-01-21T09:00:00+05:30,Load_1,load,0.04383049288527127,0.01314914786558138,0.0,good,synthetic_demo_v1
2024-01-21T09:00:00+05:30,Load_2,load,0.0958307701846757,0.02874923105540271,0.0,good,synthetic_demo_v1
2024-01-21T09:00:00+05:30,Load_3,load,0.07609104588660547,0.022827313765981638,0.0,good,synthetic_demo_v1
2024-01-21T09:00:00+05:30,Load_4,load,0.0640573919682973,0.019217217590489187,0.0,good,synthetic_demo_v1
2024-01-21T09:00:00+05:30,Load_5,load,0.02410871825839543,0.007232615477518629,0.0,good,synthetic_demo_v1
2024-01-21T09:00:00+05:30,Load_6,load,0.02410654139549576,0.007231962418648727,0.0,good,synthetic_demo_v1
2024-01-21T09:00:00+05:30,Load_7,load,0.015269987302520308,0.004580996190756092,0.0,good,synthetic_demo_v1
2024-01-21T09:00:00+05:30,Load_8,load,0.08820111948130513,0.026460335844391537,0.0,good,synthetic_demo_v1
2024-01-21T09:00:00+05:30,Load_9,load,0.06427909595357122,0.019283728786071364,0.0,good,synthetic_demo_v1
2024-01-21T09:00:00+05:30,Load_10,load,0.07393211966424039,0.022179635899272115,0.0,good,synthetic_demo_v1
2024-01-21T09:00:00+05:30,Load_11,load,0.011885655671669533,0.0035656967015008597,0.0,good,synthetic_demo_v1
2024-01-21T09:00:00+05:30,Load_12,load,0.09756318674128013,0.029268956022384038,0.0,good,synthetic_demo_v1
2024-01-21T09:00:00+05:30,Load_13,load,0.08515663805395016,0.025546991416185046,0.0,good,synthetic_demo_v1
2024-01-21T09:00:00+05:30,Load_14,load,0.029191695130868663,0.008757508539260599,0.0,good,synthetic_demo_v1
2024-01-21T09:00:00+05:30,Load_15,load,0.026437764190700208,0.007931329257210061,0.0,good,synthetic_demo_v1
2024-01-21T09:00:00+05:30,Load_16,load,0.026580319441158462,0.007974095832347539,0.0,good,synthetic_demo_v1
2024-01-21T09:00:00+05:30,Load_17,load,0.03748604164355517,0.011245812493066552,0.0,good,synthetic_demo_v1
2024-01-21T09:00:00+05:30,Load_18,load,0.05738766029805048,0.017216298089415143,0.0,good,synthetic_demo_v1
2024-01-21T09:00:00+05:30,Load_19,load,0.04901134057353674,0.01470340217206102,0.0,good,synthetic_demo_v1
2024-01-21T09:00:00+05:30,Load_20,load,0.03631159654217693,0.010893478962653079,0.0,good,synthetic_demo_v1
2024-01-21T09:00:00+05:30,Load_21,load,0.06524820027059655,0.019574460081178965,0.0,good,synthetic_demo_v1
2024-01-21T09:00:00+05:30,Load_22,load,0.022617340911126074,0.006785202273337822,0.0,good,synthetic_demo_v1
2024-01-21T09:00:00+05:30,Load_23,load,0.036394222054445154,0.010918266616333546,0.0,good,synthetic_demo_v1
2024-01-21T09:00:00+05:30,Load_24,load,0.0430923956122558,0.01292771868367674,0.0,good,synthetic_demo_v1
2024-01-21T09:00:00+05:30,Load_25,load,0.05118864203343291,0.015356592610029873,0.0,good,synthetic_demo_v1
2024-01-21T09:00:00+05:30,Load_26,load,0.08089077455422433,0.024267232366267297,0.0,good,synthetic_demo_v1
2024-01-21T09:00:00+05:30,Load_27,load,0.028048636990916486,0.008414591097274946,0.0,good,synthetic_demo_v1
2024-01-21T09:00:00+05:30,Load_28,load,0.056438040240571564,0.01693141207217147,0.0,good,synthetic_demo_v1
2024-01-21T09:00:00+05:30,Load_29,load,0.06349387257457498,0.019048161772372493,0.0,good,synthetic_demo_v1
2024-01-21T09:00:00+05:30,Load_30,load,0.014220079808842292,0.0042660239426526875,0.0,good,synthetic_demo_v1
2024-01-21T09:00:00+05:30,Load_31,load,0.06485939524228672,0.019457818572686015,0.0,good,synthetic_demo_v1
2024-01-21T09:00:00+05:30,Load_32,load,0.02541785214078136,0.0076253556422344075,0.0,good,synthetic_demo_v1
2024-01-21T09:00:00+05:30,PV_5,pv,0.0,0.0,0.18417315566259812,good,synthetic_demo_v1
2024-01-21T09:00:00+05:30,PV_10,pv,0.0,0.0,0.39502039369686004,good,synthetic_demo_v1
2024-01-21T09:00:00+05:30,PV_17,pv,0.0,0.0,0.22513066524615646,good,synthetic_demo_v1
2024-01-21T09:00:00+05:30,PV_24,pv,0.0,0.0,0.3491436456244415,good,synthetic_demo_v1
2024-01-21T09:00:00+05:30,PV_30,pv,0.0,0.0,0.1688734056309817,good,synthetic_demo_v1
2024-01-21T09:00:00+05:30,Battery_18,battery,0.0,0.0,0.0,good,synthetic_demo_v1
2024-01-21T10:00:00+05:30,Load_1,load,0.0298803033764092,0.008964091012922759,0.0,good,synthetic_demo_v1
2024-01-21T10:00:00+05:30,Load_2,load,0.06533014569122698,0.019599043707368095,0.0,good,synthetic_demo_v1
2024-01-21T10:00:00+05:30,Load_3,load,0.05187309988211585,0.015561929964634754,0.0,good,synthetic_demo_v1
2024-01-21T10:00:00+05:30,Load_4,load,0.04366946797802215,0.013100840393406645,0.0,good,synthetic_demo_v1
2024-01-21T10:00:00+05:30,Load_5,load,0.016435494290763613,0.0049306482872290835,0.0,good,synthetic_demo_v1
2024-01-21T10:00:00+05:30,Load_6,load,0.01643401027085945,0.004930203081257834,0.0,good,synthetic_demo_v1
2024-01-21T10:00:00+05:30,Load_7,load,0.01040991837229711,0.003122975511689133,0.0,good,synthetic_demo_v1
2024-01-21T10:00:00+05:30,Load_8,load,0.060128828921427305,0.018038648676428192,0.0,good,synthetic_demo_v1
2024-01-21T10:00:00+05:30,Load_9,load,0.043820608928161225,0.013146182678448368,0.0,good,synthetic_demo_v1
2024-01-21T10:00:00+05:30,Load_10,load,0.0504013078431714,0.01512039235295142,0.0,good,synthetic_demo_v1
2024-01-21T10:00:00+05:30,Load_11,load,0.008102737932394261,0.002430821379718278,0.0,good,synthetic_demo_v1
2024-01-21T10:00:00+05:30,Load_12,load,0.06651117581153962,0.019953352743461886,0.0,good,synthetic_demo_v1
2024-01-21T10:00:00+05:30,Load_13,load,0.058053332556115396,0.017415999766834618,0.0,good,synthetic_demo_v1
2024-01-21T10:00:00+05:30,Load_14,load,0.019900682131619715,0.0059702046394859145,0.0,good,synthetic_demo_v1
2024-01-21T10:00:00+05:30,Load_15,load,0.018023261036098213,0.0054069783108294635,0.0,good,synthetic_demo_v1
2024-01-21T10:00:00+05:30,Load_16,load,0.018120444386117627,0.005436133315835288,0.0,good,synthetic_demo_v1
2024-01-21T10:00:00+05:30,Load_17,load,0.02555513805473386,0.007666541416420158,0.0,good,synthetic_demo_v1
2024-01-21T10:00:00+05:30,Load_18,load,0.039122551148501626,0.011736765344550487,0.0,good,synthetic_demo_v1
2024-01-21T10:00:00+05:30,Load_19,load,0.03341221211121517,0.010023663633364552,0.0,good,synthetic_demo_v1
2024-01-21T10:00:00+05:30,Load_20,load,0.024754490523345683,0.007426347157003705,0.0,good,synthetic_demo_v1
2024-01-21T10:00:00+05:30,Load_21,load,0.04448127069785433,0.0133443812093563,0.0,good,synthetic_demo_v1
2024-01-21T10:00:00+05:30,Load_22,load,0.015418786408838616,0.004625635922651585,0.0,good,synthetic_demo_v1
2024-01-21T10:00:00+05:30,Load_23,load,0.024810818326449977,0.007443245497934993,0.0,good,synthetic_demo_v1
2024-01-21T10:00:00+05:30,Load_24,load,0.02937712467621225,0.008813137402863675,0.0,good,synthetic_demo_v1
2024-01-21T10:00:00+05:30,Load_25,load,0.03489653099245363,0.010468959297736087,0.0,good,synthetic_demo_v1
2024-01-21T10:00:00+05:30,Load_26,load,0.055145190595042644,0.016543557178512792,0.0,good,synthetic_demo_v1
2024-01-21T10:00:00+05:30,Load_27,load,0.019121431848305597,0.005736429554491679,0.0,good,synthetic_demo_v1
2024-01-21T10:00:00+05:30,Load_28,load,0.03847517226813937,0.01154255168044181,0.0,good,synthetic_demo_v1
2024-01-21T10:00:00+05:30,Load_29,load,0.04328530322571175,0.012985590967713526,0.0,good,synthetic_demo_v1
2024-01-21T10:00:00+05:30,Load_30,load,0.009694171129609666,0.0029082513388828998,0.0,good,synthetic_demo_v1
2024-01-21T10:00:00+05:30,Load_31,load,0.044216212939307546,0.013264863881792264,0.0,good,synthetic_demo_v1
2024-01-21T10:00:00+05:30,Load_32,load,0.017327962410353774,0.005198388723106132,0.0,good,synthetic_demo_v1
2024-01-21T10:00:00+05:30,PV_5,pv,0.0,0.0,0.33985674798797,good,synthetic_demo_v1
2024-01-21T10:00:00+05:30,PV_10,pv,0.0,0.0,0.5199051447969318,good,synthetic_demo_v1
2024-01-21T10:00:00+05:30,PV_17,pv,0.0,0.0,0.3993841850024233,good,synthetic_demo_v1
2024-01-21T10:00:00+05:30,PV_24,pv,0.0,0.0,0.44401856377944265,good,synthetic_demo_v1
2024-01-21T10:00:00+05:30,PV_30,pv,0.0,0.0,0.25656504285429615,good,synthetic_demo_v1
2024-01-21T10:00:00+05:30,Battery_18,battery,0.0,0.0,0.0,good,synthetic_demo_v1
2024-01-21T11:00:00+05:30,Load_1,load,0.028531187920364267,0.00855935637610928,0.0,good,synthetic_demo_v1
2024-01-21T11:00:00+05:30,Load_2,load,0.06238044641316384,0.01871413392394915,0.0,good,synthetic_demo_v1
2024-01-21T11:00:00+05:30,Load_3,load,0.049530995120917964,0.014859298536275389,0.0,good,synthetic_demo_v1
2024-01-21T11:00:00+05:30,Load_4,load,0.04169776262201418,0.012509328786604254,0.0,good,synthetic_demo_v1
2024-01-21T11:00:00+05:30,Load_5,load,0.015693420855427825,0.004708026256628348,0.0,good,synthetic_demo_v1
2024-01-21T11:00:00+05:30,Load_6,load,0.015692003840003656,0.004707601152001097,0.0,good,synthetic_demo_v1
2024-01-21T11:00:00+05:30,Load_7,load,0.009939903674142466,0.00298197110224274,0.0,good,synthetic_demo_v1
2024-01-21T11:00:00+05:30,Load_8,load,0.057413972534934764,0.01722419176048043,0.0,good,synthetic_demo_v1
2024-01-21T11:00:00+05:30,Load_9,load,0.04184207945831126,0.012552623837493377,0.0,good,synthetic_demo_v1
2024-01-21T11:00:00+05:30,Load_10,load,0.04812565546576663,0.014437696639729988,0.0,good,synthetic_demo_v1
2024-01-21T11:00:00+05:30,Load_11,load,0.007736893956743558,0.0023210681870230675,0.0,good,synthetic_demo_v1
2024-01-21T11:00:00+05:30,Load_12,load,0.06350815224257834,0.0190524456727735,0.0,good,synthetic_demo_v1
2024-01-21T11:00:00+05:30,Load_13,load,0.05543218620295599,0.016629655860886796,0.0,good,synthetic_demo_v1
2024-01-21T11:00:00+05:30,Load_14,load,0.019002153173884886,0.005700645952165466,0.0,good,synthetic_demo_v1
2024-01-21T11:00:00+05:30,Load_15,load,0.017209498882286556,0.005162849664685967,0.0,good,synthetic_demo_v1
2024-01-21T11:00:00+05:30,Load_16,load,0.01730229433978929,0.005190688301936787,0.0,good,synthetic_demo_v1
2024-01-21T11:00:00+05:30,Load_17,load,0.024401306673014246,0.007320392001904274,0.0,good,synthetic_demo_v1
2024-01-21T11:00:00+05:30,Load_18,load,0.03735614209403322,0.011206842628209967,0.0,good,synthetic_demo_v1
2024-01-21T11:00:00+05:30,Load_19,load,0.03190362864028961,0.009571088592086883,0.0,good,synthetic_demo_v1
2024-01-21T11:00:00+05:30,Load_20,load,0.023636808907103107,0.007091042672130931,0.0,good,synthetic_demo_v1
2024-01-21T11:00:00+05:30,Load_21,load,0.042472911912234616,0.012741873573670385,0.0,good,synthetic_demo_v1
2024-01-21T11:00:00+05:30,Load_22,load,0.01472261800667832,0.004416785402003496,0.0,good,synthetic_demo_v1
2024-01-21T11:00:00+05:30,Load_23,load,0.023690593472650012,0.007107178041795004,0.0,good,synthetic_demo_v1
2024-01-21T11:00:00+05:30,Load_24,load,0.028050728071212325,0.008415218421363698,0.0,good,synthetic_demo_v1
2024-01-21T11:00:00+05:30,Load_25,load,0.0333209295425219,0.00999627886275657,0.0,good,synthetic_demo_v1
2024-01-21T11:00:00+05:30,Load_26,load,0.052655348774458814,0.015796604632337643,0.0,good,synthetic_demo_v1
2024-01-21T11:00:00+05:30,Load_27,load,0.018258086556148155,0.005477425966844447,0.0,good,synthetic_demo_v1
2024-01-21T11:00:00+05:30,Load_28,load,0.03673799279820401,0.011021397839461202,0.0,good,synthetic_demo_v1
2024-01-21T11:00:00+05:30,Load_29,load,0.04133094316230274,0.012399282948690823,0.0,good,synthetic_demo_v1
2024-01-21T11:00:00+05:30,Load_30,load,0.0092564728927562,0.00277694186782686,0.0,good,synthetic_demo_v1
2024-01-21T11:00:00+05:30,Load_31,load,0.04221982168675787,0.012665946506027361,0.0,good,synthetic_demo_v1
2024-01-21T11:00:00+05:30,Load_32,load,0.016545593449266496,0.004963678034779949,0.0,good,synthetic_demo_v1
2024-01-21T11:00:00+05:30,PV_5,pv,0.0,0.0,0.42128579573381364,good,synthetic_demo_v1
2024-01-21T11:00:00+05:30,PV_10,pv,0.0,0.0,0.5470777641256203,good,synthetic_demo_v1
2024-01-21T11:00:00+05:30,PV_17,pv,0.0,0.0,0.448393581688807,good,synthetic_demo_v1
2024-01-21T11:00:00+05:30,PV_24,pv,0.0,0.0,0.47341897818438766,good,synthetic_demo_v1
2024-01-21T11:00:00+05:30,PV_30,pv,0.0,0.0,0.35169280766435934,good,synthetic_demo_v1
2024-01-21T11:00:00+05:30,Battery_18,battery,0.0,0.0,0.0,good,synthetic_demo_v1
2024-01-21T12:00:00+05:30,Load_1,load,0.03010492678941559,0.009031478036824676,0.0,good,synthetic_demo_v1
2024-01-21T12:00:00+05:30,Load_2,load,0.06582126119673265,0.019746378359019795,0.0,good,synthetic_demo_v1
2024-01-21T12:00:00+05:30,Load_3,load,0.05226305284182848,0.015678915852548544,0.0,good,synthetic_demo_v1
2024-01-21T12:00:00+05:30,Load_4,load,0.0439977506201971,0.01319932518605913,0.0,good,synthetic_demo_v1
2024-01-21T12:00:00+05:30,Load_5,load,0.01655904714682173,0.0049677141440465184,0.0,good,synthetic_demo_v1
2024-01-21T12:00:00+05:30,Load_6,load,0.016557551970885726,0.004967265591265718,0.0,good,synthetic_demo_v1
2024-01-21T12:00:00+05:30,Load_7,load,0.010488174317842476,0.003146452295352743,0.0,good,synthetic_demo_v1
2024-01-21T12:00:00+05:30,Load_8,load,0.06058084383580972,0.018174253150742916,0.0,good,synthetic_demo_v1
2024-01-21T12:00:00+05:30,Load_9,load,0.04415002776348781,0.013245008329046343,0.0,good,synthetic_demo_v1
2024-01-21T12:00:00+05:30,Load_10,load,0.050780196693297905,0.01523405900798937,0.0,good,synthetic_demo_v1
2024-01-21T12:00:00+05:30,Load_11,load,0.008163649785468272,0.0024490949356404815,0.0,good,synthetic_demo_v1
2024-01-21T12:00:00+05:30,Load_12,load,0.06701116964110868,0.020103350892332603,0.0,good,synthetic_demo_v1
2024-01-21T12:00:00+05:30,Load_13,load,0.05848974504935149,0.017546923514805447,0.0,good,synthetic_demo_v1
2024-01-21T12:00:00+05:30,Load_14,load,0.020050284332281735,0.00601508529968452,0.0,good,synthetic_demo_v1
2024-01-21T12:00:00+05:30,Load_15,load,0.01815874983473704,0.005447624950421112,0.0,good,synthetic_demo_v1
2024-01-21T12:00:00+05:30,Load_16,load,0.01825666375484116,0.005476999126452348,0.0,good,synthetic_demo_v1
2024-01-21T12:00:00+05:30,Load_17,load,0.025747247293297876,0.007724174187989362,0.0,good,synthetic_demo_v1
2024-01-21T12:00:00+05:30,Load_18,load,0.0394166526123921,0.011824995783717629,0.0,good,synthetic_demo_v1
2024-01-21T12:00:00+05:30,Load_19,load,0.033663386439198736,0.01009901593175962,0.0,good,synthetic_demo_v1
2024-01-21T12:00:00+05:30,Load_20,load,0.024940580941456306,0.007482174282436891,0.0,good,synthetic_demo_v1
2024-01-21T12:00:00+05:30,Load_21,load,0.04481565601895189,0.013444696805685568,0.0,good,synthetic_demo_v1
2024-01-21T12:00:00+05:30,Load_22,load,0.015534696223539635,0.004660408867061891,0.0,good,synthetic_demo_v1
2024-01-21T12:00:00+05:30,Load_23,load,0.024997332185488254,0.007499199655646476,0.0,good,synthetic_demo_v1
2024-01-21T12:00:00+05:30,Load_24,load,0.029597965473106395,0.008879389641931919,0.0,good,synthetic_demo_v1
2024-01-21T12:00:00+05:30,Load_25,load,0.035158863599819214,0.010547659079945764,0.0,good,synthetic_demo_v1
2024-01-21T12:00:00+05:30,Load_26,load,0.055559741303122995,0.0166679223909369,0.0,good,synthetic_demo_v1
2024-01-21T12:00:00+05:30,Load_27,load,0.019265176081060827,0.005779552824318248,0.0,good,synthetic_demo_v1
2024-01-21T12:00:00+05:30,Load_28,load,0.03876440709959363,0.01162932212987809,0.0,good,synthetic_demo_v1
2024-01-21T12:00:00+05:30,Load_29,load,0.04361069793208719,0.013083209379626157,0.0,good,synthetic_demo_v1
2024-01-21T12:00:00+05:30,Load_30,load,0.009767046487599509,0.0029301139462798525,0.0,good,synthetic_demo_v1
2024-01-21T12:00:00+05:30,Load_31,load,0.044548605704385215,0.013364581711315564,0.0,good,synthetic_demo_v1
2024-01-21T12:00:00+05:30,Load_32,load,0.017458224342705272,0.005237467302811581,0.0,good,synthetic_demo_v1
2024-01-21T12:00:00+05:30,PV_5,pv,0.0,0.0,0.37188519443133045,good,synthetic_demo_v1
2024-01-21T12:00:00+05:30,PV_10,pv,0.0,0.0,0.6867027761666173,good,synthetic_demo_v1
2024-01-21T12:00:00+05:30,PV_17,pv,0.0,0.0,0.5767219824203227,good,synthetic_demo_v1
2024-01-21T12:00:00+05:30,PV_24,pv,0.0,0.0,0.49027181799441066,good,synthetic_demo_v1
2024-01-21T12:00:00+05:30,PV_30,pv,0.0,0.0,0.3586740923987299,good,synthetic_demo_v1
2024-01-21T12:00:00+05:30,Battery_18,battery,0.0,0.0,0.0,good,synthetic_demo_v1
2024-01-21T13:00:00+05:30,Load_1,load,0.029907041174856833,0.008972112352457049,0.0,good,synthetic_demo_v1
2024-01-21T13:00:00+05:30,Load_2,load,0.06538860507987648,0.019616581523962943,0.0,good,synthetic_demo_v1
2024-01-21T13:00:00+05:30,Load_3,load,0.051919517499501786,0.015575855249850536,0.0,good,synthetic_demo_v1
2024-01-21T13:00:00+05:30,Load_4,load,0.04370854473766555,0.013112563421299664,0.0,good,synthetic_demo_v1
2024-01-21T13:00:00+05:30,Load_5,load,0.016450201267737635,0.004935060380321291,0.0,good,synthetic_demo_v1
2024-01-21T13:00:00+05:30,Load_6,load,0.016448715919887613,0.004934614775966284,0.0,good,synthetic_demo_v1
2024-01-21T13:00:00+05:30,Load_7,load,0.010419233481845648,0.0031257700445536944,0.0,good,synthetic_demo_v1
2024-01-21T13:00:00+05:30,Load_8,load,0.06018263401464676,0.018054790204394027,0.0,good,synthetic_demo_v1
2024-01-21T13:00:00+05:30,Load_9,load,0.043859820933294304,0.013157946279988291,0.0,good,synthetic_demo_v1
2024-01-21T13:00:00+05:30,Load_10,load,0.050446408456563153,0.015133922536968946,0.0,good,synthetic_demo_v1
2024-01-21T13:00:00+05:30,Load_11,load,0.0081099885071619,0.0024329965521485697,0.0,good,synthetic_demo_v1
2024-01-21T13:00:00+05:30,Load_12,load,0.06657069202163166,0.019971207606489495,0.0,good,synthetic_demo_v1
2024-01-21T13:00:00+05:30,Load_13,load,0.05810528043246542,0.017431584129739625,0.0,good,synthetic_demo_v1
2024-01-21T13:00:00+05:30,Load_14,load,0.019918489863392133,0.00597554695901764,0.0,good,synthetic_demo_v1
2024-01-21T13:00:00+05:30,Load_15,load,0.018039388794738466,0.0054118166384215394,0.0,good,synthetic_demo_v1
2024-01-21T13:00:00+05:30,Load_16,load,0.01813665910735637,0.005440997732206911,0.0,good,synthetic_demo_v1
2024-01-21T13:00:00+05:30,Load_17,load,0.025578005564544634,0.00767340166936339,0.0,good,synthetic_demo_v1
2024-01-21T13:00:00+05:30,Load_18,load,0.039157559189557586,0.011747267756867276,0.0,good,synthetic_demo_v1
2024-01-21T13:00:00+05:30,Load_19,load,0.03344211036833342,0.010032633110500027,0.0,good,synthetic_demo_v1
2024-01-21T13:00:00+05:30,Load_20,load,0.024776641589549703,0.007432992476864911,0.0,good,synthetic_demo_v1
2024-01-21T13:00:00+05:30,Load_21,load,0.04452107388310421,0.013356322164931262,0.0,good,synthetic_demo_v1
2024-01-21T13:00:00+05:30,Load_22,load,0.015432583604874857,0.004629775081462457,0.0,good,synthetic_demo_v1
2024-01-21T13:00:00+05:30,Load_23,load,0.024833019796474447,0.007449905938942333,0.0,good,synthetic_demo_v1
2024-01-21T13:00:00+05:30,Load_24,load,0.029403412215152823,0.008821023664545846,0.0,good,synthetic_demo_v1
2024-01-21T13:00:00+05:30,Load_25,load,0.03492775746296311,0.010478327238888932,0.0,good,synthetic_demo_v1
2024-01-21T13:00:00+05:30,Load_26,load,0.05519453617808149,0.016558360853424447,0.0,good,synthetic_demo_v1
2024-01-21T13:00:00+05:30,Load_27,load,0.019138542283375467,0.00574156268501264,0.0,good,synthetic_demo_v1
2024-01-21T13:00:00+05:30,Load_28,load,0.038509601015009304,0.01155288030450279,0.0,good,synthetic_demo_v1
2024-01-21T13:00:00+05:30,Load_29,load,0.04332403622312527,0.012997210866937581,0.0,good,synthetic_demo_v1
2024-01-21T13:00:00+05:30,Load_30,load,0.009702845766895478,0.0029108537300686433,0.0,good,synthetic_demo_v1
2024-01-21T13:00:00+05:30,Load_31,load,0.044255778942865,0.013276733682859499,0.0,good,synthetic_demo_v1
2024-01-21T13:00:00+05:30,Load_32,load,0.0173434679947717,0.00520304039843151,0.0,good,synthetic_demo_v1
2024-01-21T13:00:00+05:30,PV_5,pv,0.0,0.0,0.389159646944503,good,synthetic_demo_v1
2024-01-21T13:00:00+05:30,PV_10,pv,0.0,0.0,0.7710710509537133,good,synthetic_demo_v1
2024-01-21T13:00:00+05:30,PV_17,pv,0.0,0.0,0.5865866084203348,good,synthetic_demo_v1
2024-01-21T13:00:00+05:30,PV_24,pv,0.0,0.0,0.6788023768544756,good,synthetic_demo_v1
2024-01-21T13:00:00+05:30,PV_30,pv,0.0,0.0,0.33225880492774446,good,synthetic_demo_v1
2024-01-21T13:00:00+05:30,Battery_18,battery,0.0,0.0,0.0,good,synthetic_demo_v1
2024-01-21T14:00:00+05:30,Load_1,load,0.02974710551376646,0.008924131654129938,0.0,good,synthetic_demo_v1
2024-01-21T14:00:00+05:30,Load_2,load,0.06503892255126781,0.01951167676538034,0.0,good,synthetic_demo_v1
2024-01-21T14:00:00+05:30,Load_3,load,0.05164186441084529,0.015492559323253587,0.0,good,synthetic_demo_v1
2024-01-21T14:00:00+05:30,Load_4,load,0.04347480195592244,0.013042440586776732,0.0,good,synthetic_demo_v1
2024-01-21T14:00:00+05:30,Load_5,load,0.016362229548989436,0.00490866886469683,0.0,good,synthetic_demo_v1
2024-01-21T14:00:00+05:30,Load_6,load,0.01636075214442237,0.004908225643326711,0.0,good,synthetic_demo_v1
2024-01-21T14:00:00+05:30,Load_7,load,0.010363513927870683,0.0031090541783612047,0.0,good,synthetic_demo_v1
2024-01-21T14:00:00+05:30,Load_8,load,0.059860791766829055,0.017958237530048715,0.0,good,synthetic_demo_v1
2024-01-21T14:00:00+05:30,Load_9,load,0.043625269162851386,0.013087580748855415,0.0,good,synthetic_demo_v1
2024-01-21T14:00:00+05:30,Load_10,load,0.050176633200663935,0.01505298996019918,0.0,good,synthetic_demo_v1
2024-01-21T14:00:00+05:30,Load_11,load,0.008066618239747457,0.002419985471924237,0.0,good,synthetic_demo_v1
2024-01-21T14:00:00+05:30,Load_12,load,0.06621468797644799,0.019864406392934394,0.0,good,synthetic_demo_v1
2024-01-21T14:00:00+05:30,Load_13,load,0.05779454737183016,0.017338364211549048,0.0,good,synthetic_demo_v1
2024-01-21T14:00:00+05:30,Load_14,load,0.01981197057164415,0.005943591171493245,0.0,good,synthetic_demo_v1
2024-01-21T14:00:00+05:30,Load_15,load,0.017942918483426683,0.005382875545028005,0.0,good,synthetic_demo_v1
2024-01-21T14:00:00+05:30,Load_16,load,0.018039668617814246,0.005411900585344274,0.0,good,synthetic_demo_v1
2024-01-21T14:00:00+05:30,Load_17,load,0.025441220544407707,0.007632366163322312,0.0,good,synthetic_demo_v1
2024-01-21T14:00:00+05:30,Load_18,load,0.03894815398363797,0.01168444619509139,0.0,good,synthetic_demo_v1
2024-01-21T14:00:00+05:30,Load_19,load,0.03326327000767236,0.009978981002301707,0.0,good,synthetic_demo_v1
2024-01-21T14:00:00+05:30,Load_20,load,0.024644142071156845,0.007393242621347053,0.0,good,synthetic_demo_v1
2024-01-21T14:00:00+05:30,Load_21,load,0.04428298589097164,0.013284895767291492,0.0,good,synthetic_demo_v1
2024-01-21T14:00:00+05:30,Load_22,load,0.015350053860566575,0.004605016158169973,0.0,good,synthetic_demo_v1
2024-01-21T14:00:00+05:30,Load_23,load,0.024700218780994567,0.0074100656342983694,0.0,good,synthetic_demo_v1
2024-01-21T14:00:00+05:30,Load_24,load,0.0292461698405746,0.008773850952172379,0.0,good,synthetic_demo_v1
2024-01-21T14:00:00+05:30,Load_25,load,0.03474097221906076,0.010422291665718227,0.0,good,synthetic_demo_v1
2024-01-21T14:00:00+05:30,Load_26,load,0.054899369077444346,0.016469810723233305,0.0,good,synthetic_demo_v1
2024-01-21T14:00:00+05:30,Load_27,load,0.019036193963643623,0.005710858189093087,0.0,good,synthetic_demo_v1
2024-01-21T14:00:00+05:30,Load_28,load,0.03830366093351973,0.01149109828005592,0.0,good,synthetic_demo_v1
2024-01-21T14:00:00+05:30,Load_29,load,0.043092349700411876,0.012927704910123563,0.0,good,synthetic_demo_v1
2024-01-21T14:00:00+05:30,Load_30,load,0.00965095728206967,0.002895287184620901,0.0,good,synthetic_demo_v1
2024-01-21T14:00:00+05:30,Load_31,load,0.04401910968424749,0.013205732905274247,0.0,good,synthetic_demo_v1
2024-01-21T14:00:00+05:30,Load_32,load,0.017250719300471725,0.005175215790141518,0.0,good,synthetic_demo_v1
2024-01-21T14:00:00+05:30,PV_5,pv,0.0,0.0,0.35111469279217616,good,synthetic_demo_v1
2024-01-21T14:00:00+05:30,PV_10,pv,0.0,0.0,0.6697619466735529,good,synthetic_demo_v1
2024-01-21T14:00:00+05:30,PV_17,pv,0.0,0.0,0.37652734122704284,good,synthetic_demo_v1
2024-01-21T14:00:00+05:30,PV_24,pv,0.0,0.0,0.5429268096480817,good,synthetic_demo_v1
2024-01-21T14:00:00+05:30,PV_30,pv,0.0,0.0,0.2714569831005046,good,synthetic_demo_v1
2024-01-21T14:00:00+05:30,Battery_18,battery,0.0,0.0,0.0,good,synthetic_demo_v1
2024-01-21T15:00:00+05:30,Load_1,load,0.029748387503606276,0.008924516251081883,0.0,good,synthetic_demo_v1
2024-01-21T15:00:00+05:30,Load_2,load,0.06504172548743466,0.019512517646230396,0.0,good,synthetic_demo_v1
2024-01-21T15:00:00+05:30,Load_3,load,0.05164408998353011,0.015493226995059032,0.0,good,synthetic_demo_v1
2024-01-21T15:00:00+05:30,Load_4,load,0.0434766755585279,0.01304300266755837,0.0,good,synthetic_demo_v1
2024-01-21T15:00:00+05:30,Load_5,load,0.016362934700353788,0.0049088804101061366,0.0,good,synthetic_demo_v1
2024-01-21T15:00:00+05:30,Load_6,load,0.016361457232116065,0.004908437169634819,0.0,good,synthetic_demo_v1
2024-01-21T15:00:00+05:30,Load_7,load,0.010363960556856289,0.0031091881670568867,0.0,good,synthetic_demo_v1
2024-01-21T15:00:00+05:30,Load_8,load,0.05986337154477797,0.01795901146343339,0.0,good,synthetic_demo_v1
2024-01-21T15:00:00+05:30,Load_9,load,0.043627149250035,0.013088144775010498,0.0,good,synthetic_demo_v1
2024-01-21T15:00:00+05:30,Load_10,load,0.05017879562732187,0.015053638688196562,0.0,good,synthetic_demo_v1
2024-01-21T15:00:00+05:30,Load_11,load,0.008066965881053944,0.002420089764316183,0.0,good,synthetic_demo_v1
2024-01-21T15:00:00+05:30,Load_12,load,0.06621754158374074,0.01986526247512222,0.0,good,synthetic_demo_v1
2024-01-21T15:00:00+05:30,Load_13,load,0.05779703810231462,0.017339111430694384,0.0,good,synthetic_demo_v1
2024-01-21T15:00:00+05:30,Load_14,load,0.019812824394042697,0.005943847318212809,0.0,good,synthetic_demo_v1
2024-01-21T15:00:00+05:30,Load_15,load,0.017943691756617305,0.005383107526985191,0.0,good,synthetic_demo_v1
2024-01-21T15:00:00+05:30,Load_16,load,0.018040446060576566,0.00541213381817297,0.0,good,synthetic_demo_v1
2024-01-21T15:00:00+05:30,Load_17,load,0.025442316966586845,0.007632695089976053,0.0,good,synthetic_demo_v1
2024-01-21T15:00:00+05:30,Load_18,load,0.038949832504516696,0.011684949751355008,0.0,good,synthetic_demo_v1
2024-01-21T15:00:00+05:30,Load_19,load,0.03326470353115145,0.009979411059345434,0.0,good,synthetic_demo_v1
2024-01-21T15:00:00+05:30,Load_20,load,0.024645204142212183,0.007393561242663655,0.0,good,synthetic_demo_v1
2024-01-21T15:00:00+05:30,Load_21,load,0.04428489432330509,0.013285468296991527,0.0,good,synthetic_demo_v1
2024-01-21T15:00:00+05:30,Load_22,load,0.015350715390915495,0.004605214617274649,0.0,good,synthetic_demo_v1
2024-01-21T15:00:00+05:30,Load_23,load,0.024701283268747966,0.00741038498062439,0.0,good,synthetic_demo_v1
2024-01-21T15:00:00+05:30,Load_24,load,0.02924743024194615,0.008774229072583845,0.0,good,synthetic_demo_v1
2024-01-21T15:00:00+05:30,Load_25,load,0.03474246942602059,0.010422740827806178,0.0,good,synthetic_demo_v1
2024-01-21T15:00:00+05:30,Load_26,load,0.05490173503648991,0.01647052051094697,0.0,good,synthetic_demo_v1
2024-01-21T15:00:00+05:30,Load_27,load,0.019037014352949695,0.005711104305884908,0.0,good,synthetic_demo_v1
2024-01-21T15:00:00+05:30,Load_28,load,0.03830531167914007,0.011491593503742022,0.0,good,synthetic_demo_v1
2024-01-21T15:00:00+05:30,Load_29,load,0.043094206820744614,0.012928262046223384,0.0,good,synthetic_demo_v1
2024-01-21T15:00:00+05:30,Load_30,load,0.00965137320250853,0.002895411960752559,0.0,good,synthetic_demo_v1
2024-01-21T15:00:00+05:30,Load_31,load,0.04402100674449582,0.013206302023348746,0.0,good,synthetic_demo_v1
2024-01-21T15:00:00+05:30,Load_32,load,0.017251462742446693,0.005175438822734008,0.0,good,synthetic_demo_v1
2024-01-21T15:00:00+05:30,PV_5,pv,0.0,0.0,0.26010665458037796,good,synthetic_demo_v1
2024-01-21T15:00:00+05:30,PV_10,pv,0.0,0.0,0.4087739589779815,good,synthetic_demo_v1
2024-01-21T15:00:00+05:30,PV_17,pv,0.0,0.0,0.38535790428611083,good,synthetic_demo_v1
2024-01-21T15:00:00+05:30,PV_24,pv,0.0,0.0,0.39669378829534896,good,synthetic_demo_v1
2024-01-21T15:00:00+05:30,PV_30,pv,0.0,0.0,0.2593201407140761,good,synthetic_demo_v1
2024-01-21T15:00:00+05:30,Battery_18,battery,0.0,0.0,0.0,good,synthetic_demo_v1
2024-01-21T16:00:00+05:30,Load_1,load,0.029555230114584274,0.008866569034375282,0.0,good,synthetic_demo_v1
2024-01-21T16:00:00+05:30,Load_2,load,0.06461940713921778,0.019385822141765333,0.0,good,synthetic_demo_v1
2024-01-21T16:00:00+05:30,Load_3,load,0.051308762982077455,0.015392628894623235,0.0,good,synthetic_demo_v1
2024-01-21T16:00:00+05:30,Load_4,load,0.04319437988340185,0.012958313965020554,0.0,good,synthetic_demo_v1
2024-01-21T16:00:00+05:30,Load_5,load,0.01625668955536653,0.004877006866609958,0.0,good,synthetic_demo_v1
2024-01-21T16:00:00+05:30,Load_6,load,0.01625522168038515,0.004876566504115545,0.0,good,synthetic_demo_v1
2024-01-21T16:00:00+05:30,Load_7,load,0.010296666974612656,0.0030890000923837965,0.0,good,synthetic_demo_v1
2024-01-21T16:00:00+05:30,Load_8,load,0.059474676441749565,0.01784240293252487,0.0,good,synthetic_demo_v1
2024-01-21T16:00:00+05:30,Load_9,load,0.04334387654362063,0.01300316296308619,0.0,good,synthetic_demo_v1
2024-01-21T16:00:00+05:30,Load_10,load,0.049852982836747356,0.014955894851024207,0.0,good,synthetic_demo_v1
2024-01-21T16:00:00+05:30,Load_11,load,0.008014586770867718,0.0024043760312603153,0.0,good,synthetic_demo_v1
2024-01-21T16:00:00+05:30,Load_12,load,0.06578758861777845,0.019736276585333532,0.0,good,synthetic_demo_v1
2024-01-21T16:00:00+05:30,Load_13,load,0.05742175977935695,0.017226527933807086,0.0,good,synthetic_demo_v1
2024-01-21T16:00:00+05:30,Load_14,load,0.019684178986669246,0.005905253696000774,0.0,good,synthetic_demo_v1
2024-01-21T16:00:00+05:30,Load_15,load,0.017827182697136228,0.005348154809140868,0.0,good,synthetic_demo_v1
2024-01-21T16:00:00+05:30,Load_16,load,0.017923308771793073,0.0053769926315379215,0.0,good,synthetic_demo_v1
2024-01-21T16:00:00+05:30,Load_17,load,0.02527711905408351,0.007583135716225053,0.0,good,synthetic_demo_v1
2024-01-21T16:00:00+05:30,Load_18,load,0.03869692979009211,0.011609078937027633,0.0,good,synthetic_demo_v1
2024-01-21T16:00:00+05:30,Load_19,load,0.033048714571081286,0.009914614371324385,0.0,good,synthetic_demo_v1
2024-01-21T16:00:00+05:30,Load_20,load,0.0244851819129923,0.0073455545738976905,0.0,good,synthetic_demo_v1
2024-01-21T16:00:00+05:30,Load_21,load,0.04399735085361055,0.013199205256083164,0.0,good,synthetic_demo_v1
2024-01-21T16:00:00+05:30,Load_22,load,0.015251042623637953,0.004575312787091386,0.0,good,synthetic_demo_v1
2024-01-21T16:00:00+05:30,Load_23,load,0.02454089691566897,0.007362269074700691,0.0,good,synthetic_demo_v1
2024-01-21T16:00:00+05:30,Load_24,load,0.029057525587098804,0.008717257676129641,0.0,good,synthetic_demo_v1
2024-01-21T16:00:00+05:30,Load_25,load,0.034516885276906856,0.010355065583072056,0.0,good,synthetic_demo_v1
2024-01-21T16:00:00+05:30,Load_26,load,0.05454525602426982,0.016363576807280945,0.0,good,synthetic_demo_v1
2024-01-21T16:00:00+05:30,Load_27,load,0.018913406309093727,0.005674021892728118,0.0,good,synthetic_demo_v1
2024-01-21T16:00:00+05:30,Load_28,load,0.03805659386246111,0.011416978158738333,0.0,good,synthetic_demo_v1
2024-01-21T16:00:00+05:30,Load_29,load,0.042814394529390676,0.012844318358817202,0.0,good,synthetic_demo_v1
2024-01-21T16:00:00+05:30,Load_30,load,0.009588706476520527,0.002876611942956158,0.0,good,synthetic_demo_v1
2024-01-21T16:00:00+05:30,Load_31,load,0.04373517670668769,0.013120553012006306,0.0,good,synthetic_demo_v1
2024-01-21T16:00:00+05:30,Load_32,load,0.017139448351759557,0.005141834505527867,0.0,good,synthetic_demo_v1
2024-01-21T16:00:00+05:30,PV_5,pv,0.0,0.0,0.21819201425700727,good,synthetic_demo_v1
2024-01-21T16:00:00+05:30,PV_10,pv,0.0,0.0,0.37963705762693817,good,synthetic_demo_v1
2024-01-21T16:00:00+05:30,PV_17,pv,0.0,0.0,0.2417121931156445,good,synthetic_demo_v1
2024-01-21T16:00:00+05:30,PV_24,pv,0.0,0.0,0.3146557823265912,good,synthetic_demo_v1
2024-01-21T16:00:00+05:30,PV_30,pv,0.0,0.0,0.19560622340022799,good,synthetic_demo_v1
2024-01-21T16:00:00+05:30,Battery_18,battery,0.0,0.0,0.0,good,synthetic_demo_v1
2024-01-21T17:00:00+05:30,Load_1,load,0.0293297665872605,0.00879892997617815,0.0,good,synthetic_demo_v1
2024-01-21T17:00:00+05:30,Load_2,load,0.06412645481197503,0.019237936443592507,0.0,good,synthetic_demo_v1
2024-01-21T17:00:00+05:30,Load_3,load,0.05091735155879606,0.015275205467638817,0.0,good,synthetic_demo_v1
2024-01-21T17:00:00+05:30,Load_4,load,0.042864869430892495,0.012859460829267748,0.0,good,synthetic_demo_v1
2024-01-21T17:00:00+05:30,Load_5,load,0.016132674599111736,0.0048398023797335205,0.0,good,synthetic_demo_v1
2024-01-21T17:00:00+05:30,Load_6,load,0.01613121792188689,0.0048393653765660665,0.0,good,synthetic_demo_v1
2024-01-21T17:00:00+05:30,Load_7,load,0.010218118343904185,0.003065435503171255,0.0,good,synthetic_demo_v1
2024-01-21T17:00:00+05:30,Load_8,load,0.05902097094580149,0.017706291283740447,0.0,good,synthetic_demo_v1
2024-01-21T17:00:00+05:30,Load_9,load,0.04301322564848216,0.012903967694544648,0.0,good,synthetic_demo_v1
2024-01-21T17:00:00+05:30,Load_10,load,0.04947267690394266,0.014841803071182796,0.0,good,synthetic_demo_v1
2024-01-21T17:00:00+05:30,Load_11,load,0.007953447101293276,0.002386034130387983,0.0,good,synthetic_demo_v1
2024-01-21T17:00:00+05:30,Load_12,load,0.06528572476064103,0.019585717428192307,0.0,good,synthetic_demo_v1
2024-01-21T17:00:00+05:30,Load_13,load,0.0569837150591907,0.01709511451775721,0.0,good,synthetic_demo_v1
2024-01-21T17:00:00+05:30,Load_14,load,0.019534017258623117,0.005860205177586935,0.0,good,synthetic_demo_v1
2024-01-21T17:00:00+05:30,Load_15,load,0.017691187156666448,0.005307356146999934,0.0,good,synthetic_demo_v1
2024-01-21T17:00:00+05:30,Load_16,load,0.017786579928832466,0.005335973978649739,0.0,good,synthetic_demo_v1
2024-01-21T17:00:00+05:30,Load_17,load,0.025084291307507976,0.007525287392252392,0.0,good,synthetic_demo_v1
2024-01-21T17:00:00+05:30,Load_18,load,0.03840172835693631,0.011520518507080893,0.0,good,synthetic_demo_v1
2024-01-21T17:00:00+05:30,Load_19,load,0.03279660082566891,0.009838980247700673,0.0,good,synthetic_demo_v1
2024-01-21T17:00:00+05:30,Load_20,load,0.024298395497868323,0.007289518649360497,0.0,good,synthetic_demo_v1
2024-01-21T17:00:00+05:30,Load_21,load,0.04366171489754125,0.013098514469262374,0.0,good,synthetic_demo_v1
2024-01-21T17:00:00+05:30,Load_22,load,0.01513469929448912,0.004540409788346736,0.0,good,synthetic_demo_v1
2024-01-21T17:00:00+05:30,Load_23,load,0.02435368547590537,0.0073061056427716105,0.0,good,synthetic_demo_v1
2024-01-21T17:00:00+05:30,Load_24,load,0.028835858823254686,0.008650757646976405,0.0,good,synthetic_demo_v1
2024-01-21T17:00:00+05:30,Load_25,load,0.03425357151901731,0.010276071455705194,0.0,good,synthetic_demo_v1
2024-01-21T17:00:00+05:30,Load_26,load,0.054129154854550235,0.01623874645636507,0.0,good,synthetic_demo_v1
2024-01-21T17:00:00+05:30,Load_27,load,0.018769124458347733,0.00563073733750432,0.0,good,synthetic_demo_v1
2024-01-21T17:00:00+05:30,Load_28,load,0.037766277263439785,0.011329883179031936,0.0,good,synthetic_demo_v1
2024-01-21T17:00:00+05:30,Load_29,load,0.042487782813853237,0.01274633484415597,0.0,good,synthetic_demo_v1
2024-01-21T17:00:00+05:30,Load_30,load,0.009515558557310051,0.002854667567193015,0.0,good,synthetic_demo_v1
2024-01-21T17:00:00+05:30,Load_31,load,0.043401540758999615,0.013020462227699885,0.0,good,synthetic_demo_v1
2024-01-21T17:00:00+05:30,Load_32,load,0.017008699226586464,0.005102609767975939,0.0,good,synthetic_demo_v1
2024-01-21T17:00:00+05:30,PV_5,pv,0.0,0.0,0.14361958911520714,good,synthetic_demo_v1
2024-01-21T17:00:00+05:30,PV_10,pv,0.0,0.0,0.19995679010626125,good,synthetic_demo_v1
2024-01-21T17:00:00+05:30,PV_17,pv,0.0,0.0,0.13777995559931125,good,synthetic_demo_v1
2024-01-21T17:00:00+05:30,PV_24,pv,0.0,0.0,0.21840045571969963,good,synthetic_demo_v1
2024-01-21T17:00:00+05:30,PV_30,pv,0.0,0.0,0.09173131086575832,good,synthetic_demo_v1
2024-01-21T17:00:00+05:30,Battery_18,battery,0.0,0.0,0.0,good,synthetic_demo_v1
2024-01-21T18:00:00+05:30,Load_1,load,0.044692836387113404,0.01340785091613402,0.0,good,synthetic_demo_v1
2024-01-21T18:00:00+05:30,Load_2,load,0.0977161936993415,0.029314858109802448,0.0,good,synthetic_demo_v1
2024-01-21T18:00:00+05:30,Load_3,load,0.07758809998409055,0.023276429995227166,0.0,good,synthetic_demo_v1
2024-01-21T18:00:00+05:30,Load_4,load,0.06531768981284602,0.019595306943853807,0.0,good,synthetic_demo_v1
2024-01-21T18:00:00+05:30,Load_5,load,0.02458304549405507,0.007374913648216521,0.0,good,synthetic_demo_v1
2024-01-21T18:00:00+05:30,Load_6,load,0.024580825802442956,0.007374247740732887,0.0,good,synthetic_demo_v1
2024-01-21T18:00:00+05:30,Load_7,load,0.015570416831296273,0.004671125049388882,0.0,good,synthetic_demo_v1
2024-01-21T18:00:00+05:30,Load_8,load,0.08993643335146843,0.02698093000544053,0.0,good,synthetic_demo_v1
2024-01-21T18:00:00+05:30,Load_9,load,0.06554375571555342,0.019663126714666024,0.0,good,synthetic_demo_v1
2024-01-21T18:00:00+05:30,Load_10,load,0.07538669794463423,0.02261600938339027,0.0,good,synthetic_demo_v1
2024-01-21T18:00:00+05:30,Load_11,load,0.012119500131516837,0.003635850039455051,0.0,good,synthetic_demo_v1
2024-01-21T18:00:00+05:30,Load_12,load,0.0994826947040488,0.02984480841121464,0.0,good,synthetic_demo_v1
2024-01-21T18:00:00+05:30,Load_13,load,0.08683205324165441,0.02604961597249632,0.0,good,synthetic_demo_v1
2024-01-21T18:00:00+05:30,Load_14,load,0.029766027449461423,0.008929808234838427,0.0,good,synthetic_demo_v1
2024-01-21T18:00:00+05:30,Load_15,load,0.02695791426550683,0.00808737427965205,0.0,good,synthetic_demo_v1
2024-01-21T18:00:00+05:30,Load_16,load,0.02710327422076747,0.008130982266230241,0.0,good,synthetic_demo_v1
2024-01-21T18:00:00+05:30,Load_17,load,0.038223561171471916,0.011467068351441574,0.0,good,synthetic_demo_v1
2024-01-21T18:00:00+05:30,Load_18,load,0.05851673443539785,0.017555020330619356,0.0,good,synthetic_demo_v1
2024-01-21T18:00:00+05:30,Load_19,load,0.04997561471872583,0.014992684415617748,0.0,good,synthetic_demo_v1
2024-01-21T18:00:00+05:30,Load_20,load,0.037026009437364386,0.011107802831209315,0.0,good,synthetic_demo_v1
2024-01-21T18:00:00+05:30,Load_21,load,0.0665319266858464,0.01995957800575392,0.0,good,synthetic_demo_v1
2024-01-21T18:00:00+05:30,Load_22,load,0.02306232602718923,0.0069186978081567695,0.0,good,synthetic_demo_v1
2024-01-21T18:00:00+05:30,Load_23,load,0.03711026056615892,0.011133078169847675,0.0,good,synthetic_demo_v1
2024-01-21T18:00:00+05:30,Load_24,load,0.043940217411392514,0.013182065223417755,0.0,good,synthetic_demo_v1
2024-01-21T18:00:00+05:30,Load_25,load,0.05219575351952088,0.015658726055856265,0.0,good,synthetic_demo_v1
2024-01-21T18:00:00+05:30,Load_26,load,0.08248226096480159,0.024744678289440474,0.0,good,synthetic_demo_v1
2024-01-21T18:00:00+05:30,Load_27,load,0.02860048019988879,0.008580144059966637,0.0,good,synthetic_demo_v1
2024-01-21T18:00:00+05:30,Load_28,load,0.05754843106792447,0.01726452932037734,0.0,good,synthetic_demo_v1
2024-01-21T18:00:00+05:30,Load_29,load,0.06474308345077476,0.019422925035232425,0.0,good,synthetic_demo_v1
2024-01-21T18:00:00+05:30,Load_30,load,0.014499852921385874,0.004349955876415762,0.0,good,synthetic_demo_v1
2024-01-21T18:00:00+05:30,Load_31,load,0.06613547210884169,0.019840641632652506,0.0,good,synthetic_demo_v1
2024-01-21T18:00:00+05:30,Load_32,load,0.025917935945035196,0.007775380783510559,0.0,good,synthetic_demo_v1
2024-01-21T18:00:00+05:30,PV_5,pv,0.0,0.0,0.09143274864102484,good,synthetic_demo_v1
2024-01-21T18:00:00+05:30,PV_10,pv,0.0,0.0,0.1400209933638751,good,synthetic_demo_v1
2024-01-21T18:00:00+05:30,PV_17,pv,0.0,0.0,0.11169301166461795,good,synthetic_demo_v1
2024-01-21T18:00:00+05:30,PV_24,pv,0.0,0.0,0.10499125023444848,good,synthetic_demo_v1
2024-01-21T18:00:00+05:30,PV_30,pv,0.0,0.0,0.06930427203407388,good,synthetic_demo_v1
2024-01-21T18:00:00+05:30,Battery_18,battery,0.0,0.0,0.0,good,synthetic_demo_v1
2024-01-21T19:00:00+05:30,Load_1,load,0.046007845317886015,0.013802353595365803,0.0,good,synthetic_demo_v1
2024-01-21T19:00:00+05:30,Load_2,load,0.1005913226413209,0.03017739679239627,0.0,good,synthetic_demo_v1
2024-01-21T19:00:00+05:30,Load_3,load,0.07987099479785931,0.023961298439357792,0.0,good,synthetic_demo_v1
2024-01-21T19:00:00+05:30,Load_4,load,0.06723954916178844,0.020171864748536533,0.0,good,synthetic_demo_v1
2024-01-21T19:00:00+05:30,Load_5,load,0.02530635882530725,0.0075919076475921745,0.0,good,synthetic_demo_v1
2024-01-21T19:00:00+05:30,Load_6,load,0.02530407382313243,0.0075912221469397285,0.0,good,synthetic_demo_v1
2024-01-21T19:00:00+05:30,Load_7,load,0.01602854924902106,0.004808564774706318,0.0,good,synthetic_demo_v1
2024-01-21T19:00:00+05:30,Load_8,load,0.09258265638449834,0.0277747969153495,0.0,good,synthetic_demo_v1
2024-01-21T19:00:00+05:30,Load_9,load,0.06747226666025556,0.02024167999807667,0.0,good,synthetic_demo_v1
2024-01-21T19:00:00+05:30,Load_10,load,0.07760482033454,0.023281446100361997,0.0,good,synthetic_demo_v1
2024-01-21T19:00:00+05:30,Load_11,load,0.012476095331056236,0.0037428285993168706,0.0,good,synthetic_demo_v1
2024-01-21T19:00:00+05:30,Load_12,load,0.10240979986381148,0.030722939959143443,0.0,good,synthetic_demo_v1
2024-01-21T19:00:00+05:30,Load_13,load,0.08938693529257345,0.026816080587772035,0.0,good,synthetic_demo_v1
2024-01-21T19:00:00+05:30,Load_14,load,0.030641841004694866,0.009192552301408459,0.0,good,synthetic_demo_v1
2024-01-21T19:00:00+05:30,Load_15,load,0.027751103977323048,0.008325331193196913,0.0,good,synthetic_demo_v1
2024-01-21T19:00:00+05:30,Load_16,load,0.02790074089629413,0.008370222268888238,0.0,good,synthetic_demo_v1
2024-01-21T19:00:00+05:30,Load_17,load,0.03934822293764507,0.01180446688129352,0.0,good,synthetic_demo_v1
2024-01-21T19:00:00+05:30,Load_18,load,0.06023848750820986,0.018071546252462958,0.0,good,synthetic_demo_v1
2024-01-21T19:00:00+05:30,Load_19,load,0.051446060208171746,0.015433818062451523,0.0,good,synthetic_demo_v1
2024-01-21T19:00:00+05:30,Load_20,load,0.03811543532788683,0.011434630598366049,0.0,good,synthetic_demo_v1
2024-01-21T19:00:00+05:30,Load_21,load,0.06848951284161392,0.020546853852484174,0.0,good,synthetic_demo_v1
2024-01-21T19:00:00+05:30,Load_22,load,0.02374089483467015,0.007122268450401045,0.0,good,synthetic_demo_v1
2024-01-21T19:00:00+05:30,Load_23,load,0.038202165399522064,0.011460649619856619,0.0,good,synthetic_demo_v1
2024-01-21T19:00:00+05:30,Load_24,load,0.04523308183860375,0.013569924551581125,0.0,good,synthetic_demo_v1
2024-01-21T19:00:00+05:30,Load_25,load,0.053731522729424205,0.01611945681882726,0.0,good,synthetic_demo_v1
2024-01-21T19:00:00+05:30,Load_26,load,0.08490915794801265,0.025472747384403794,0.0,good,synthetic_demo_v1
2024-01-21T19:00:00+05:30,Load_27,load,0.029441999555730864,0.008832599866719259,0.0,good,synthetic_demo_v1
2024-01-21T19:00:00+05:30,Load_28,load,0.05924169349930806,0.017772508049792416,0.0,good,synthetic_demo_v1
2024-01-21T19:00:00+05:30,Load_29,load,0.0666480360075132,0.019994410802253962,0.0,good,synthetic_demo_v1
2024-01-21T19:00:00+05:30,Load_30,load,0.014926485859187278,0.004477945757756183,0.0,good,synthetic_demo_v1
2024-01-21T19:00:00+05:30,Load_31,load,0.0680813932786394,0.020424417983591816,0.0,good,synthetic_demo_v1
2024-01-21T19:00:00+05:30,Load_32,load,0.026680526104668492,0.008004157831400547,0.0,good,synthetic_demo_v1
2024-01-21T19:00:00+05:30,PV_5,pv,0.0,0.0,0.039237821658996766,good,synthetic_demo_v1
2024-01-21T19:00:00+05:30,PV_10,pv,0.0,0.0,0.06456952235496591,good,synthetic_demo_v1
2024-01-21T19:00:00+05:30,PV_17,pv,0.0,0.0,0.05096847141843552,good,synthetic_demo_v1
2024-01-21T19:00:00+05:30,PV_24,pv,0.0,0.0,0.06440713938134598,good,synthetic_demo_v1
2024-01-21T19:00:00+05:30,PV_30,pv,0.0,0.0,0.03807111770260121,good,synthetic_demo_v1
2024-01-21T19:00:00+05:30,Battery_18,battery,0.0,0.0,0.0,good,synthetic_demo_v1
2024-01-21T20:00:00+05:30,Load_1,load,0.043986930644261325,0.013196079193278398,0.0,good,synthetic_demo_v1
2024-01-21T20:00:00+05:30,Load_2,load,0.09617280491764627,0.028851841475293877,0.0,good,synthetic_demo_v1
2024-01-21T20:00:00+05:30,Load_3,load,0.076362626512652,0.022908787953795598,0.0,good,synthetic_demo_v1
2024-01-21T20:00:00+05:30,Load_4,load,0.06428602263582137,0.01928580679074641,0.0,good,synthetic_demo_v1
2024-01-21T20:00:00+05:30,Load_5,load,0.024194765975594005,0.007258429792678201,0.0,good,synthetic_demo_v1
2024-01-21T20:00:00+05:30,Load_6,load,0.024192581343136402,0.00725777440294092,0.0,good,synthetic_demo_v1
2024-01-21T20:00:00+05:30,Load_7,load,0.015324488231808639,0.004597346469542592,0.0,good,synthetic_demo_v1
2024-01-21T20:00:00+05:30,Load_8,load,0.08851592281943292,0.026554776845829877,0.0,good,synthetic_demo_v1
2024-01-21T20:00:00+05:30,Load_9,load,0.0645085179166599,0.01935255537499797,0.0,good,synthetic_demo_v1
2024-01-21T20:00:00+05:30,Load_10,load,0.07419599475111044,0.02225879842533313,0.0,good,synthetic_demo_v1
2024-01-21T20:00:00+05:30,Load_11,load,0.011928077401725603,0.003578423220517681,0.0,good,synthetic_demo_v1
2024-01-21T20:00:00+05:30,Load_12,load,0.09791140473494232,0.029373421420482694,0.0,good,synthetic_demo_v1
2024-01-21T20:00:00+05:30,Load_13,load,0.0854605751704037,0.02563817255112111,0.0,good,synthetic_demo_v1
2024-01-21T20:00:00+05:30,Load_14,load,0.029295884772982603,0.00878876543189478,0.0,good,synthetic_demo_v1
2024-01-21T20:00:00+05:30,Load_15,load,0.02653212463044079,0.007959637389132237,0.0,good,synthetic_demo_v1
2024-01-21T20:00:00+05:30,Load_16,load,0.02667518868247635,0.008002556604742904,0.0,good,synthetic_demo_v1
2024-01-21T20:00:00+05:30,Load_17,load,0.037619835081914986,0.011285950524574496,0.0,good,synthetic_demo_v1
2024-01-21T20:00:00+05:30,Load_18,load,0.057592485669150206,0.01727774570074506,0.0,good,synthetic_demo_v1
2024-01-21T20:00:00+05:30,Load_19,load,0.04918626957341114,0.014755880872023341,0.0,good,synthetic_demo_v1
2024-01-21T20:00:00+05:30,Load_20,load,0.036441198205641644,0.010932359461692492,0.0,good,synthetic_demo_v1
2024-01-21T20:00:00+05:30,Load_21,load,0.06548108111579226,0.019644324334737676,0.0,good,synthetic_demo_v1
2024-01-21T20:00:00+05:30,Load_22,load,0.022698065673581107,0.006809419702074332,0.0,good,synthetic_demo_v1
2024-01-21T20:00:00+05:30,Load_23,load,0.03652411862104975,0.010957235586314925,0.0,good,synthetic_demo_v1
2024-01-21T20:00:00+05:30,Load_24,load,0.043246198988748506,0.012973859696624552,0.0,good,synthetic_demo_v1
2024-01-21T20:00:00+05:30,Load_25,load,0.05137134215652792,0.015411402646958377,0.0,good,synthetic_demo_v1
2024-01-21T20:00:00+05:30,Load_26,load,0.08117948614885222,0.024353845844655664,0.0,good,synthetic_demo_v1
2024-01-21T20:00:00+05:30,Load_27,load,0.028148746883019913,0.008444624064905974,0.0,good,synthetic_demo_v1
2024-01-21T20:00:00+05:30,Load_28,load,0.05663947627187827,0.016991842881563482,0.0,good,synthetic_demo_v1
2024-01-21T20:00:00+05:30,Load_29,load,0.06372049195485817,0.01911614758645745,0.0,good,synthetic_demo_v1
2024-01-21T20:00:00+05:30,Load_30,load,0.01427083345707933,0.004281250037123798,0.0,good,synthetic_demo_v1
2024-01-21T20:00:00+05:30,Load_31,load,0.06509088838263795,0.019527266514791385,0.0,good,synthetic_demo_v1
2024-01-21T20:00:00+05:30,Load_32,load,0.025508572357815028,0.007652571707344508,0.0,good,synthetic_demo_v1
2024-01-21T20:00:00+05:30,PV_5,pv,0.0,0.0,0.0,good,synthetic_demo_v1
2024-01-21T20:00:00+05:30,PV_10,pv,0.0,0.0,0.0,good,synthetic_demo_v1
2024-01-21T20:00:00+05:30,PV_17,pv,0.0,0.0,0.0,good,synthetic_demo_v1
2024-01-21T20:00:00+05:30,PV_24,pv,0.0,0.0,0.0,good,synthetic_demo_v1
2024-01-21T20:00:00+05:30,PV_30,pv,0.0,0.0,0.0,good,synthetic_demo_v1
2024-01-21T20:00:00+05:30,Battery_18,battery,0.0,0.0,0.0,good,synthetic_demo_v1
2024-01-21T21:00:00+05:30,Load_1,load,0.046526660649039146,0.013957998194711744,0.0,good,synthetic_demo_v1
2024-01-21T21:00:00+05:30,Load_2,load,0.10172565788364098,0.030517697365092293,0.0,good,synthetic_demo_v1
2024-01-21T21:00:00+05:30,Load_3,load,0.08077167372183995,0.024231502116551985,0.0,good,synthetic_demo_v1
2024-01-21T21:00:00+05:30,Load_4,load,0.06799778743015175,0.020399336229045526,0.0,good,synthetic_demo_v1
2024-01-21T21:00:00+05:30,Load_5,load,0.025591730305834455,0.007677519091750336,0.0,good,synthetic_demo_v1
2024-01-21T21:00:00+05:30,Load_6,load,0.02558941953644207,0.00767682586093262,0.0,good,synthetic_demo_v1
2024-01-21T21:00:00+05:30,Load_7,load,0.016209297924145438,0.0048627893772436315,0.0,good,synthetic_demo_v1
2024-01-21T21:00:00+05:30,Load_8,load,0.093626680532973,0.0280880041598919,0.0,good,synthetic_demo_v1
2024-01-21T21:00:00+05:30,Load_9,load,0.06823312920726522,0.020469938762179566,0.0,good,synthetic_demo_v1
2024-01-21T21:00:00+05:30,Load_10,load,0.07847994435486205,0.023543983306458616,0.0,good,synthetic_demo_v1
2024-01-21T21:00:00+05:30,Load_11,load,0.012616784152407398,0.0037850352457222194,0.0,good,synthetic_demo_v1
2024-01-21T21:00:00+05:30,Load_12,load,0.1035646414753358,0.03106939244260074,0.0,good,synthetic_demo_v1
2024-01-21T21:00:00+05:30,Load_13,load,0.09039492234595871,0.02711847670378761,0.0,good,synthetic_demo_v1
2024-01-21T21:00:00+05:30,Load_14,load,0.030987378961931305,0.00929621368857939,0.0,good,synthetic_demo_v1
2024-01-21T21:00:00+05:30,Load_15,load,0.028064044044400317,0.008419213213320094,0.0,good,synthetic_demo_v1
2024-01-21T21:00:00+05:30,Load_16,load,0.028215368369663353,0.008464610510899006,0.0,good,synthetic_demo_v1
2024-01-21T21:00:00+05:30,Load_17,load,0.03979193989879876,0.011937581969639628,0.0,good,synthetic_demo_v1
2024-01-21T21:00:00+05:30,Load_18,load,0.06091777710825088,0.018275333132475265,0.0,good,synthetic_demo_v1
2024-01-21T21:00:00+05:30,Load_19,load,0.05202620049900711,0.015607860149702132,0.0,good,synthetic_demo_v1
2024-01-21T21:00:00+05:30,Load_20,load,0.038545250548857324,0.011563575164657197,0.0,good,synthetic_demo_v1
2024-01-21T21:00:00+05:30,Load_21,load,0.06926184653905018,0.020778553961715053,0.0,good,synthetic_demo_v1
2024-01-21T21:00:00+05:30,Load_22,load,0.024008613092945826,0.0072025839278837475,0.0,good,synthetic_demo_v1
2024-01-21T21:00:00+05:30,Load_23,load,0.038632958646968814,0.011589887594090643,0.0,good,synthetic_demo_v1
2024-01-21T21:00:00+05:30,Load_24,load,0.04574316041696414,0.013722948125089241,0.0,good,synthetic_demo_v1
2024-01-21T21:00:00+05:30,Load_25,load,0.054337435429000054,0.016301230628700016,0.0,good,synthetic_demo_v1
2024-01-21T21:00:00+05:30,Load_26,load,0.08586665057985311,0.025759995173955934,0.0,good,synthetic_demo_v1
2024-01-21T21:00:00+05:30,Load_27,load,0.029774007295797288,0.008932202188739186,0.0,good,synthetic_demo_v1
2024-01-21T21:00:00+05:30,Load_28,load,0.05990974258134075,0.017972922774402225,0.0,good,synthetic_demo_v1
2024-01-21T21:00:00+05:30,Load_29,load,0.06739960397669391,0.02021988119300817,0.0,good,synthetic_demo_v1
2024-01-21T21:00:00+05:30,Load_30,load,0.015094806928137148,0.004528442078441144,0.0,good,synthetic_demo_v1
2024-01-21T21:00:00+05:30,Load_31,load,0.06884912474607006,0.02065473742382102,0.0,good,synthetic_demo_v1
2024-01-21T21:00:00+05:30,Load_32,load,0.026981393617387068,0.00809441808521612,0.0,good,synthetic_demo_v1
2024-01-21T21:00:00+05:30,PV_5,pv,0.0,0.0,0.0,good,synthetic_demo_v1
2024-01-21T21:00:00+05:30,PV_10,pv,0.0,0.0,0.0,good,synthetic_demo_v1
2024-01-21T21:00:00+05:30,PV_17,pv,0.0,0.0,0.0,good,synthetic_demo_v1
2024-01-21T21:00:00+05:30,PV_24,pv,0.0,0.0,0.0,good,synthetic_demo_v1
2024-01-21T21:00:00+05:30,PV_30,pv,0.0,0.0,0.0,good,synthetic_demo_v1
2024-01-21T21:00:00+05:30,Battery_18,battery,0.0,0.0,0.0,good,synthetic_demo_v1
2024-01-21T22:00:00+05:30,Load_1,load,0.04453639244604901,0.013360917733814703,0.0,good,synthetic_demo_v1
2024-01-21T22:00:00+05:30,Load_2,load,0.09737414544991456,0.029212243634974367,0.0,good,synthetic_demo_v1
2024-01-21T22:00:00+05:30,Load_3,load,0.07731650862577816,0.023194952587733447,0.0,good,synthetic_demo_v1
2024-01-21T22:00:00+05:30,Load_4,load,0.06508905011034351,0.01952671503310305,0.0,good,synthetic_demo_v1
2024-01-21T22:00:00+05:30,Load_5,load,0.024496994376440966,0.0073490983129322895,0.0,good,synthetic_demo_v1
2024-01-21T22:00:00+05:30,Load_6,load,0.024494782454693824,0.007348434736408147,0.0,good,synthetic_demo_v1
2024-01-21T22:00:00+05:30,Load_7,load,0.015515913748251722,0.004654774124475516,0.0,good,synthetic_demo_v1
2024-01-21T22:00:00+05:30,Load_8,load,0.08962161757300878,0.026886485271902634,0.0,good,synthetic_demo_v1
2024-01-21T22:00:00+05:30,Load_9,load,0.06531432468621602,0.019594297405864807,0.0,good,synthetic_demo_v1
2024-01-21T22:00:00+05:30,Load_10,load,0.0751228124300042,0.02253684372900126,0.0,good,synthetic_demo_v1
2024-01-21T22:00:00+05:30,Load_11,load,0.012077076725047795,0.0036231230175143383,0.0,good,synthetic_demo_v1
2024-01-21T22:00:00+05:30,Load_12,load,0.09913446294958143,0.02974033888487443,0.0,good,synthetic_demo_v1
2024-01-21T22:00:00+05:30,Load_13,load,0.08652810411427804,0.025958431234283413,0.0,good,synthetic_demo_v1
2024-01-21T22:00:00+05:30,Load_14,load,0.0296618336900032,0.00889855010700096,0.0,good,synthetic_demo_v1
2024-01-21T22:00:00+05:30,Load_15,load,0.02686355009685031,0.008059065029055092,0.0,good,synthetic_demo_v1
2024-01-21T22:00:00+05:30,Load_16,load,0.027008401230426932,0.008102520369128079,0.0,good,synthetic_demo_v1
2024-01-21T22:00:00+05:30,Load_17,load,0.038089762445891254,0.011426928733767376,0.0,good,synthetic_demo_v1
2024-01-21T22:00:00+05:30,Load_18,load,0.058311900970052344,0.0174935702910157,0.0,good,synthetic_demo_v1
2024-01-21T22:00:00+05:30,Load_19,load,0.049800678806044135,0.01494020364181324,0.0,good,synthetic_demo_v1
2024-01-21T22:00:00+05:30,Load_20,load,0.0368964026523285,0.01106892079569855,0.0,good,synthetic_demo_v1
2024-01-21T22:00:00+05:30,Load_21,load,0.06629903663771461,0.019889710991314383,0.0,good,synthetic_demo_v1
2024-01-21T22:00:00+05:30,Load_22,load,0.02298159807467007,0.0068944794224010215,0.0,good,synthetic_demo_v1
2024-01-21T22:00:00+05:30,Load_23,load,0.03698035886632923,0.011094107659898768,0.0,good,synthetic_demo_v1
2024-01-21T22:00:00+05:30,Load_24,load,0.04378640795693044,0.01313592238707913,0.0,good,synthetic_demo_v1
2024-01-21T22:00:00+05:30,Load_25,load,0.052013046176520965,0.01560391385295629,0.0,good,synthetic_demo_v1
2024-01-21T22:00:00+05:30,Load_26,load,0.08219353796092986,0.024658061388278956,0.0,good,synthetic_demo_v1
2024-01-21T22:00:00+05:30,Load_27,load,0.028500366351663777,0.008550109905499132,0.0,good,synthetic_demo_v1
2024-01-21T22:00:00+05:30,Load_28,load,0.0573469870763112,0.01720409612289336,0.0,good,synthetic_demo_v1
2024-01-21T22:00:00+05:30,Load_29,load,0.06451645511499474,0.01935493653449842,0.0,good,synthetic_demo_v1
2024-01-21T22:00:00+05:30,Load_30,load,0.01444909726747688,0.004334729180243064,0.0,good,synthetic_demo_v1
2024-01-21T22:00:00+05:30,Load_31,load,0.0659039698203934,0.019771190946118018,0.0,good,synthetic_demo_v1
2024-01-21T22:00:00+05:30,Load_32,load,0.02582721214293914,0.0077481636428817415,0.0,good,synthetic_demo_v1
2024-01-21T22:00:00+05:30,PV_5,pv,0.0,0.0,0.0,good,synthetic_demo_v1
2024-01-21T22:00:00+05:30,PV_10,pv,0.0,0.0,0.0,good,synthetic_demo_v1
2024-01-21T22:00:00+05:30,PV_17,pv,0.0,0.0,0.0,good,synthetic_demo_v1
2024-01-21T22:00:00+05:30,PV_24,pv,0.0,0.0,0.0,good,synthetic_demo_v1
2024-01-21T22:00:00+05:30,PV_30,pv,0.0,0.0,0.0,good,synthetic_demo_v1
2024-01-21T22:00:00+05:30,Battery_18,battery,0.0,0.0,0.0,good,synthetic_demo_v1
2024-01-21T23:00:00+05:30,Load_1,load,0.029930694164959463,0.008979208249487839,0.0,good,synthetic_demo_v1
2024-01-21T23:00:00+05:30,Load_2,load,0.06544031985900614,0.01963209595770184,0.0,good,synthetic_demo_v1
2024-01-21T23:00:00+05:30,Load_3,load,0.05196057979738573,0.015588173939215718,0.0,good,synthetic_demo_v1
2024-01-21T23:00:00+05:30,Load_4,load,0.04374311311138182,0.013122933933414545,0.0,good,synthetic_demo_v1
2024-01-21T23:00:00+05:30,Load_5,load,0.016463211463079167,0.00493896343892375,0.0,good,synthetic_demo_v1
2024-01-21T23:00:00+05:30,Load_6,load,0.016461724940491806,0.004938517482147541,0.0,good,synthetic_demo_v1
2024-01-21T23:00:00+05:30,Load_7,load,0.010427473883327768,0.0031282421649983304,0.0,good,synthetic_demo_v1
2024-01-21T23:00:00+05:30,Load_8,load,0.060230231476340684,0.018069069442902205,0.0,good,synthetic_demo_v1
2024-01-21T23:00:00+05:30,Load_9,load,0.04389450894888143,0.013168352684664429,0.0,good,synthetic_demo_v1
2024-01-21T23:00:00+05:30,Load_10,load,0.05048630569657965,0.015145891708973895,0.0,good,synthetic_demo_v1
2024-01-21T23:00:00+05:30,Load_11,load,0.008116402564532898,0.0024349207693598694,0.0,good,synthetic_demo_v1
2024-01-21T23:00:00+05:30,Load_12,load,0.06662334169400502,0.019987002508201505,0.0,good,synthetic_demo_v1
2024-01-21T23:00:00+05:30,Load_13,load,0.05815123494916081,0.017445370484748243,0.0,good,synthetic_demo_v1
2024-01-21T23:00:00+05:30,Load_14,load,0.01993424307150268,0.005980272921450804,0.0,good,synthetic_demo_v1
2024-01-21T23:00:00+05:30,Load_15,load,0.01805365585252345,0.005416096755757035,0.0,good,synthetic_demo_v1
2024-01-21T23:00:00+05:30,Load_16,load,0.01815100309464194,0.005445300928392582,0.0,good,synthetic_demo_v1
2024-01-21T23:00:00+05:30,Load_17,load,0.02559823479113131,0.007679470437339393,0.0,good,synthetic_demo_v1
2024-01-21T23:00:00+05:30,Load_18,load,0.03918852826317937,0.01175655847895381,0.0,good,synthetic_demo_v1
2024-01-21T23:00:00+05:30,Load_19,load,0.033468559186888514,0.010040567756066553,0.0,good,synthetic_demo_v1
2024-01-21T23:00:00+05:30,Load_20,load,0.02479623703046503,0.007438871109139508,0.0,good,synthetic_demo_v1
2024-01-21T23:00:00+05:30,Load_21,load,0.044556284872842675,0.013366885461852803,0.0,good,synthetic_demo_v1
2024-01-21T23:00:00+05:30,Load_22,load,0.015444788983037475,0.004633436694911243,0.0,good,synthetic_demo_v1
2024-01-21T23:00:00+05:30,Load_23,load,0.024852659825992253,0.0074557979477976755,0.0,good,synthetic_demo_v1
2024-01-21T23:00:00+05:30,Load_24,load,0.029426666893341898,0.00882800006800257,0.0,good,synthetic_demo_v1
2024-01-21T23:00:00+05:30,Load_25,load,0.034955381255525816,0.010486614376657745,0.0,good,synthetic_demo_v1
2024-01-21T23:00:00+05:30,Load_26,load,0.055238188634715586,0.016571456590414674,0.0,good,synthetic_demo_v1
2024-01-21T23:00:00+05:30,Load_27,load,0.019153678643691448,0.0057461035931074345,0.0,good,synthetic_demo_v1
2024-01-21T23:00:00+05:30,Load_28,load,0.03854005762910024,0.011562017288730072,0.0,good,synthetic_demo_v1
2024-01-21T23:00:00+05:30,Load_29,load,0.04335830049534131,0.013007490148602393,0.0,good,synthetic_demo_v1
2024-01-21T23:00:00+05:30,Load_30,load,0.009710519589041572,0.0029131558767124715,0.0,good,synthetic_demo_v1
2024-01-21T23:00:00+05:30,Load_31,load,0.04429078011517087,0.01328723403455126,0.0,good,synthetic_demo_v1
2024-01-21T23:00:00+05:30,Load_32,load,0.01735718466016923,0.005207155398050768,0.0,good,synthetic_demo_v1
2024-01-21T23:00:00+05:30,PV_5,pv,0.0,0.0,0.0,good,synthetic_demo_v1
2024-01-21T23:00:00+05:30,PV_10,pv,0.0,0.0,0.0,good,synthetic_demo_v1
2024-01-21T23:00:00+05:30,PV_17,pv,0.0,0.0,0.0,good,synthetic_demo_v1
2024-01-21T23:00:00+05:30,PV_24,pv,0.0,0.0,0.0,good,synthetic_demo_v1
2024-01-21T23:00:00+05:30,PV_30,pv,0.0,0.0,0.0,good,synthetic_demo_v1
2024-01-21T23:00:00+05:30,Battery_18,battery,0.0,0.0,0.0,good,synthetic_demo_v1
